#VRML V2.0 utf8
# 3D model generated by easyeda2kicad.py (https://github.com/uPesy/easyeda2kicad.py)

Shape{
    appearance Appearance {
        material  Material 	{
            diffuseColor 0.7529411764705882 0.7529411764705882 0.7529411764705882
            specularColor 0.3764705882352941 0.3764705882352941 0.3764705882352941
            ambientIntensity 0.7529
            transparency 0.0
            shininess 0.5
        }
    }
    geometry IndexedFaceSet {
        ccw TRUE
        solid FALSE
        coord DEF co Coordinate {
            point [
                -0.8264 -0.8429 0.0, -0.8331 -0.8387 0.0, -0.8465 -0.811 0.0, -0.8387 -0.8331 0.0, -0.8456 -0.8189 0.0, -0.8429 -0.8264 0.0, -0.1362 -0.0013 0.0, -0.1287 -0.0023 0.0, -0.2511 -0.8465 0.0, -0.1237 -0.0025 0.0, -0.1127 -0.0013 0.0, 0.811 -0.8465 0.0, 0.8465 -0.0013 0.0, 0.8465 -0.811 0.0, 0.8264 -0.8429 0.0, 0.8429 -0.8264 0.0, 0.8331 -0.8387 0.0, 0.8387 -0.8331 0.0, 0.8456 -0.8189 0.0, 0.8189 -0.8456 0.0, -0.2423 0.0883 0.0, -0.1956 0.0883 0.0, -0.1956 0.058 0.0, -0.2423 0.058 0.0, -0.2423 0.048 0.0, -0.2511 -0.0013 0.0, -0.2423 0.0984 0.0, -0.2511 0.8465 0.0, -0.1868 0.0984 0.0, -0.0831 0.0834 0.0, -0.0933 0.0923 0.0, -0.0797 0.0537 0.0, -0.0795 0.0491 0.0, -0.1231 0.0909 0.0, -0.0966 0.0038 0.0, -0.0871 0.0106 0.0, -0.0593 0.0 0.0, -0.0831 0.0147 0.0, -0.0593 0.0101 0.0, -0.0818 0.0633 0.0, -0.1588 0.024 0.0, -0.1666 0.0181 0.0, -0.1666 0.0804 0.0, -0.1956 0.048 0.0, -0.1956 0.0101 0.0, -0.2423 0.0101 0.0, -0.2423 0.0 0.0, -0.1868 0.0 0.0, -0.0892 0.0224 0.0, -0.0963 0.0159 0.0, -0.1579 0.009 0.0, -0.1477 0.0026 0.0, 0.8264 0.8429 0.0, 0.8331 0.8387 0.0, -0.0126 0.0 0.0, 0.8387 0.8331 0.0, -0.076 0.0255 0.0, -0.072 0.0368 0.0, -0.0215 0.0101 0.0, -0.0707 0.0498 0.0, -0.0215 0.0984 0.0, -0.0723 0.0632 0.0, -0.0763 0.0737 0.0, -0.0126 0.0984 0.0, 0.811 0.8465 0.0, 0.8189 0.8456 0.0, -0.1588 0.0745 0.0, -0.1509 0.0821 0.0, -0.1534 0.0185 0.0, -0.1417 0.0873 0.0, -0.1447 0.0125 0.0, -0.1352 0.0089 0.0, -0.1114 0.0894 0.0, -0.1014 0.0855 0.0, -0.0808 0.0383 0.0, -0.0839 0.0301 0.0, -0.1374 0.0888 0.0, -0.1265 0.0907 0.0, -0.1159 0.0081 0.0, -0.1059 0.0107 0.0, -0.1365 -0.0012 0.0, -0.8465 -0.0013 0.0, -0.811 -0.8465 0.0, -0.8189 -0.8456 0.0, -0.1037 0.0976 0.0, -0.1158 0.1005 0.0, -0.1236 0.1009 0.0, -0.1379 0.0993 0.0, -0.1469 0.0962 0.0, -0.1576 0.0897 0.0, -0.1637 0.084 0.0, -0.1237 0.0076 0.0, -0.0923 0.0792 0.0, -0.0862 0.072 0.0, 0.8429 0.8264 0.0, 0.8456 0.8189 0.0, 0.8465 0.811 0.0, -0.1084 -0.0008 0.0, -0.363 0.0 0.0, -0.3533 0.0 0.0, -0.4371 0.0 0.0, -0.4225 0.0315 0.0, -0.3779 0.0315 0.0, -0.3355 0.0238 0.0, -0.3288 0.0137 0.0, -0.3214 0.0072 0.0, -0.314 0.0034 0.0, -0.2956 0.0978 0.0, -0.311 0.0949 0.0, -0.302 0.0006 0.0, -0.2904 0.0 0.0, -0.4467 0.0 0.0, -0.4013 0.0984 0.0, -0.8465 0.811 0.0, -0.8456 0.8189 0.0, -0.2599 0.0 0.0, -0.2599 0.0984 0.0, -0.2798 0.0984 0.0, -0.321 0.0898 0.0, -0.4 0.0984 0.0, -0.811 0.8465 0.0, -0.3282 0.0836 0.0, -0.3345 0.0747 0.0, -0.3386 0.0644 0.0, -0.8429 0.8264 0.0, -0.8387 0.8331 0.0, -0.8331 0.8387 0.0, -0.3406 0.0525 0.0, -0.3407 0.048 0.0, -0.3393 0.0348 0.0, -0.8264 0.8429 0.0, -0.8189 0.8456 0.0
            ]
        }
        coordIndex [
            0,1,2,-1,2,1,3,-1,2,3,4,-1,4,3,5,-1,6,7,8,-1,7,9,8,-1,8,9,10,-1,8,10,11,-1,11,10,12,-1,11,12,13,-1,14,15,16,-1,16,15,17,-1,13,18,11,-1,11,18,15,-1,11,15,19,-1,19,15,14,-1,20,21,22,-1,23,24,25,-1,22,23,20,-1,20,23,25,-1,20,25,26,-1,26,25,27,-1,26,27,28,-1,29,30,27,-1,31,32,33,-1,34,35,36,-1,36,35,37,-1,36,37,38,-1,31,33,39,-1,40,41,42,-1,43,44,24,-1,24,44,45,-1,24,45,25,-1,25,45,46,-1,25,46,47,-1,33,48,49,-1,42,41,47,-1,47,41,50,-1,47,50,51,-1,52,53,54,-1,54,53,55,-1,37,56,38,-1,38,56,57,-1,38,57,58,-1,58,57,59,-1,58,59,60,-1,60,59,61,-1,60,61,62,-1,62,29,60,-1,60,29,27,-1,60,27,63,-1,63,27,64,-1,63,64,54,-1,54,64,65,-1,54,65,52,-1,42,66,40,-1,40,66,67,-1,40,67,68,-1,68,67,69,-1,68,69,70,-1,70,69,71,-1,33,72,73,-1,32,74,33,-1,33,74,75,-1,33,75,48,-1,76,77,78,-1,78,77,33,-1,78,33,79,-1,79,33,49,-1,51,80,47,-1,47,80,6,-1,47,6,25,-1,25,6,8,-1,25,8,81,-1,81,8,82,-1,81,82,2,-1,2,82,83,-1,2,83,0,-1,30,84,27,-1,27,84,85,-1,27,85,86,-1,86,87,27,-1,27,87,88,-1,27,88,89,-1,47,28,42,-1,42,28,27,-1,42,27,90,-1,90,27,89,-1,76,78,69,-1,69,78,91,-1,69,91,71,-1,73,92,33,-1,33,92,93,-1,33,93,39,-1,55,94,54,-1,54,94,95,-1,54,95,96,-1,96,12,54,-1,54,12,10,-1,54,10,36,-1,36,10,97,-1,36,97,34,-1,98,99,25,-1,100,101,102,-1,103,104,99,-1,99,104,105,-1,99,105,106,-1,107,108,27,-1,106,109,99,-1,99,109,110,-1,99,110,25,-1,102,98,100,-1,100,98,25,-1,100,25,111,-1,111,25,81,-1,111,81,112,-1,112,81,113,-1,112,113,114,-1,110,115,25,-1,25,115,116,-1,25,116,27,-1,27,116,117,-1,27,117,107,-1,108,118,27,-1,27,118,119,-1,27,119,120,-1,120,119,112,-1,118,121,119,-1,119,121,122,-1,119,122,123,-1,114,124,112,-1,112,124,125,-1,112,125,126,-1,123,127,119,-1,119,127,128,-1,119,128,99,-1,99,128,129,-1,99,129,103,-1,126,130,112,-1,112,130,131,-1,112,131,120,-1,
        ]
    }
}
Shape{
    appearance Appearance {
        material  Material 	{
            diffuseColor 0.14901960784313725 0.14901960784313725 0.14901960784313725
            specularColor 0.07450980392156863 0.07450980392156863 0.07450980392156863
            ambientIntensity 0.149
            transparency 0.0
            shininess 0.5
        }
    }
    geometry IndexedFaceSet {
        ccw TRUE
        solid FALSE
        coord DEF co Coordinate {
            point [
                -1.063 0.9055 0.0079, -1.1811 0.9055 0.0079, -1.1811 1.1811 0.0079, 1.0284 0.4055 0.0079, 1.0276 0.3976 0.0079, 1.0353 0.5252 0.0079, 1.0311 -0.728 0.0079, 1.0353 -0.8401 0.0079, 1.0284 -0.7205 0.0079, 1.0311 -0.8468 0.0079, 1.0284 -0.8543 0.0079, 1.0276 -0.5551 0.0079, 1.0284 -0.563 0.0079, 0.8387 -0.8331 0.0079, 1.0353 -0.7347 0.0079, 1.0409 -0.7403 0.0079, 1.0476 -0.7445 0.0079, -0.4253 -1.0409 0.0079, -1.0284 -0.878 0.0079, -0.4197 -1.0353 0.0079, -0.413 -1.0311 0.0079, 1.0276 -0.5472 0.0079, 0.9055 -1.063 0.0079, 0.9046 -1.0551 0.0079, 1.0476 -0.902 0.0079, 0.7403 1.0409 0.0079, 1.0353 0.8922 0.0079, 0.7347 1.0353 0.0079, 0.728 1.0311 0.0079, 0.8264 0.8429 0.0079, 0.5772 1.0353 0.0079, 0.5828 1.0409 0.0079, -1.0551 0.9046 0.0079, -0.9055 1.1811 0.0079, -0.9055 1.063 0.0079, 0.8465 -0.811 0.0079, 1.0353 0.3677 0.0079, 1.0284 0.248 0.0079, 1.0311 0.2169 0.0079, 1.0353 0.1048 0.0079, 1.0284 0.2244 0.0079, 1.0311 0.0981 0.0079, 1.0276 -0.0827 0.0079, 1.0284 -0.0906 0.0079, 0.8456 -0.8189 0.0079, 1.0311 -0.0981 0.0079, 1.0353 -0.1048 0.0079, 1.0284 -0.3819 0.0079, 1.0276 -0.3898 0.0079, 1.0276 -0.3976 0.0079, 1.0284 -0.4055 0.0079, 0.8429 -0.8264 0.0079, 1.0311 -0.413 0.0079, 1.0353 -0.4197 0.0079, -0.3578 -1.0476 0.0079, -0.3621 -1.0409 0.0079, -0.2747 -1.0551 0.0079, -0.2721 -1.0476 0.0079, -0.5127 -1.0551 0.0079, -0.4296 -1.0476 0.0079, 0.9055 -1.1811 0.0079, 1.0551 -0.9046 0.0079, 1.1811 -1.1811 0.0079, 1.063 -0.9055 0.0079, 1.1811 -0.9055 0.0079, 0.7047 1.0276 0.0079, 0.6968 1.0284 0.0079, 0.6894 1.0311 0.0079, 0.8303 1.0476 0.0079, 0.8345 1.0409 0.0079, 0.2622 1.0353 0.0079, 0.2679 1.0409 0.0079, 0.811 0.8465 0.0079, 0.5127 1.0551 0.0079, 0.4253 1.0409 0.0079, 0.4296 1.0476 0.0079, 1.0284 0.7205 0.0079, 0.8465 0.811 0.0079, 1.0311 0.728 0.0079, 1.0353 0.7347 0.0079, 1.0409 0.677 0.0079, 1.0476 0.6728 0.0079, 1.0353 0.5772 0.0079, 1.0276 0.3898 0.0079, 1.0284 0.3819 0.0079, 1.0311 0.3744 0.0079, 1.0409 0.5195 0.0079, 1.0476 0.5153 0.0079, 1.0353 0.4197 0.0079, -0.6728 1.0476 0.0079, -0.5897 1.0551 0.0079, -0.677 1.0409 0.0079, -0.587 1.0476 0.0079, -0.5828 1.0409 0.0079, -0.5772 1.0353 0.0079, -0.5705 1.0311 0.0079, -0.563 1.0284 0.0079, -0.5551 1.0276 0.0079, -0.6826 1.0353 0.0079, 1.0276 0.2323 0.0079, 1.0276 0.2402 0.0079, 1.0284 0.0906 0.0079, 1.0276 0.0827 0.0079, 1.0276 0.0748 0.0079, 1.0284 0.0669 0.0079, 1.0353 0.0527 0.0079, 1.0353 -0.0527 0.0079, 1.0311 0.0594 0.0079, -0.5153 -1.0476 0.0079, -0.5195 -1.0409 0.0079, -0.5252 -1.0353 0.0079, -0.7347 -1.0353 0.0079, -0.7403 -1.0409 0.0079, -1.0276 -0.0748 0.0079, -1.0284 -0.0669 0.0079, -0.8465 0.811 0.0079, -1.0311 -0.0594 0.0079, -1.0353 -0.0527 0.0079, 1.0353 -0.8922 0.0079, 0.7445 -1.0476 0.0079, 1.0311 -0.8855 0.0079, 0.7403 -1.0409 0.0079, 1.0284 -0.878 0.0079, 0.7347 -1.0353 0.0079, 0.6728 -1.0476 0.0079, 0.5897 -1.0551 0.0079, 0.677 -1.0409 0.0079, 0.587 -1.0476 0.0079, 0.5828 -1.0409 0.0079, 0.5772 -1.0353 0.0079, 0.5705 -1.0311 0.0079, 0.563 -1.0284 0.0079, 0.5551 -1.0276 0.0079, 0.6826 -1.0353 0.0079, 0.7126 1.0276 0.0079, 0.7205 1.0284 0.0079, -0.2622 1.0353 0.0079, -0.2555 1.0311 0.0079, -1.0551 0.8277 0.0079, 0.8189 0.8456 0.0079, 1.0284 0.8543 0.0079, 1.0311 0.8468 0.0079, 1.0353 0.8401 0.0079, 1.0409 0.8345 0.0079, 1.0476 0.8303 0.0079, 1.0276 0.7126 0.0079, 1.0276 0.7047 0.0079, 1.0284 0.6968 0.0079, 1.0353 0.6826 0.0079, 1.0311 0.5705 0.0079, 1.0284 0.563 0.0079, 1.0311 0.413 0.0079, -0.5153 1.0476 0.0079, -0.4322 1.0551 0.0079, -0.5195 1.0409 0.0079, -0.4296 1.0476 0.0079, -0.4253 1.0409 0.0079, -0.4197 1.0353 0.0079, -0.413 1.0311 0.0079, -0.4055 1.0284 0.0079, -0.3976 1.0276 0.0079, -0.5252 1.0353 0.0079, 1.0353 0.2102 0.0079, 1.0409 0.2046 0.0079, 1.0409 0.1104 0.0079, 1.0476 0.1146 0.0079, 1.0551 -0.0403 0.0079, 1.0476 -0.0429 0.0079, 1.0476 0.0429 0.0079, 1.0311 -0.0594 0.0079, 1.0284 -0.0669 0.0079, 1.0276 -0.0748 0.0079, 1.0476 -0.1146 0.0079, 1.0353 -0.2102 0.0079, 1.0409 -0.1104 0.0079, -0.3677 -1.0353 0.0079, -0.3744 -1.0311 0.0079, -0.3819 -1.0284 0.0079, -0.5551 -1.0276 0.0079, -0.563 -1.0284 0.0079, -0.5705 -1.0311 0.0079, -0.5772 -1.0353 0.0079, -0.5828 -1.0409 0.0079, -0.6702 -1.0551 0.0079, -0.587 -1.0476 0.0079, -0.1048 -1.0353 0.0079, -0.1104 -1.0409 0.0079, -0.8189 -0.8456 0.0079, -1.0353 -0.3677 0.0079, -1.0311 -0.3744 0.0079, -1.0284 -0.3819 0.0079, -1.0353 -0.2622 0.0079, -1.0311 -0.2555 0.0079, -1.0409 -0.3621 0.0079, -1.0276 -0.2323 0.0079, -1.0284 -0.2244 0.0079, -1.0311 -0.2169 0.0079, -1.0353 -0.2102 0.0079, -1.0353 -0.1048 0.0079, -1.0311 -0.0981 0.0079, -1.0409 -0.2046 0.0079, -1.0476 -0.0429 0.0079, -1.0551 -0.0403 0.0079, -1.0311 0.0594 0.0079, -1.0276 0.0827 0.0079, -1.0284 0.0906 0.0079, -1.0311 0.0981 0.0079, -1.0353 0.1048 0.0079, 0.5153 -1.0476 0.0079, 0.4322 -1.0551 0.0079, 0.5195 -1.0409 0.0079, 0.4296 -1.0476 0.0079, 0.4253 -1.0409 0.0079, 0.4197 -1.0353 0.0079, 0.413 -1.0311 0.0079, 0.4055 -1.0284 0.0079, 0.3976 -1.0276 0.0079, 0.5252 -1.0353 0.0079, 0.8978 -1.0409 0.0079, 0.8922 -1.0353 0.0079, 0.8543 1.0284 0.0079, 0.8468 1.0311 0.0079, 0.8401 1.0353 0.0079, 0.1048 1.0353 0.0079, 0.1104 1.0409 0.0079, 0.5153 1.0476 0.0079, 0.5195 1.0409 0.0079, 0.5252 1.0353 0.0079, 0.587 1.0476 0.0079, 0.6702 1.0551 0.0079, 0.6728 1.0476 0.0079, 1.0276 0.5551 0.0079, 1.0311 0.6894 0.0079, 1.0276 0.5472 0.0079, 1.0284 0.5394 0.0079, 1.0311 0.5319 0.0079, -1.0353 0.8922 0.0079, -0.7445 1.0476 0.0079, -1.0311 0.8855 0.0079, -0.7403 1.0409 0.0079, -1.0284 0.878 0.0079, -0.7347 1.0353 0.0079, -0.8978 1.0409 0.0079, -0.8922 1.0353 0.0079, -0.8855 1.0311 0.0079, -0.878 1.0284 0.0079, -0.8701 1.0276 0.0079, -0.8468 1.0311 0.0079, -0.748 1.063 0.0079, -0.7471 1.0551 0.0079, -0.8401 1.0353 0.0079, -0.8345 1.0409 0.0079, -0.8303 1.0476 0.0079, 1.0409 0.0471 0.0079, 1.0409 -0.0471 0.0079, 1.0276 -0.2323 0.0079, 1.0284 -0.2244 0.0079, 1.0311 -0.2169 0.0079, 1.0276 -0.2402 0.0079, 1.0284 -0.248 0.0079, 1.0311 -0.2555 0.0079, 1.0353 -0.2622 0.0079, 1.0284 -0.5394 0.0079, 1.0311 -0.5319 0.0079, 1.0353 -0.5252 0.0079, 1.0409 -0.4253 0.0079, 1.0476 -0.4296 0.0079, 1.063 -0.748 0.0079, 1.1811 -0.748 0.0079, 1.1811 -0.8268 0.0079, -0.4331 -1.063 0.0079, -0.4331 -1.1811 0.0079, -0.5118 -1.1811 0.0079, -1.1811 -1.1811 0.0079, -1.1811 -0.9055 0.0079, -1.063 -0.9055 0.0079, 1.0311 -0.5705 0.0079, 1.0353 -0.5772 0.0079, 1.0353 -0.6826 0.0079, 1.0409 -0.5828 0.0079, 1.0476 -0.587 0.0079, 0.811 -0.8465 0.0079, 0.8189 -0.8456 0.0079, 0.8264 -0.8429 0.0079, 1.0276 -0.8701 0.0079, 0.0527 -1.0353 0.0079, 0.0471 -1.0409 0.0079, -1.0409 -0.0471 0.0079, -1.0476 0.1146 0.0079, -1.0551 0.1172 0.0079, -1.0311 0.2169 0.0079, -1.0276 0.2402 0.0079, -1.0284 0.248 0.0079, -1.0311 0.2555 0.0079, -1.0353 0.2622 0.0079, -1.0353 0.3677 0.0079, -1.0311 0.3744 0.0079, -1.0409 0.2679 0.0079, 0.3677 -1.0353 0.0079, 0.3621 -1.0409 0.0079, 0.2721 -1.0476 0.0079, 0.902 -1.0476 0.0079, 1.0409 -0.8978 0.0079, 0.8855 -1.0311 0.0079, 0.878 -1.0284 0.0079, 0.8701 -1.0276 0.0079, 0.8468 -1.0311 0.0079, 0.748 -1.063 0.0079, 0.7471 -1.0551 0.0079, 0.8401 -1.0353 0.0079, 0.8345 -1.0409 0.0079, 0.8303 -1.0476 0.0079, 0.748 1.063 0.0079, 0.748 1.1811 0.0079, 0.8268 1.1811 0.0079, -0.2679 1.0409 0.0079, -1.0476 0.8303 0.0079, -1.0409 0.8345 0.0079, -1.0353 0.8401 0.0079, -1.0311 0.8468 0.0079, -1.0284 0.8543 0.0079, -0.2046 1.0409 0.0079, -0.2102 1.0353 0.0079, -0.2169 1.0311 0.0079, -0.0527 1.0353 0.0079, -0.0471 1.0409 0.0079, 0.3677 1.0353 0.0079, 0.3621 1.0409 0.0079, 0.2721 1.0476 0.0079, 0.2747 1.0551 0.0079, 0.4331 1.063 0.0079, 0.4331 1.1811 0.0079, 0.5118 1.1811 0.0079, 0.5551 1.0276 0.0079, 0.563 1.0284 0.0079, 0.5705 1.0311 0.0079, -0.6693 1.063 0.0079, -0.6693 1.1811 0.0079, -0.5906 1.1811 0.0079, -0.9046 1.0551 0.0079, -0.902 1.0476 0.0079, -1.0476 0.902 0.0079, -1.0409 0.8978 0.0079, -0.8622 1.0276 0.0079, -0.8543 1.0284 0.0079, -0.8268 1.1811 0.0079, -0.748 1.1811 0.0079, -0.8268 1.063 0.0079, -0.8277 1.0551 0.0079, 1.0551 -0.1172 0.0079, 1.0476 -0.2004 0.0079, 1.0409 -0.2046 0.0079, 1.063 -0.8268 0.0079, 1.0551 -0.8277 0.0079, 1.0551 -0.7471 0.0079, 1.0476 -0.8303 0.0079, 1.0409 -0.8345 0.0079, -0.3898 -1.0276 0.0079, -0.3976 -1.0276 0.0079, -0.4055 -1.0284 0.0079, -0.4322 -1.0551 0.0079, -0.5118 -1.063 0.0079, -0.6728 -1.0476 0.0079, -0.677 -1.0409 0.0079, -0.6826 -1.0353 0.0079, -0.7126 -1.0276 0.0079, -0.7205 -1.0284 0.0079, -0.728 -1.0311 0.0079, -0.9055 -1.1811 0.0079, 0.2622 -1.0353 0.0079, 0.2555 -1.0311 0.0079, 0.248 -1.0284 0.0079, -1.0284 -0.8543 0.0079, -1.0311 -0.8468 0.0079, -0.8465 -0.811 0.0079, -1.0353 -0.8401 0.0079, -1.0311 -0.728 0.0079, -1.0284 -0.5394 0.0079, -1.0311 -0.5319 0.0079, -1.0353 -0.5252 0.0079, -1.0476 -0.1146 0.0079, -1.0409 -0.1104 0.0079, -1.0551 -0.1977 0.0079, -1.0476 0.0429 0.0079, -1.0409 0.0471 0.0079, -1.0353 0.0527 0.0079, -1.0284 0.0669 0.0079, -1.0276 0.0748 0.0079, -1.0409 0.1104 0.0079, 0.6693 -1.063 0.0079, 0.6693 -1.1811 0.0079, 0.5906 -1.1811 0.0079, 0.8622 -1.0276 0.0079, 0.8543 -1.0284 0.0079, 0.8268 -1.1811 0.0079, 0.748 -1.1811 0.0079, 0.8268 -1.063 0.0079, 0.8277 -1.0551 0.0079, 0.7445 1.0476 0.0079, 0.7471 1.0551 0.0079, 0.8277 1.0551 0.0079, 0.8268 1.063 0.0079, 0.8622 1.0276 0.0079, 0.8701 1.0276 0.0079, 0.878 1.0284 0.0079, 1.063 0.9055 0.0079, 0.902 1.0476 0.0079, 1.1811 0.9055 0.0079, 0.9046 1.0551 0.0079, 1.1811 1.1811 0.0079, 0.9055 1.063 0.0079, 0.9055 1.1811 0.0079, -0.8387 0.8331 0.0079, -0.8429 0.8264 0.0079, -1.063 0.8268 0.0079, 0.3976 1.0276 0.0079, 0.4055 1.0284 0.0079, 0.413 1.0311 0.0079, 0.4197 1.0353 0.0079, 0.4322 1.0551 0.0079, 0.5118 1.063 0.0079, 0.677 1.0409 0.0079, 0.6826 1.0353 0.0079, 1.063 0.8268 0.0079, 1.1811 0.8268 0.0079, 1.1811 0.748 0.0079, -0.3819 1.0284 0.0079, -0.3744 1.0311 0.0079, -0.2721 1.0476 0.0079, -0.3677 1.0353 0.0079, -0.3621 1.0409 0.0079, -0.3543 1.063 0.0079, -0.3543 1.1811 0.0079, -0.2756 1.1811 0.0079, -0.5118 1.063 0.0079, -0.5118 1.1811 0.0079, -0.4331 1.1811 0.0079, -0.6702 1.0551 0.0079, -0.5906 1.063 0.0079, 1.063 0.3543 0.0079, 1.1811 0.3543 0.0079, 1.1811 0.2756 0.0079, -0.2756 -1.1811 0.0079, -0.3543 -1.1811 0.0079, -0.2756 -1.063 0.0079, -0.3543 -1.063 0.0079, -0.3552 -1.0551 0.0079, -0.5319 -1.0311 0.0079, -0.5394 -1.0284 0.0079, -0.5472 -1.0276 0.0079, -0.5906 -1.063 0.0079, -0.5906 -1.1811 0.0079, -0.6693 -1.1811 0.0079, 1.0551 -0.6702 0.0079, 1.0476 -0.6728 0.0079, 1.0409 -0.677 0.0079, 0.2679 -1.0409 0.0079, 0.2169 -1.0311 0.0079, 0.2102 -1.0353 0.0079, -0.811 -0.8465 0.0079, 0.2046 -1.0409 0.0079, -0.2004 -1.0476 0.0079, -0.2046 -1.0409 0.0079, -0.2102 -1.0353 0.0079, -0.8331 -0.8387 0.0079, -0.8264 -0.8429 0.0079, -1.0284 -0.7205 0.0079, -1.0276 -0.7126 0.0079, -1.0276 -0.7047 0.0079, -1.0284 -0.6968 0.0079, -1.0311 -0.6894 0.0079, -1.0353 -0.6826 0.0079, -1.0311 -0.5705 0.0079, -1.0409 -0.677 0.0079, -1.0311 -0.413 0.0079, -1.0409 -0.5195 0.0079, -1.0284 -0.248 0.0079, -1.0276 -0.2402 0.0079, -1.0284 -0.0906 0.0079, -1.0276 -0.0827 0.0079, -1.0476 0.2004 0.0079, -1.0409 0.2046 0.0079, -1.0353 0.2102 0.0079, -1.0284 0.2244 0.0079, -1.0276 0.2323 0.0079, -1.0276 0.3976 0.0079, -1.0284 0.4055 0.0079, -1.0311 0.413 0.0079, -1.0353 0.4197 0.0079, -1.0276 0.5551 0.0079, -1.0284 0.563 0.0079, -1.0311 0.5705 0.0079, -1.0353 0.5772 0.0079, 0.3543 -1.063 0.0079, 0.3543 -1.1811 0.0079, 0.2756 -1.1811 0.0079, 0.5118 -1.063 0.0079, 0.5118 -1.1811 0.0079, 0.4331 -1.1811 0.0079, 0.6702 -1.0551 0.0079, 0.5906 -1.063 0.0079, -0.1969 1.063 0.0079, -0.1969 1.1811 0.0079, -0.1181 1.1811 0.0079, -0.1048 1.0353 0.0079, -0.1104 1.0409 0.0079, -0.2004 1.0476 0.0079, -0.1977 1.0551 0.0079, 0.2004 1.0476 0.0079, 0.2046 1.0409 0.0079, 0.2102 1.0353 0.0079, 0.5319 1.0311 0.0079, 0.5394 1.0284 0.0079, 0.5472 1.0276 0.0079, 0.5906 1.063 0.0079, 0.5906 1.1811 0.0079, 0.6693 1.1811 0.0079, 1.0311 0.8855 0.0079, 1.0284 0.878 0.0079, 0.8331 0.8387 0.0079, 1.0276 0.8622 0.0079, 0.8456 0.8189 0.0079, 1.0276 0.8701 0.0079, 0.8429 0.8264 0.0079, 0.8387 0.8331 0.0079, 1.063 0.748 0.0079, 1.0551 0.7471 0.0079, 1.0551 0.8277 0.0079, 1.0476 0.7445 0.0079, 1.0409 0.7403 0.0079, 1.063 0.6693 0.0079, 1.1811 0.6693 0.0079, 1.1811 0.5906 0.0079, 1.063 0.5118 0.0079, 1.1811 0.5118 0.0079, 1.1811 0.4331 0.0079, -0.3578 1.0476 0.0079, -0.3552 1.0551 0.0079, -0.2747 1.0551 0.0079, -0.2756 1.063 0.0079, -0.5127 1.0551 0.0079, -0.4331 1.063 0.0079, 1.063 0.2756 0.0079, 1.0551 0.2747 0.0079, 1.0551 0.3552 0.0079, 1.0476 0.2721 0.0079, 1.0476 0.3578 0.0079, 1.0409 0.2679 0.0079, 1.0409 0.3621 0.0079, 1.0353 0.2622 0.0079, 1.0311 0.2555 0.0079, 1.063 0.1969 0.0079, 1.1811 0.1969 0.0079, 1.1811 0.1181 0.0079, 1.063 0.0394 0.0079, 1.1811 0.0394 0.0079, 1.1811 -0.0394 0.0079, 1.063 -0.4331 0.0079, 1.1811 -0.4331 0.0079, 1.1811 -0.5118 0.0079, -0.5897 -1.0551 0.0079, -0.6693 -1.063 0.0079, -0.8303 -1.0476 0.0079, -0.8345 -1.0409 0.0079, 1.063 -0.5906 0.0079, 1.1811 -0.5906 0.0079, 1.1811 -0.6693 0.0079, 1.0311 -0.6894 0.0079, 1.0284 -0.6968 0.0079, 0.8331 -0.8387 0.0079, 1.0276 -0.7047 0.0079, 1.0276 -0.7126 0.0079, 0.1048 -1.0353 0.0079, 0.1104 -1.0409 0.0079, 0.2004 -1.0476 0.0079, 0.1977 -1.0551 0.0079, -0.0403 -1.0551 0.0079, 0.0429 -1.0476 0.0079, -0.0429 -1.0476 0.0079, -0.0471 -1.0409 0.0079, -0.0527 -1.0353 0.0079, -1.0276 -0.8622 0.0079, -0.8456 -0.8189 0.0079, -1.0276 -0.8701 0.0079, -0.8429 -0.8264 0.0079, -0.8387 -0.8331 0.0079, -0.2622 -1.0353 0.0079, -0.2679 -1.0409 0.0079, -1.0409 -0.7403 0.0079, -1.0476 -0.8303 0.0079, -1.0476 -0.7445 0.0079, -1.0551 -0.7471 0.0079, -1.0409 -0.8345 0.0079, -1.0353 -0.7347 0.0079, -1.0284 -0.563 0.0079, -1.0276 -0.5551 0.0079, -1.0276 -0.5472 0.0079, -1.0284 -0.4055 0.0079, -1.0276 -0.3976 0.0079, -1.0276 -0.3898 0.0079, -1.0476 -0.3578 0.0079, -1.0551 -0.3552 0.0079, -1.0409 -0.2679 0.0079, -1.0476 -0.2721 0.0079, -1.0476 -0.2004 0.0079, -1.0284 0.3819 0.0079, -1.0276 0.3898 0.0079, -1.0311 0.728 0.0079, -1.0353 0.7347 0.0079, -1.0409 0.7403 0.0079, 0.3578 -1.0476 0.0079, 0.3552 -1.0551 0.0079, 0.2747 -1.0551 0.0079, 0.2756 -1.063 0.0079, 0.5127 -1.0551 0.0079, 0.4331 -1.063 0.0079, 0.8855 1.0311 0.0079, 0.8922 1.0353 0.0079, 1.0409 0.8978 0.0079, 0.8978 1.0409 0.0079, 1.0476 0.902 0.0079, 1.0551 0.9046 0.0079, -0.8456 0.8189 0.0079, -1.1811 0.8268 0.0079, -0.1181 1.063 0.0079, -0.1172 1.0551 0.0079, -0.1146 1.0476 0.0079, 0.2756 1.063 0.0079, 0.2756 1.1811 0.0079, 0.3543 1.1811 0.0079, 0.3744 1.0311 0.0079, 0.3819 1.0284 0.0079, 0.3898 1.0276 0.0079, 0.5897 1.0551 0.0079, 0.6693 1.063 0.0079, 1.063 0.5906 0.0079, 1.0551 0.5897 0.0079, 1.0551 0.6702 0.0079, 1.0476 0.587 0.0079, 1.0409 0.5828 0.0079, 1.063 0.4331 0.0079, 1.0551 0.4322 0.0079, 1.0551 0.5127 0.0079, 1.0476 0.4296 0.0079, 1.0409 0.4253 0.0079, 1.0476 0.2004 0.0079, 1.0551 0.1977 0.0079, 1.0551 0.1172 0.0079, 1.063 0.1181 0.0079, 1.0551 0.0403 0.0079, 1.063 -0.0394 0.0079, 1.063 -0.2756 0.0079, 1.1811 -0.2756 0.0079, 1.1811 -0.3543 0.0079, 1.063 -0.5118 0.0079, 1.0551 -0.5127 0.0079, 1.0551 -0.4322 0.0079, 1.0476 -0.5153 0.0079, 1.0409 -0.5195 0.0079, -0.6894 -1.0311 0.0079, -0.6968 -1.0284 0.0079, -0.7047 -1.0276 0.0079, -1.0311 -0.8855 0.0079, -0.8855 -1.0311 0.0079, 1.0551 -0.5897 0.0079, 1.063 -0.6693 0.0079, 1.0276 -0.8622 0.0079, -0.2402 -1.0276 0.0079, -0.248 -1.0284 0.0079, -0.2555 -1.0311 0.0079, -1.063 -0.8268 0.0079, -1.1811 -0.8268 0.0079, -1.1811 -0.748 0.0079, -1.0476 -0.587 0.0079, -1.0409 -0.5828 0.0079, -1.0551 -0.6702 0.0079, -1.0476 -0.4296 0.0079, -1.0409 -0.4253 0.0079, -1.0551 -0.5127 0.0079, -1.0476 0.2721 0.0079, -1.0551 0.2747 0.0079, -1.0409 0.3621 0.0079, -1.0476 0.3578 0.0079, -1.0409 0.4253 0.0079, -1.0311 0.5319 0.0079, -1.0284 0.5394 0.0079, -1.0276 0.5472 0.0079, -1.0311 0.6894 0.0079, -1.0284 0.6968 0.0079, -1.0276 0.7047 0.0079, -0.248 1.0284 0.0079, -0.811 0.8465 0.0079, -0.8189 0.8456 0.0079, -0.8264 0.8429 0.0079, -0.8331 0.8387 0.0079, -0.0748 1.0276 0.0079, -0.0669 1.0284 0.0079, -0.0594 1.0311 0.0079, 0.0403 1.0551 0.0079, -0.0429 1.0476 0.0079, 0.0429 1.0476 0.0079, 0.0471 1.0409 0.0079, 0.0527 1.0353 0.0079, 0.2402 1.0276 0.0079, 0.248 1.0284 0.0079, 0.2555 1.0311 0.0079, 0.3543 1.063 0.0079, 0.3552 1.0551 0.0079, 0.3578 1.0476 0.0079, 1.1811 -0.1181 0.0079, 1.1811 -0.1969 0.0079, 1.063 -0.1181 0.0079, 1.063 -0.1969 0.0079, 1.0551 -0.1977 0.0079, 1.063 -0.3543 0.0079, 1.0551 -0.3552 0.0079, 1.0551 -0.2747 0.0079, 1.0476 -0.3578 0.0079, 1.0476 -0.2721 0.0079, 1.0409 -0.3621 0.0079, 1.0409 -0.2679 0.0079, 1.0353 -0.3677 0.0079, 1.0311 -0.3744 0.0079, -1.0409 -0.8978 0.0079, -0.902 -1.0476 0.0079, -1.0476 -0.902 0.0079, -0.9046 -1.0551 0.0079, 0.2402 -1.0276 0.0079, 0.2323 -1.0276 0.0079, 0.2244 -1.0284 0.0079, 0.0748 -1.0276 0.0079, 0.0669 -1.0284 0.0079, 0.0594 -1.0311 0.0079, -0.0827 -1.0276 0.0079, -0.0906 -1.0284 0.0079, -0.0981 -1.0311 0.0079, -0.1181 -1.063 0.0079, -0.1181 -1.1811 0.0079, -0.1969 -1.1811 0.0079, -1.0551 -0.8277 0.0079, -1.063 -0.748 0.0079, -1.0476 -0.6728 0.0079, -1.0353 -0.5772 0.0079, -1.0476 -0.5153 0.0079, -1.0353 -0.4197 0.0079, -1.1811 -0.0394 0.0079, -1.1811 0.0394 0.0079, -1.063 -0.0394 0.0079, -1.063 0.0394 0.0079, -1.0551 0.0403 0.0079, -1.0476 0.5153 0.0079, -1.0409 0.5195 0.0079, -1.0551 0.4322 0.0079, -1.0276 0.7126 0.0079, -1.0284 0.7205 0.0079, -1.0476 0.7445 0.0079, -1.0551 0.7471 0.0079, -1.063 0.748 0.0079, -1.1811 0.748 0.0079, -0.0394 1.063 0.0079, -0.0394 1.1811 0.0079, 0.0394 1.1811 0.0079, 0.0827 1.0276 0.0079, 0.0906 1.0284 0.0079, 0.0981 1.0311 0.0079, 0.1181 1.063 0.0079, 0.1181 1.1811 0.0079, 0.1969 1.1811 0.0079, -0.728 1.0311 0.0079, -0.7205 1.0284 0.0079, -0.7126 1.0276 0.0079, -0.748 -1.063 0.0079, -0.748 -1.1811 0.0079, -0.8268 -1.1811 0.0079, -0.8401 -1.0353 0.0079, -0.8468 -1.0311 0.0079, -0.8543 -1.0284 0.0079, -0.8622 -1.0276 0.0079, -1.0551 -0.9046 0.0079, -0.9055 -1.063 0.0079, 0.1969 -1.063 0.0079, 0.1969 -1.1811 0.0079, 0.1181 -1.1811 0.0079, 0.0394 -1.063 0.0079, 0.0394 -1.1811 0.0079, -0.0394 -1.1811 0.0079, -0.1146 -1.0476 0.0079, -0.1172 -1.0551 0.0079, -0.1977 -1.0551 0.0079, -0.1969 -1.063 0.0079, -0.2169 -1.0311 0.0079, -0.2244 -1.0284 0.0079, -0.2323 -1.0276 0.0079, -1.1811 -0.6693 0.0079, -1.1811 -0.5906 0.0079, -1.063 -0.6693 0.0079, -1.063 -0.5906 0.0079, -1.0551 -0.5897 0.0079, -1.1811 -0.5118 0.0079, -1.1811 -0.4331 0.0079, -1.063 -0.5118 0.0079, -1.063 -0.4331 0.0079, -1.0551 -0.4322 0.0079, -1.1811 -0.1969 0.0079, -1.1811 -0.1181 0.0079, -1.063 -0.1969 0.0079, -1.063 -0.1181 0.0079, -1.0551 -0.1172 0.0079, -1.0476 0.4296 0.0079, -1.0353 0.5252 0.0079, -1.0476 0.6728 0.0079, -1.0409 0.677 0.0079, -1.0551 0.5897 0.0079, 0.728 -1.0311 0.0079, 0.7205 -1.0284 0.0079, 0.7126 -1.0276 0.0079, -0.2402 1.0276 0.0079, -0.2323 1.0276 0.0079, -0.2244 1.0284 0.0079, -0.0981 1.0311 0.0079, -0.0906 1.0284 0.0079, -0.0827 1.0276 0.0079, -0.0403 1.0551 0.0079, 0.0394 1.063 0.0079, 0.1146 1.0476 0.0079, 0.1172 1.0551 0.0079, 0.1977 1.0551 0.0079, 0.1969 1.063 0.0079, 0.2169 1.0311 0.0079, 0.2244 1.0284 0.0079, 0.2323 1.0276 0.0079, -0.7445 -1.0476 0.0079, -0.7471 -1.0551 0.0079, -0.8277 -1.0551 0.0079, -0.8268 -1.063 0.0079, -0.8701 -1.0276 0.0079, -0.878 -1.0284 0.0079, 0.1181 -1.063 0.0079, 0.1172 -1.0551 0.0079, 0.1146 -1.0476 0.0079, 0.0981 -1.0311 0.0079, 0.0906 -1.0284 0.0079, 0.0827 -1.0276 0.0079, 0.0403 -1.0551 0.0079, -0.0394 -1.063 0.0079, -0.0594 -1.0311 0.0079, -0.0669 -1.0284 0.0079, -0.0748 -1.0276 0.0079, -1.1811 0.1181 0.0079, -1.1811 0.1969 0.0079, -1.063 0.1181 0.0079, -1.063 0.1969 0.0079, -1.0551 0.1977 0.0079, -1.1811 0.4331 0.0079, -1.1811 0.5118 0.0079, -1.063 0.4331 0.0079, -1.063 0.5118 0.0079, -1.0551 0.5127 0.0079, -1.0409 0.5828 0.0079, -1.0476 0.587 0.0079, -1.0353 0.6826 0.0079, 0.0594 1.0311 0.0079, 0.0669 1.0284 0.0079, 0.0748 1.0276 0.0079, -1.1811 -0.3543 0.0079, -1.1811 -0.2756 0.0079, -1.063 -0.3543 0.0079, -1.063 -0.2756 0.0079, -1.0551 -0.2747 0.0079, -1.1811 0.5906 0.0079, -1.1811 0.6693 0.0079, -1.063 0.5906 0.0079, -1.063 0.6693 0.0079, -1.0551 0.6702 0.0079, 0.3898 -1.0276 0.0079, 0.3819 -1.0284 0.0079, 0.3744 -1.0311 0.0079, -0.3898 1.0276 0.0079, -1.0353 -0.8922 0.0079, -0.8922 -1.0353 0.0079, -0.8978 -1.0409 0.0079, -1.1811 0.2756 0.0079, -1.1811 0.3543 0.0079, -1.063 0.2756 0.0079, -1.063 0.3543 0.0079, -1.0551 0.3552 0.0079, -0.7047 1.0276 0.0079, -0.6968 1.0284 0.0079, -0.6894 1.0311 0.0079, -1.0276 0.8622 0.0079, -1.0276 0.8701 0.0079, -0.5472 1.0276 0.0079, -0.5394 1.0284 0.0079, -0.5319 1.0311 0.0079, 0.7047 -1.0276 0.0079, 0.6968 -1.0284 0.0079, 0.6894 -1.0311 0.0079, 0.5472 -1.0276 0.0079, 0.5394 -1.0284 0.0079, 0.5319 -1.0311 0.0079, 1.1811 -1.1811 0.3425, 1.1811 -0.9055 0.0866, 1.1811 -0.8268 0.0866, 1.1811 1.1811 0.3425, 1.1811 -0.6693 0.0866, 1.1811 -0.5906 0.0866, 1.1811 -0.5118 0.0866, 1.1811 -0.748 0.0866, 1.1811 -0.3543 0.0866, 1.1811 -0.2756 0.0866, 1.1811 -0.1969 0.0866, 1.1811 -0.4331 0.0866, 1.1811 -0.0394 0.0866, 1.1811 0.0394 0.0866, 1.1811 0.1181 0.0866, 1.1811 -0.1181 0.0866, 1.1811 0.2756 0.0866, 1.1811 0.3543 0.0866, 1.1811 0.4331 0.0866, 1.1811 0.1969 0.0866, 1.1811 0.5906 0.0866, 1.1811 0.6693 0.0866, 1.1811 0.748 0.0866, 1.1811 0.5118 0.0866, 1.1811 0.9055 0.0866, 1.1811 0.8268 0.0866, -0.5906 1.1811 0.0866, 0.9055 1.1811 0.0866, 0.8268 1.1811 0.0866, -0.748 1.1811 0.0866, -0.8268 1.1811 0.0866, 0.748 1.1811 0.0866, 0.6693 1.1811 0.0866, 0.5906 1.1811 0.0866, 0.5118 1.1811 0.0866, 0.4331 1.1811 0.0866, 0.3543 1.1811 0.0866, 0.2756 1.1811 0.0866, 0.1969 1.1811 0.0866, 0.1181 1.1811 0.0866, 0.0394 1.1811 0.0866, -0.0394 1.1811 0.0866, -0.1181 1.1811 0.0866, -0.1969 1.1811 0.0866, -0.2756 1.1811 0.0866, -0.3543 1.1811 0.0866, -0.4331 1.1811 0.0866, -0.6693 1.1811 0.0866, -0.5118 1.1811 0.0866, -0.9055 1.1811 0.0866, -1.1811 1.1811 0.3425, -1.1811 0.9055 0.0866, -1.1811 0.8268 0.0866, -1.1811 -1.1811 0.3425, -1.1811 0.6693 0.0866, -1.1811 0.5906 0.0866, -1.1811 0.5118 0.0866, -1.1811 0.748 0.0866, -1.1811 0.3543 0.0866, -1.1811 0.2756 0.0866, -1.1811 0.1969 0.0866, -1.1811 0.4331 0.0866, -1.1811 0.0394 0.0866, -1.1811 -0.0394 0.0866, -1.1811 -0.1181 0.0866, -1.1811 0.1181 0.0866, -1.1811 -0.2756 0.0866, -1.1811 -0.3543 0.0866, -1.1811 -0.4331 0.0866, -1.1811 -0.1969 0.0866, -1.1811 -0.5906 0.0866, -1.1811 -0.6693 0.0866, -1.1811 -0.748 0.0866, -1.1811 -0.5118 0.0866, -1.1811 -0.9055 0.0866, -1.1811 -0.8268 0.0866, -0.9055 -1.1811 0.0866, -0.8268 -1.1811 0.0866, -0.6693 -1.1811 0.0866, -0.5906 -1.1811 0.0866, -0.5118 -1.1811 0.0866, -0.748 -1.1811 0.0866, -0.3543 -1.1811 0.0866, -0.2756 -1.1811 0.0866, -0.1969 -1.1811 0.0866, -0.4331 -1.1811 0.0866, -0.0394 -1.1811 0.0866, 0.0394 -1.1811 0.0866, 0.1181 -1.1811 0.0866, -0.1181 -1.1811 0.0866, 0.2756 -1.1811 0.0866, 0.3543 -1.1811 0.0866, 0.4331 -1.1811 0.0866, 0.1969 -1.1811 0.0866, 0.5906 -1.1811 0.0866, 0.6693 -1.1811 0.0866, 0.748 -1.1811 0.0866, 0.5118 -1.1811 0.0866, 0.9055 -1.1811 0.0866, 0.8268 -1.1811 0.0866, -1.0641 0.9998 0.3425, -1.054 1.0241 0.3425, -0.8959 1.0449 0.3425, -0.88 1.0241 0.3425, -0.88 0.9236 0.3425, -0.8699 0.9478 0.3425, -1.0381 1.0449 0.3425, -1.0172 1.0608 0.3425, -0.993 1.0709 0.3425, -0.8699 0.9998 0.3425, -0.8665 0.9738 0.3425, -0.967 0.8733 0.3425, -0.993 0.8767 0.3425, -1.0172 0.8868 0.3425, -1.0381 0.9027 0.3425, -0.967 1.0743 0.3425, -0.941 1.0709 0.3425, -0.9168 1.0608 0.3425, -0.8959 0.9027 0.3425, -0.9168 0.8868 0.3425, -0.941 0.8767 0.3425, -1.054 0.9236 0.3425, -1.0641 0.9478 0.3425, -1.0675 0.9738 0.3425
            ]
        }
        coordIndex [
            0,1,2,-1,3,4,5,-1,6,7,8,-1,8,7,9,-1,8,9,10,-1,11,12,13,-1,6,14,7,-1,7,14,15,-1,7,15,16,-1,17,18,19,-1,19,18,20,-1,11,13,21,-1,22,23,24,-1,25,26,27,-1,27,26,28,-1,29,30,31,-1,0,2,32,-1,32,2,33,-1,32,33,34,-1,35,36,37,-1,38,39,40,-1,40,39,41,-1,42,43,44,-1,44,43,45,-1,44,45,46,-1,47,48,44,-1,48,49,44,-1,44,49,50,-1,44,50,51,-1,51,50,52,-1,51,52,53,-1,54,55,56,-1,56,55,57,-1,58,17,59,-1,22,24,60,-1,60,24,61,-1,60,61,62,-1,62,61,63,-1,62,63,64,-1,65,26,66,-1,66,26,67,-1,25,68,69,-1,70,71,72,-1,73,74,75,-1,76,77,78,-1,78,77,79,-1,80,81,82,-1,4,83,77,-1,77,83,84,-1,77,84,35,-1,35,84,85,-1,35,85,36,-1,86,87,88,-1,89,90,91,-1,91,90,92,-1,92,93,91,-1,91,93,94,-1,91,94,95,-1,95,96,91,-1,91,96,97,-1,91,97,98,-1,40,44,99,-1,99,44,35,-1,99,35,100,-1,100,35,37,-1,41,101,40,-1,40,101,102,-1,40,102,44,-1,44,102,103,-1,44,103,104,-1,105,106,107,-1,107,106,104,-1,58,108,17,-1,17,108,109,-1,17,109,110,-1,111,112,18,-1,113,114,115,-1,115,114,116,-1,115,116,117,-1,118,119,120,-1,120,119,121,-1,120,121,122,-1,122,121,123,-1,124,125,126,-1,126,125,127,-1,127,128,126,-1,126,128,129,-1,126,129,130,-1,130,131,126,-1,126,131,132,-1,126,132,133,-1,65,134,26,-1,26,134,135,-1,26,135,28,-1,136,137,138,-1,74,29,139,-1,140,141,77,-1,77,141,142,-1,77,142,79,-1,79,142,143,-1,79,143,144,-1,76,145,77,-1,77,145,146,-1,77,146,147,-1,80,82,148,-1,148,82,149,-1,148,149,150,-1,86,88,5,-1,5,88,151,-1,5,151,3,-1,152,153,154,-1,154,153,155,-1,155,156,154,-1,154,156,157,-1,154,157,158,-1,158,159,154,-1,154,159,160,-1,154,160,161,-1,38,162,39,-1,39,162,163,-1,39,163,164,-1,164,163,165,-1,166,167,168,-1,106,169,104,-1,104,169,170,-1,104,170,44,-1,44,170,171,-1,44,171,42,-1,172,173,174,-1,174,173,46,-1,55,175,57,-1,57,175,176,-1,57,176,177,-1,178,179,18,-1,179,180,18,-1,18,180,181,-1,18,181,182,-1,183,182,184,-1,185,186,187,-1,188,115,189,-1,189,115,190,-1,191,192,193,-1,194,195,115,-1,115,195,196,-1,115,196,197,-1,198,199,200,-1,201,202,203,-1,204,205,115,-1,115,205,206,-1,115,206,207,-1,208,209,210,-1,210,209,211,-1,211,212,210,-1,210,212,213,-1,210,213,214,-1,214,215,210,-1,210,215,216,-1,210,216,217,-1,218,219,118,-1,220,26,221,-1,221,26,25,-1,221,25,222,-1,222,25,69,-1,223,224,72,-1,73,225,74,-1,74,225,226,-1,74,226,227,-1,228,229,31,-1,31,229,230,-1,150,231,148,-1,148,231,77,-1,148,77,232,-1,232,77,147,-1,231,233,77,-1,77,233,234,-1,77,234,4,-1,4,234,235,-1,4,235,5,-1,236,237,238,-1,238,237,239,-1,238,239,240,-1,240,239,241,-1,242,243,236,-1,243,244,236,-1,236,244,245,-1,236,245,246,-1,247,248,236,-1,236,248,249,-1,236,249,237,-1,247,250,248,-1,248,250,251,-1,248,251,252,-1,105,253,106,-1,106,253,168,-1,106,168,254,-1,254,168,167,-1,255,44,256,-1,256,44,46,-1,256,46,257,-1,257,46,173,-1,255,258,44,-1,44,258,259,-1,44,259,47,-1,47,259,260,-1,47,260,261,-1,21,13,262,-1,262,13,51,-1,262,51,263,-1,263,51,53,-1,263,53,264,-1,264,53,265,-1,264,265,266,-1,267,268,269,-1,270,271,272,-1,273,274,275,-1,12,276,13,-1,13,276,277,-1,13,277,278,-1,278,277,279,-1,278,279,280,-1,281,282,122,-1,122,282,283,-1,122,283,284,-1,285,286,187,-1,201,203,287,-1,288,289,290,-1,291,292,115,-1,115,292,293,-1,115,293,294,-1,295,296,297,-1,298,299,300,-1,23,301,24,-1,24,301,218,-1,24,218,302,-1,302,218,118,-1,219,303,118,-1,118,303,304,-1,118,304,305,-1,306,307,118,-1,118,307,308,-1,118,308,119,-1,306,309,307,-1,307,309,310,-1,307,310,311,-1,312,313,314,-1,136,138,315,-1,315,138,316,-1,315,316,317,-1,317,318,315,-1,315,318,319,-1,315,319,320,-1,321,72,322,-1,322,72,323,-1,324,325,72,-1,326,71,327,-1,327,71,328,-1,327,328,329,-1,330,331,332,-1,333,334,29,-1,29,334,335,-1,29,335,30,-1,336,337,338,-1,34,339,32,-1,32,339,340,-1,32,340,341,-1,341,340,242,-1,341,242,342,-1,342,242,236,-1,246,343,236,-1,236,343,344,-1,236,344,247,-1,345,346,347,-1,347,346,248,-1,347,248,348,-1,348,248,252,-1,349,350,172,-1,172,350,351,-1,172,351,173,-1,269,352,267,-1,267,352,353,-1,267,353,354,-1,354,353,355,-1,354,355,16,-1,16,355,356,-1,16,356,7,-1,357,358,18,-1,18,358,359,-1,18,359,20,-1,59,360,58,-1,58,360,270,-1,58,270,361,-1,361,270,272,-1,183,362,182,-1,182,362,363,-1,182,363,364,-1,365,366,18,-1,18,366,367,-1,18,367,111,-1,273,275,368,-1,369,370,281,-1,281,370,371,-1,372,373,374,-1,374,373,375,-1,374,375,376,-1,374,377,115,-1,115,377,378,-1,115,378,379,-1,380,381,382,-1,383,384,202,-1,202,384,385,-1,202,385,203,-1,287,203,117,-1,117,203,386,-1,117,386,115,-1,115,386,387,-1,115,387,204,-1,288,290,388,-1,389,390,391,-1,305,392,118,-1,118,392,393,-1,118,393,306,-1,394,395,396,-1,396,395,307,-1,396,307,397,-1,397,307,311,-1,25,398,68,-1,68,398,399,-1,68,399,400,-1,400,399,312,-1,400,312,401,-1,401,312,314,-1,220,402,26,-1,26,402,403,-1,26,403,404,-1,405,406,407,-1,407,406,408,-1,407,408,409,-1,409,408,410,-1,409,410,411,-1,412,413,414,-1,415,416,72,-1,72,416,417,-1,72,417,139,-1,139,417,418,-1,139,418,74,-1,75,419,73,-1,73,419,330,-1,73,330,420,-1,420,330,332,-1,230,421,31,-1,31,421,422,-1,31,422,67,-1,423,424,425,-1,426,427,428,-1,428,427,429,-1,428,429,430,-1,431,432,433,-1,434,435,436,-1,89,437,90,-1,90,437,336,-1,90,336,438,-1,438,336,338,-1,439,440,441,-1,442,443,444,-1,444,443,445,-1,444,445,56,-1,56,445,446,-1,56,446,54,-1,110,447,17,-1,17,447,448,-1,17,448,18,-1,18,448,449,-1,18,449,178,-1,450,451,452,-1,453,454,280,-1,280,454,455,-1,280,455,278,-1,369,281,456,-1,456,281,122,-1,456,122,300,-1,457,458,459,-1,459,458,460,-1,459,460,187,-1,461,462,186,-1,186,462,463,-1,464,465,18,-1,18,465,187,-1,376,466,374,-1,374,466,467,-1,374,467,468,-1,468,469,374,-1,374,469,470,-1,374,470,471,-1,472,471,473,-1,474,379,475,-1,193,192,188,-1,188,192,476,-1,188,476,115,-1,115,476,477,-1,115,477,194,-1,200,199,197,-1,197,199,478,-1,197,478,115,-1,115,478,479,-1,115,479,113,-1,480,481,289,-1,289,481,482,-1,289,482,290,-1,388,290,207,-1,207,290,483,-1,207,483,115,-1,115,483,484,-1,115,484,291,-1,485,486,115,-1,115,486,487,-1,115,487,488,-1,489,490,115,-1,115,490,491,-1,115,491,492,-1,493,494,495,-1,496,497,498,-1,124,499,125,-1,125,499,389,-1,125,389,500,-1,500,389,391,-1,501,502,503,-1,504,321,505,-1,505,321,506,-1,505,506,507,-1,508,509,224,-1,224,509,510,-1,227,511,74,-1,74,511,512,-1,74,512,29,-1,29,512,513,-1,29,513,333,-1,514,515,516,-1,26,517,67,-1,67,517,518,-1,67,518,31,-1,31,518,519,-1,31,519,29,-1,140,77,520,-1,520,77,521,-1,520,521,522,-1,522,521,523,-1,522,523,518,-1,518,523,524,-1,518,524,519,-1,425,525,423,-1,423,525,526,-1,423,526,527,-1,527,526,528,-1,527,528,144,-1,144,528,529,-1,144,529,79,-1,530,531,532,-1,533,534,535,-1,430,536,428,-1,428,536,537,-1,428,537,538,-1,538,537,431,-1,538,431,539,-1,539,431,433,-1,152,540,153,-1,153,540,434,-1,153,434,541,-1,541,434,436,-1,441,542,439,-1,439,542,543,-1,439,543,544,-1,544,543,545,-1,544,545,546,-1,546,545,547,-1,546,547,548,-1,548,547,549,-1,548,549,36,-1,36,549,550,-1,36,550,37,-1,551,552,553,-1,554,555,556,-1,557,558,559,-1,184,560,183,-1,183,560,450,-1,183,450,561,-1,561,450,452,-1,112,562,563,-1,564,565,566,-1,278,567,13,-1,13,567,568,-1,13,568,569,-1,569,568,570,-1,569,570,571,-1,572,460,573,-1,573,460,574,-1,573,574,575,-1,576,286,577,-1,576,578,286,-1,286,578,579,-1,286,579,580,-1,372,374,581,-1,581,374,582,-1,581,582,583,-1,583,582,584,-1,583,584,18,-1,18,584,585,-1,18,585,464,-1,586,587,187,-1,187,587,57,-1,187,57,18,-1,18,57,177,-1,18,177,357,-1,588,589,590,-1,590,589,591,-1,375,592,376,-1,376,592,589,-1,376,589,593,-1,593,589,588,-1,472,594,471,-1,471,594,595,-1,471,595,374,-1,374,595,596,-1,374,596,377,-1,474,597,379,-1,379,597,598,-1,379,598,115,-1,115,598,599,-1,115,599,190,-1,193,600,191,-1,191,600,601,-1,191,601,602,-1,602,601,603,-1,198,200,381,-1,381,200,604,-1,381,604,382,-1,297,296,294,-1,294,296,605,-1,294,605,115,-1,115,605,606,-1,115,606,485,-1,607,608,115,-1,115,608,609,-1,299,610,300,-1,300,610,611,-1,300,611,612,-1,612,611,493,-1,612,493,613,-1,613,493,495,-1,208,614,209,-1,209,614,496,-1,209,496,615,-1,615,496,498,-1,404,616,26,-1,26,616,617,-1,26,617,618,-1,618,617,619,-1,618,619,620,-1,620,619,406,-1,620,406,621,-1,621,406,405,-1,413,622,414,-1,414,622,115,-1,414,115,623,-1,503,624,501,-1,501,624,625,-1,501,625,507,-1,507,625,626,-1,507,626,505,-1,627,628,629,-1,326,630,71,-1,71,630,631,-1,71,631,72,-1,72,631,632,-1,72,632,415,-1,228,633,229,-1,229,633,514,-1,229,514,634,-1,634,514,516,-1,532,635,530,-1,530,635,636,-1,530,636,637,-1,637,636,638,-1,637,638,81,-1,81,638,639,-1,81,639,82,-1,535,640,533,-1,533,640,641,-1,533,641,642,-1,642,641,643,-1,642,643,87,-1,87,643,644,-1,87,644,88,-1,163,645,165,-1,165,645,646,-1,165,646,647,-1,647,646,551,-1,647,551,648,-1,648,551,553,-1,168,649,166,-1,166,649,554,-1,166,554,650,-1,650,554,556,-1,651,652,653,-1,559,654,557,-1,557,654,655,-1,557,655,656,-1,656,655,657,-1,656,657,266,-1,266,657,658,-1,266,658,264,-1,364,659,182,-1,182,659,660,-1,182,660,18,-1,18,660,661,-1,18,661,365,-1,662,18,663,-1,280,664,453,-1,453,664,564,-1,453,564,665,-1,665,564,566,-1,284,283,666,-1,666,283,569,-1,666,569,10,-1,10,569,571,-1,10,571,8,-1,667,668,187,-1,187,668,669,-1,187,669,586,-1,670,671,672,-1,673,674,675,-1,676,677,678,-1,297,679,295,-1,295,679,680,-1,295,680,681,-1,681,680,682,-1,683,684,488,-1,488,684,685,-1,488,685,115,-1,115,685,686,-1,115,686,489,-1,687,688,115,-1,115,688,689,-1,690,691,137,-1,137,691,692,-1,137,692,138,-1,138,692,693,-1,138,693,414,-1,414,693,694,-1,414,694,412,-1,695,696,72,-1,72,696,697,-1,72,697,324,-1,698,325,699,-1,698,700,325,-1,325,700,701,-1,325,701,702,-1,703,704,72,-1,72,704,705,-1,72,705,70,-1,629,706,627,-1,627,706,707,-1,627,707,329,-1,329,707,708,-1,329,708,327,-1,709,710,711,-1,711,710,712,-1,711,712,349,-1,349,712,713,-1,349,713,350,-1,653,714,651,-1,651,714,715,-1,651,715,716,-1,716,715,717,-1,716,717,718,-1,718,717,719,-1,718,719,720,-1,720,719,721,-1,720,721,261,-1,261,721,722,-1,261,722,47,-1,723,724,725,-1,725,724,726,-1,371,727,281,-1,281,727,728,-1,281,728,459,-1,459,728,729,-1,459,729,457,-1,730,731,187,-1,187,731,732,-1,187,732,285,-1,733,734,187,-1,187,734,735,-1,187,735,185,-1,736,737,738,-1,589,739,591,-1,591,739,670,-1,591,670,740,-1,740,670,672,-1,473,741,472,-1,472,741,675,-1,472,675,742,-1,742,675,674,-1,475,743,474,-1,474,743,678,-1,474,678,744,-1,744,678,677,-1,745,746,747,-1,747,746,748,-1,747,748,202,-1,202,748,749,-1,202,749,383,-1,750,751,752,-1,689,753,115,-1,115,753,754,-1,115,754,607,-1,609,755,115,-1,115,755,756,-1,115,756,623,-1,623,756,757,-1,623,757,758,-1,759,760,761,-1,762,763,72,-1,72,763,764,-1,72,764,223,-1,765,766,767,-1,241,768,240,-1,240,768,769,-1,240,769,770,-1,771,772,773,-1,563,774,112,-1,112,774,775,-1,112,775,18,-1,18,775,776,-1,18,776,777,-1,275,778,368,-1,368,778,725,-1,368,725,779,-1,779,725,726,-1,780,781,782,-1,783,784,785,-1,186,786,461,-1,461,786,787,-1,461,787,788,-1,788,787,736,-1,788,736,789,-1,789,736,738,-1,463,790,186,-1,186,790,791,-1,186,791,187,-1,187,791,792,-1,187,792,667,-1,793,794,795,-1,795,794,796,-1,795,796,675,-1,675,796,797,-1,675,797,673,-1,798,799,800,-1,800,799,801,-1,800,801,678,-1,678,801,802,-1,678,802,676,-1,803,804,805,-1,805,804,806,-1,805,806,382,-1,382,806,807,-1,382,807,380,-1,683,808,684,-1,684,808,752,-1,684,752,809,-1,809,752,751,-1,810,811,812,-1,123,813,122,-1,122,813,814,-1,122,814,815,-1,690,816,691,-1,691,816,817,-1,691,817,72,-1,72,817,818,-1,72,818,323,-1,504,819,321,-1,321,819,820,-1,321,820,72,-1,72,820,821,-1,72,821,695,-1,699,822,698,-1,698,822,759,-1,698,759,823,-1,823,759,761,-1,224,824,508,-1,508,824,825,-1,508,825,826,-1,826,825,765,-1,826,765,827,-1,827,765,767,-1,510,828,224,-1,224,828,829,-1,224,829,72,-1,72,829,830,-1,72,830,703,-1,112,831,562,-1,562,831,832,-1,562,832,833,-1,833,832,771,-1,833,771,834,-1,834,771,773,-1,777,835,18,-1,18,835,836,-1,18,836,663,-1,782,837,780,-1,780,837,838,-1,780,838,575,-1,575,838,839,-1,575,839,573,-1,572,840,460,-1,460,840,841,-1,460,841,187,-1,187,841,842,-1,187,842,730,-1,577,843,576,-1,576,843,783,-1,576,783,844,-1,844,783,785,-1,580,845,286,-1,286,845,846,-1,286,846,187,-1,187,846,847,-1,187,847,733,-1,848,849,850,-1,850,849,851,-1,850,851,289,-1,289,851,852,-1,289,852,480,-1,853,854,855,-1,855,854,856,-1,855,856,752,-1,752,856,857,-1,752,857,750,-1,492,858,115,-1,115,858,859,-1,115,859,687,-1,687,859,812,-1,687,812,860,-1,860,812,811,-1,702,861,325,-1,325,861,862,-1,325,862,72,-1,72,862,863,-1,72,863,762,-1,864,865,866,-1,866,865,867,-1,866,867,601,-1,601,867,868,-1,601,868,603,-1,869,870,871,-1,871,870,872,-1,871,872,812,-1,812,872,873,-1,812,873,810,-1,216,874,122,-1,122,874,875,-1,122,875,300,-1,300,875,876,-1,300,876,298,-1,160,877,240,-1,662,663,878,-1,878,663,879,-1,878,879,723,-1,723,879,880,-1,723,880,724,-1,881,882,883,-1,883,882,884,-1,883,884,680,-1,680,884,885,-1,680,885,682,-1,770,886,240,-1,240,886,887,-1,240,887,97,-1,97,887,888,-1,97,888,98,-1,320,889,315,-1,315,889,890,-1,315,890,428,-1,428,890,240,-1,428,240,426,-1,426,240,877,-1,97,891,240,-1,240,891,892,-1,240,892,160,-1,160,892,893,-1,160,893,161,-1,815,894,122,-1,122,894,895,-1,122,895,132,-1,132,895,896,-1,132,896,133,-1,132,897,122,-1,122,897,898,-1,122,898,216,-1,216,898,899,-1,216,899,217,-1,900,62,64,-1,64,901,900,-1,900,901,902,-1,900,902,903,-1,904,566,565,-1,905,906,903,-1,565,905,904,-1,904,905,903,-1,904,903,907,-1,907,903,902,-1,907,902,268,-1,268,902,269,-1,908,653,652,-1,909,910,903,-1,652,909,908,-1,908,909,903,-1,908,903,911,-1,911,903,906,-1,911,906,558,-1,558,906,559,-1,912,556,555,-1,913,914,903,-1,555,913,912,-1,912,913,903,-1,912,903,915,-1,915,903,910,-1,915,910,709,-1,709,910,710,-1,916,441,440,-1,917,918,903,-1,440,917,916,-1,916,917,903,-1,916,903,919,-1,919,903,914,-1,919,914,552,-1,552,914,553,-1,920,532,531,-1,921,922,903,-1,531,921,920,-1,920,921,903,-1,920,903,923,-1,923,903,918,-1,923,918,534,-1,534,918,535,-1,407,409,924,-1,924,409,903,-1,924,903,925,-1,925,903,922,-1,925,922,424,-1,424,922,425,-1,926,338,337,-1,409,411,903,-1,903,411,927,-1,903,927,928,-1,346,345,929,-1,929,345,930,-1,314,313,928,-1,928,313,931,-1,928,931,903,-1,903,931,932,-1,516,515,932,-1,932,515,933,-1,932,933,903,-1,903,933,934,-1,332,331,934,-1,934,331,935,-1,934,935,903,-1,903,935,936,-1,629,628,936,-1,936,628,937,-1,936,937,903,-1,903,937,938,-1,767,766,938,-1,938,766,939,-1,938,939,903,-1,903,939,940,-1,761,760,940,-1,940,760,941,-1,940,941,903,-1,903,941,942,-1,503,502,942,-1,942,502,943,-1,942,943,903,-1,903,943,944,-1,433,432,944,-1,944,432,945,-1,944,945,903,-1,903,945,946,-1,337,947,926,-1,926,947,903,-1,926,903,948,-1,948,903,946,-1,948,946,435,-1,435,946,436,-1,33,2,949,-1,949,2,950,-1,949,950,930,-1,930,950,903,-1,930,903,929,-1,929,903,947,-1,950,2,1,-1,1,951,950,-1,950,951,952,-1,950,952,953,-1,954,870,869,-1,955,956,953,-1,869,955,954,-1,954,955,953,-1,954,953,957,-1,957,953,952,-1,957,952,758,-1,758,952,623,-1,958,882,881,-1,959,960,953,-1,881,959,958,-1,958,959,953,-1,958,953,961,-1,961,953,956,-1,961,956,853,-1,853,956,854,-1,962,746,745,-1,963,964,953,-1,745,963,962,-1,962,963,953,-1,962,953,965,-1,965,953,960,-1,965,960,848,-1,848,960,849,-1,966,865,864,-1,967,968,953,-1,864,967,966,-1,966,967,953,-1,966,953,969,-1,969,953,964,-1,969,964,803,-1,803,964,804,-1,970,794,793,-1,971,972,953,-1,793,971,970,-1,970,971,953,-1,970,953,973,-1,973,953,968,-1,973,968,798,-1,798,968,799,-1,274,273,974,-1,974,273,953,-1,974,953,975,-1,975,953,972,-1,975,972,671,-1,671,972,672,-1,953,273,368,-1,368,976,953,-1,953,976,977,-1,953,977,900,-1,978,452,451,-1,979,980,900,-1,451,979,978,-1,978,979,900,-1,978,900,981,-1,981,900,977,-1,981,977,772,-1,772,977,773,-1,982,443,442,-1,983,984,900,-1,442,983,982,-1,982,983,900,-1,982,900,985,-1,985,900,980,-1,985,980,271,-1,271,980,272,-1,986,785,784,-1,987,988,900,-1,784,987,986,-1,986,987,900,-1,986,900,989,-1,989,900,984,-1,989,984,737,-1,737,984,738,-1,990,495,494,-1,991,992,900,-1,494,991,990,-1,990,991,900,-1,990,900,993,-1,993,900,988,-1,993,988,781,-1,781,988,782,-1,994,391,390,-1,995,996,900,-1,390,995,994,-1,994,995,900,-1,994,900,997,-1,997,900,992,-1,997,992,497,-1,497,992,498,-1,60,62,998,-1,998,62,900,-1,998,900,999,-1,999,900,996,-1,999,996,394,-1,394,996,395,-1,1000,1001,950,-1,1002,1003,903,-1,1004,900,1005,-1,1005,900,903,-1,1001,1006,950,-1,950,1006,1007,-1,950,1007,1008,-1,1003,1009,903,-1,903,1009,1010,-1,903,1010,1005,-1,1011,1012,953,-1,953,1012,1013,-1,953,1013,1014,-1,1008,1015,950,-1,950,1015,1016,-1,950,1016,903,-1,903,1016,1017,-1,903,1017,1002,-1,1004,1018,900,-1,900,1018,1019,-1,900,1019,953,-1,953,1019,1020,-1,953,1020,1011,-1,1014,1021,953,-1,953,1021,1022,-1,953,1022,950,-1,950,1022,1023,-1,950,1023,1000,-1,
        ]
    }
}
Shape{
    appearance Appearance {
        material  Material 	{
            diffuseColor 0.7529411764705882 0.7529411764705882 0.7529411764705882
            specularColor 0.3764705882352941 0.3764705882352941 0.3764705882352941
            ambientIntensity 0.7529
            transparency 0.0
            shininess 0.5
        }
    }
    geometry IndexedFaceSet {
        ccw TRUE
        solid FALSE
        coord DEF co Coordinate {
            point [
                -0.8665 0.9738 0.3386, -0.8665 0.9738 0.3425, -0.8699 0.9998 0.3386, -0.8699 0.9998 0.3425, -0.88 1.0241 0.3386, -0.88 1.0241 0.3425, -0.8959 1.0449 0.3386, -0.8959 1.0449 0.3425, -0.9168 1.0608 0.3386, -0.9168 1.0608 0.3425, -0.941 1.0709 0.3386, -0.941 1.0709 0.3425, -0.967 1.0743 0.3386, -0.967 1.0743 0.3425, -0.993 1.0709 0.3386, -0.993 1.0709 0.3425, -1.0172 1.0608 0.3386, -1.0172 1.0608 0.3425, -1.0381 1.0449 0.3386, -1.0381 1.0449 0.3425, -1.054 1.0241 0.3386, -1.054 1.0241 0.3425, -1.0641 0.9998 0.3386, -1.0641 0.9998 0.3425, -1.0675 0.9738 0.3386, -1.0675 0.9738 0.3425, -1.0641 0.9478 0.3386, -1.0641 0.9478 0.3425, -1.054 0.9236 0.3386, -1.054 0.9236 0.3425, -1.0381 0.9027 0.3386, -1.0381 0.9027 0.3425, -1.0172 0.8868 0.3386, -1.0172 0.8868 0.3425, -0.993 0.8767 0.3386, -0.993 0.8767 0.3425, -0.967 0.8733 0.3386, -0.967 0.8733 0.3425, -0.941 0.8767 0.3386, -0.941 0.8767 0.3425, -0.9168 0.8868 0.3386, -0.9168 0.8868 0.3425, -0.8959 0.9027 0.3386, -0.8959 0.9027 0.3425, -0.88 0.9236 0.3386, -0.88 0.9236 0.3425, -0.8699 0.9478 0.3386, -0.8699 0.9478 0.3425, -0.967 0.9738 0.3386, -1.185 -0.8268 0.0866, -1.185 -0.9055 0.0866, -1.1811 -0.8268 0.0866, -1.1811 -0.9055 0.0866, -1.1811 -0.9055 0.0079, -1.185 -0.9055 0.0, -1.063 -0.9055 0.0079, -1.063 -0.9055 0.0, -1.0551 -0.9046 0.0, -1.0551 -0.9046 0.0079, -1.0476 -0.902 0.0, -1.0476 -0.902 0.0079, -1.0409 -0.8978 0.0, -1.0409 -0.8978 0.0079, -1.0353 -0.8922 0.0, -1.0353 -0.8922 0.0079, -1.0311 -0.8855 0.0, -1.0311 -0.8855 0.0079, -1.0284 -0.878 0.0, -1.0284 -0.878 0.0079, -1.0276 -0.8701 0.0, -1.0276 -0.8701 0.0079, -1.0276 -0.8622 0.0, -1.0276 -0.8622 0.0079, -1.0284 -0.8543 0.0, -1.0284 -0.8543 0.0079, -1.0311 -0.8468 0.0, -1.0311 -0.8468 0.0079, -1.0353 -0.8401 0.0, -1.0353 -0.8401 0.0079, -1.0409 -0.8345 0.0, -1.0409 -0.8345 0.0079, -1.0476 -0.8303 0.0, -1.0476 -0.8303 0.0079, -1.0551 -0.8277 0.0, -1.0551 -0.8277 0.0079, -1.063 -0.8268 0.0, -1.063 -0.8268 0.0079, -1.1811 -0.8268 0.0079, -1.185 -0.8268 0.0
            ]
        }
        coordIndex [
            0,1,2,-1,2,1,3,-1,2,3,4,-1,4,3,5,-1,4,5,6,-1,6,5,7,-1,6,7,8,-1,8,7,9,-1,8,9,10,-1,10,9,11,-1,10,11,12,-1,12,11,13,-1,12,13,14,-1,14,13,15,-1,14,15,16,-1,16,15,17,-1,16,17,18,-1,18,17,19,-1,18,19,20,-1,20,19,21,-1,20,21,22,-1,22,21,23,-1,22,23,24,-1,24,23,25,-1,24,25,26,-1,26,25,27,-1,26,27,28,-1,28,27,29,-1,28,29,30,-1,30,29,31,-1,30,31,32,-1,32,31,33,-1,32,33,34,-1,34,33,35,-1,34,35,36,-1,36,35,37,-1,36,37,38,-1,38,37,39,-1,38,39,40,-1,40,39,41,-1,40,41,42,-1,42,41,43,-1,42,43,44,-1,44,43,45,-1,44,45,46,-1,46,45,47,-1,46,47,0,-1,0,47,1,-1,44,46,48,-1,48,46,0,-1,48,0,2,-1,38,40,48,-1,48,40,42,-1,48,42,44,-1,32,34,48,-1,48,34,36,-1,48,36,38,-1,26,28,48,-1,48,28,30,-1,48,30,32,-1,20,22,48,-1,48,22,24,-1,48,24,26,-1,14,16,48,-1,48,16,18,-1,48,18,20,-1,8,10,48,-1,48,10,12,-1,48,12,14,-1,2,4,48,-1,48,4,6,-1,48,6,8,-1,49,50,51,-1,51,50,52,-1,52,50,53,-1,53,50,54,-1,53,54,55,-1,55,54,56,-1,55,56,57,-1,55,57,58,-1,58,57,59,-1,58,59,60,-1,60,59,61,-1,60,61,62,-1,62,61,63,-1,62,63,64,-1,64,63,65,-1,64,65,66,-1,66,65,67,-1,66,67,68,-1,68,67,69,-1,68,69,70,-1,69,71,70,-1,70,71,72,-1,72,71,73,-1,72,73,74,-1,74,73,75,-1,74,75,76,-1,76,75,77,-1,76,77,78,-1,78,77,79,-1,78,79,80,-1,80,79,81,-1,80,81,82,-1,82,81,83,-1,82,83,84,-1,84,83,85,-1,84,85,86,-1,86,85,87,-1,87,85,88,-1,87,88,51,-1,51,88,49,-1,
        ]
    }
}
Shape{
    appearance Appearance {
        material  Material 	{
            diffuseColor 1.0 0.5019607843137255 0.0
            specularColor 0.5019607843137255 0.25098039215686274 0.0
            ambientIntensity 0.5937
            transparency 0.0
            shininess 0.5
        }
    }
    geometry IndexedFaceSet {
        ccw TRUE
        solid FALSE
        coord DEF co Coordinate {
            point [
                -1.185 -0.9055 0.0, -1.185 -0.9055 0.0866, -1.185 -0.8268 0.0, -1.185 -0.8268 0.0866
            ]
        }
        coordIndex [
            0,1,2,-1,2,1,3,-1,
        ]
    }
}
Shape{
    appearance Appearance {
        material  Material 	{
            diffuseColor 0.7529411764705882 0.7529411764705882 0.7529411764705882
            specularColor 0.3764705882352941 0.3764705882352941 0.3764705882352941
            ambientIntensity 0.7529
            transparency 0.0
            shininess 0.5
        }
    }
    geometry IndexedFaceSet {
        ccw TRUE
        solid FALSE
        coord DEF co Coordinate {
            point [
                -1.185 -0.9055 0.0, -1.185 -0.8268 0.0, -1.063 -0.9055 0.0, -1.063 -0.8268 0.0, -1.0284 -0.8543 0.0, -1.0276 -0.8622 0.0, -1.0276 -0.8701 0.0, -1.0409 -0.8345 0.0, -1.0353 -0.8401 0.0, -1.0311 -0.8468 0.0, -1.0551 -0.8277 0.0, -1.0476 -0.8303 0.0, -1.0284 -0.878 0.0, -1.0311 -0.8855 0.0, -1.0353 -0.8922 0.0, -1.0409 -0.8978 0.0, -1.0476 -0.902 0.0, -1.0551 -0.9046 0.0, -0.9055 -1.1811 0.0866, -0.9055 -1.185 0.0866, -0.8268 -1.1811 0.0866, -0.8268 -1.185 0.0866, -0.9055 -1.063 0.0079, -0.9055 -1.063 0.0, -0.9055 -1.1811 0.0079, -0.9055 -1.185 0.0, -0.8268 -1.1811 0.0079, -0.8268 -1.185 0.0, -0.8268 -1.063 0.0079, -0.8268 -1.063 0.0, -0.8277 -1.0551 0.0, -0.8277 -1.0551 0.0079, -0.8303 -1.0476 0.0, -0.8303 -1.0476 0.0079, -0.8345 -1.0409 0.0, -0.8345 -1.0409 0.0079, -0.8401 -1.0353 0.0, -0.8401 -1.0353 0.0079, -0.8468 -1.0311 0.0, -0.8468 -1.0311 0.0079, -0.8543 -1.0284 0.0, -0.8543 -1.0284 0.0079, -0.8622 -1.0276 0.0, -0.8622 -1.0276 0.0079, -0.8701 -1.0276 0.0, -0.8701 -1.0276 0.0079, -0.878 -1.0284 0.0, -0.878 -1.0284 0.0079, -0.8855 -1.0311 0.0, -0.8855 -1.0311 0.0079, -0.8922 -1.0353 0.0, -0.8922 -1.0353 0.0079, -0.8978 -1.0409 0.0, -0.8978 -1.0409 0.0079, -0.902 -1.0476 0.0, -0.902 -1.0476 0.0079, -0.9046 -1.0551 0.0, -0.9046 -1.0551 0.0079
            ]
        }
        coordIndex [
            0,1,2,-1,2,1,3,-1,4,5,2,-1,2,5,6,-1,7,8,2,-1,2,8,9,-1,2,9,4,-1,3,10,2,-1,2,10,11,-1,2,11,7,-1,6,12,2,-1,2,12,13,-1,2,13,14,-1,14,15,2,-1,2,15,16,-1,2,16,17,-1,18,19,20,-1,20,19,21,-1,22,23,24,-1,24,23,25,-1,24,25,18,-1,18,25,19,-1,20,21,26,-1,26,21,27,-1,26,27,28,-1,28,27,29,-1,28,29,30,-1,28,30,31,-1,31,30,32,-1,31,32,33,-1,33,32,34,-1,33,34,35,-1,35,34,36,-1,35,36,37,-1,37,36,38,-1,37,38,39,-1,39,38,40,-1,39,40,41,-1,41,40,42,-1,41,42,43,-1,42,44,43,-1,43,44,45,-1,45,44,46,-1,45,46,47,-1,47,46,48,-1,47,48,49,-1,49,48,50,-1,49,50,51,-1,51,50,52,-1,51,52,53,-1,53,52,54,-1,53,54,55,-1,55,54,56,-1,55,56,57,-1,57,56,23,-1,57,23,22,-1,
        ]
    }
}
Shape{
    appearance Appearance {
        material  Material 	{
            diffuseColor 1.0 0.5019607843137255 0.0
            specularColor 0.5019607843137255 0.25098039215686274 0.0
            ambientIntensity 0.5937
            transparency 0.0
            shininess 0.5
        }
    }
    geometry IndexedFaceSet {
        ccw TRUE
        solid FALSE
        coord DEF co Coordinate {
            point [
                -0.8268 -1.185 0.0, -0.8268 -1.185 0.0866, -0.9055 -1.185 0.0, -0.9055 -1.185 0.0866
            ]
        }
        coordIndex [
            0,1,2,-1,2,1,3,-1,
        ]
    }
}
Shape{
    appearance Appearance {
        material  Material 	{
            diffuseColor 0.7529411764705882 0.7529411764705882 0.7529411764705882
            specularColor 0.3764705882352941 0.3764705882352941 0.3764705882352941
            ambientIntensity 0.7529
            transparency 0.0
            shininess 0.5
        }
    }
    geometry IndexedFaceSet {
        ccw TRUE
        solid FALSE
        coord DEF co Coordinate {
            point [
                -0.902 -1.0476 0.0, -0.878 -1.0284 0.0, -0.9046 -1.0551 0.0, -0.8701 -1.0276 0.0, -0.9055 -1.063 0.0, -0.8978 -1.0409 0.0, -0.8922 -1.0353 0.0, -0.8855 -1.0311 0.0, -0.8468 -1.0311 0.0, -0.8277 -1.0551 0.0, -0.8543 -1.0284 0.0, -0.8268 -1.063 0.0, -0.8622 -1.0276 0.0, -0.8268 -1.185 0.0, -0.9055 -1.185 0.0, -0.8401 -1.0353 0.0, -0.8345 -1.0409 0.0, -0.8303 -1.0476 0.0, -1.1811 -0.6693 0.0866, -1.185 -0.6693 0.0866, -1.1811 -0.748 0.0866, -1.185 -0.748 0.0866, -1.063 -0.6693 0.0079, -1.063 -0.6693 0.0, -1.1811 -0.6693 0.0079, -1.185 -0.6693 0.0, -1.1811 -0.748 0.0079, -1.185 -0.748 0.0, -1.063 -0.748 0.0079, -1.063 -0.748 0.0, -1.0551 -0.7471 0.0, -1.0551 -0.7471 0.0079, -1.0476 -0.7445 0.0, -1.0476 -0.7445 0.0079, -1.0409 -0.7403 0.0, -1.0409 -0.7403 0.0079, -1.0353 -0.7347 0.0, -1.0353 -0.7347 0.0079, -1.0311 -0.728 0.0, -1.0311 -0.728 0.0079, -1.0284 -0.7205 0.0, -1.0284 -0.7205 0.0079, -1.0276 -0.7126 0.0, -1.0276 -0.7126 0.0079, -1.0276 -0.7047 0.0, -1.0276 -0.7047 0.0079, -1.0284 -0.6968 0.0, -1.0284 -0.6968 0.0079, -1.0311 -0.6894 0.0, -1.0311 -0.6894 0.0079, -1.0353 -0.6826 0.0, -1.0353 -0.6826 0.0079, -1.0409 -0.677 0.0, -1.0409 -0.677 0.0079, -1.0476 -0.6728 0.0, -1.0476 -0.6728 0.0079, -1.0551 -0.6702 0.0, -1.0551 -0.6702 0.0079
            ]
        }
        coordIndex [
            0,1,2,-1,2,1,3,-1,2,3,4,-1,0,5,1,-1,1,5,6,-1,1,6,7,-1,8,9,10,-1,10,9,11,-1,10,11,12,-1,12,11,13,-1,12,13,3,-1,3,13,14,-1,3,14,4,-1,8,15,9,-1,9,15,16,-1,9,16,17,-1,18,19,20,-1,20,19,21,-1,22,23,24,-1,24,23,25,-1,24,25,18,-1,18,25,19,-1,20,21,26,-1,26,21,27,-1,26,27,28,-1,28,27,29,-1,28,29,30,-1,28,30,31,-1,31,30,32,-1,31,32,33,-1,33,32,34,-1,33,34,35,-1,35,34,36,-1,35,36,37,-1,37,36,38,-1,37,38,39,-1,39,38,40,-1,39,40,41,-1,41,40,42,-1,41,42,43,-1,42,44,43,-1,43,44,45,-1,45,44,46,-1,45,46,47,-1,47,46,48,-1,47,48,49,-1,49,48,50,-1,49,50,51,-1,51,50,52,-1,51,52,53,-1,53,52,54,-1,53,54,55,-1,55,54,56,-1,55,56,57,-1,57,56,23,-1,57,23,22,-1,
        ]
    }
}
Shape{
    appearance Appearance {
        material  Material 	{
            diffuseColor 1.0 0.5019607843137255 0.0
            specularColor 0.5019607843137255 0.25098039215686274 0.0
            ambientIntensity 0.5937
            transparency 0.0
            shininess 0.5
        }
    }
    geometry IndexedFaceSet {
        ccw TRUE
        solid FALSE
        coord DEF co Coordinate {
            point [
                -1.185 -0.748 0.0, -1.185 -0.748 0.0866, -1.185 -0.6693 0.0, -1.185 -0.6693 0.0866
            ]
        }
        coordIndex [
            0,1,2,-1,2,1,3,-1,
        ]
    }
}
Shape{
    appearance Appearance {
        material  Material 	{
            diffuseColor 0.7529411764705882 0.7529411764705882 0.7529411764705882
            specularColor 0.3764705882352941 0.3764705882352941 0.3764705882352941
            ambientIntensity 0.7529
            transparency 0.0
            shininess 0.5
        }
    }
    geometry IndexedFaceSet {
        ccw TRUE
        solid FALSE
        coord DEF co Coordinate {
            point [
                -1.063 -0.748 0.0, -1.185 -0.748 0.0, -1.0276 -0.7126 0.0, -1.0284 -0.6968 0.0, -1.0276 -0.7047 0.0, -1.063 -0.6693 0.0, -1.185 -0.6693 0.0, -1.0409 -0.677 0.0, -1.0353 -0.6826 0.0, -1.0311 -0.6894 0.0, -1.0476 -0.6728 0.0, -1.0551 -0.6702 0.0, -1.0551 -0.7471 0.0, -1.0284 -0.7205 0.0, -1.0311 -0.728 0.0, -1.0353 -0.7347 0.0, -1.0409 -0.7403 0.0, -1.0476 -0.7445 0.0, -1.1811 -0.5118 0.0866, -1.185 -0.5118 0.0866, -1.1811 -0.5906 0.0866, -1.185 -0.5906 0.0866, -1.063 -0.5118 0.0079, -1.063 -0.5118 0.0, -1.1811 -0.5118 0.0079, -1.185 -0.5118 0.0, -1.1811 -0.5906 0.0079, -1.185 -0.5906 0.0, -1.063 -0.5906 0.0079, -1.063 -0.5906 0.0, -1.0551 -0.5897 0.0, -1.0551 -0.5897 0.0079, -1.0476 -0.587 0.0, -1.0476 -0.587 0.0079, -1.0409 -0.5828 0.0, -1.0409 -0.5828 0.0079, -1.0353 -0.5772 0.0, -1.0353 -0.5772 0.0079, -1.0311 -0.5705 0.0, -1.0311 -0.5705 0.0079, -1.0284 -0.563 0.0, -1.0284 -0.563 0.0079, -1.0276 -0.5551 0.0, -1.0276 -0.5551 0.0079, -1.0276 -0.5472 0.0, -1.0276 -0.5472 0.0079, -1.0284 -0.5394 0.0, -1.0284 -0.5394 0.0079, -1.0311 -0.5319 0.0, -1.0311 -0.5319 0.0079, -1.0353 -0.5252 0.0, -1.0353 -0.5252 0.0079, -1.0409 -0.5195 0.0, -1.0409 -0.5195 0.0079, -1.0476 -0.5153 0.0, -1.0476 -0.5153 0.0079, -1.0551 -0.5127 0.0, -1.0551 -0.5127 0.0079
            ]
        }
        coordIndex [
            0,1,2,-1,3,4,5,-1,2,1,4,-1,4,1,6,-1,4,6,5,-1,7,8,9,-1,7,9,10,-1,3,5,9,-1,9,5,11,-1,9,11,10,-1,0,2,12,-1,12,2,13,-1,12,13,14,-1,14,15,12,-1,12,15,16,-1,12,16,17,-1,18,19,20,-1,20,19,21,-1,22,23,24,-1,24,23,25,-1,24,25,18,-1,18,25,19,-1,20,21,26,-1,26,21,27,-1,26,27,28,-1,28,27,29,-1,28,29,30,-1,28,30,31,-1,31,30,32,-1,31,32,33,-1,33,32,34,-1,33,34,35,-1,35,34,36,-1,35,36,37,-1,37,36,38,-1,37,38,39,-1,39,38,40,-1,39,40,41,-1,41,40,42,-1,41,42,43,-1,42,44,43,-1,43,44,45,-1,45,44,46,-1,45,46,47,-1,47,46,48,-1,47,48,49,-1,49,48,50,-1,49,50,51,-1,51,50,52,-1,51,52,53,-1,53,52,54,-1,53,54,55,-1,55,54,56,-1,55,56,57,-1,57,56,23,-1,57,23,22,-1,
        ]
    }
}
Shape{
    appearance Appearance {
        material  Material 	{
            diffuseColor 1.0 0.5019607843137255 0.0
            specularColor 0.5019607843137255 0.25098039215686274 0.0
            ambientIntensity 0.5937
            transparency 0.0
            shininess 0.5
        }
    }
    geometry IndexedFaceSet {
        ccw TRUE
        solid FALSE
        coord DEF co Coordinate {
            point [
                -1.185 -0.5906 0.0, -1.185 -0.5906 0.0866, -1.185 -0.5118 0.0, -1.185 -0.5118 0.0866
            ]
        }
        coordIndex [
            0,1,2,-1,2,1,3,-1,
        ]
    }
}
Shape{
    appearance Appearance {
        material  Material 	{
            diffuseColor 0.7529411764705882 0.7529411764705882 0.7529411764705882
            specularColor 0.3764705882352941 0.3764705882352941 0.3764705882352941
            ambientIntensity 0.7529
            transparency 0.0
            shininess 0.5
        }
    }
    geometry IndexedFaceSet {
        ccw TRUE
        solid FALSE
        coord DEF co Coordinate {
            point [
                -1.063 -0.5906 0.0, -1.185 -0.5906 0.0, -1.0276 -0.5551 0.0, -1.0276 -0.5472 0.0, -1.185 -0.5118 0.0, -1.063 -0.5118 0.0, -1.0551 -0.5127 0.0, -1.0311 -0.5319 0.0, -1.0284 -0.5394 0.0, -1.0476 -0.5153 0.0, -1.0409 -0.5195 0.0, -1.0353 -0.5252 0.0, -1.0551 -0.5897 0.0, -1.0284 -0.563 0.0, -1.0311 -0.5705 0.0, -1.0353 -0.5772 0.0, -1.0409 -0.5828 0.0, -1.0476 -0.587 0.0, -1.1811 -0.3543 0.0866, -1.185 -0.3543 0.0866, -1.1811 -0.4331 0.0866, -1.185 -0.4331 0.0866, -1.063 -0.3543 0.0079, -1.063 -0.3543 0.0, -1.1811 -0.3543 0.0079, -1.185 -0.3543 0.0, -1.1811 -0.4331 0.0079, -1.185 -0.4331 0.0, -1.063 -0.4331 0.0079, -1.063 -0.4331 0.0, -1.0551 -0.4322 0.0, -1.0551 -0.4322 0.0079, -1.0476 -0.4296 0.0, -1.0476 -0.4296 0.0079, -1.0409 -0.4253 0.0, -1.0409 -0.4253 0.0079, -1.0353 -0.4197 0.0, -1.0353 -0.4197 0.0079, -1.0311 -0.413 0.0, -1.0311 -0.413 0.0079, -1.0284 -0.4055 0.0, -1.0284 -0.4055 0.0079, -1.0276 -0.3976 0.0, -1.0276 -0.3976 0.0079, -1.0276 -0.3898 0.0, -1.0276 -0.3898 0.0079, -1.0284 -0.3819 0.0, -1.0284 -0.3819 0.0079, -1.0311 -0.3744 0.0, -1.0311 -0.3744 0.0079, -1.0353 -0.3677 0.0, -1.0353 -0.3677 0.0079, -1.0409 -0.3621 0.0, -1.0409 -0.3621 0.0079, -1.0476 -0.3578 0.0, -1.0476 -0.3578 0.0079, -1.0551 -0.3552 0.0, -1.0551 -0.3552 0.0079
            ]
        }
        coordIndex [
            0,1,2,-1,2,1,3,-1,3,1,4,-1,3,4,5,-1,6,7,5,-1,5,7,8,-1,5,8,3,-1,6,9,7,-1,7,9,10,-1,7,10,11,-1,0,2,12,-1,12,2,13,-1,12,13,14,-1,14,15,12,-1,12,15,16,-1,12,16,17,-1,18,19,20,-1,20,19,21,-1,22,23,24,-1,24,23,25,-1,24,25,18,-1,18,25,19,-1,20,21,26,-1,26,21,27,-1,26,27,28,-1,28,27,29,-1,28,29,30,-1,28,30,31,-1,31,30,32,-1,31,32,33,-1,33,32,34,-1,33,34,35,-1,35,34,36,-1,35,36,37,-1,37,36,38,-1,37,38,39,-1,39,38,40,-1,39,40,41,-1,41,40,42,-1,41,42,43,-1,42,44,43,-1,43,44,45,-1,45,44,46,-1,45,46,47,-1,47,46,48,-1,47,48,49,-1,49,48,50,-1,49,50,51,-1,51,50,52,-1,51,52,53,-1,53,52,54,-1,53,54,55,-1,55,54,56,-1,55,56,57,-1,57,56,23,-1,57,23,22,-1,
        ]
    }
}
Shape{
    appearance Appearance {
        material  Material 	{
            diffuseColor 1.0 0.5019607843137255 0.0
            specularColor 0.5019607843137255 0.25098039215686274 0.0
            ambientIntensity 0.5937
            transparency 0.0
            shininess 0.5
        }
    }
    geometry IndexedFaceSet {
        ccw TRUE
        solid FALSE
        coord DEF co Coordinate {
            point [
                -1.185 -0.4331 0.0, -1.185 -0.4331 0.0866, -1.185 -0.3543 0.0, -1.185 -0.3543 0.0866
            ]
        }
        coordIndex [
            0,1,2,-1,2,1,3,-1,
        ]
    }
}
Shape{
    appearance Appearance {
        material  Material 	{
            diffuseColor 0.7529411764705882 0.7529411764705882 0.7529411764705882
            specularColor 0.3764705882352941 0.3764705882352941 0.3764705882352941
            ambientIntensity 0.7529
            transparency 0.0
            shininess 0.5
        }
    }
    geometry IndexedFaceSet {
        ccw TRUE
        solid FALSE
        coord DEF co Coordinate {
            point [
                -1.063 -0.4331 0.0, -1.185 -0.4331 0.0, -1.0276 -0.3976 0.0, -1.0276 -0.3898 0.0, -1.0551 -0.3552 0.0, -1.0476 -0.3578 0.0, -1.0409 -0.3621 0.0, -1.185 -0.3543 0.0, -1.063 -0.3543 0.0, -1.0284 -0.3819 0.0, -1.0311 -0.3744 0.0, -1.0353 -0.3677 0.0, -1.0551 -0.4322 0.0, -1.0284 -0.4055 0.0, -1.0311 -0.413 0.0, -1.0353 -0.4197 0.0, -1.0409 -0.4253 0.0, -1.0476 -0.4296 0.0, -1.1811 -0.1969 0.0866, -1.185 -0.1969 0.0866, -1.1811 -0.2756 0.0866, -1.185 -0.2756 0.0866, -1.063 -0.1969 0.0079, -1.063 -0.1969 0.0, -1.1811 -0.1969 0.0079, -1.185 -0.1969 0.0, -1.1811 -0.2756 0.0079, -1.185 -0.2756 0.0, -1.063 -0.2756 0.0079, -1.063 -0.2756 0.0, -1.0551 -0.2747 0.0, -1.0551 -0.2747 0.0079, -1.0476 -0.2721 0.0, -1.0476 -0.2721 0.0079, -1.0409 -0.2679 0.0, -1.0409 -0.2679 0.0079, -1.0353 -0.2622 0.0, -1.0353 -0.2622 0.0079, -1.0311 -0.2555 0.0, -1.0311 -0.2555 0.0079, -1.0284 -0.248 0.0, -1.0284 -0.248 0.0079, -1.0276 -0.2402 0.0, -1.0276 -0.2402 0.0079, -1.0276 -0.2323 0.0, -1.0276 -0.2323 0.0079, -1.0284 -0.2244 0.0, -1.0284 -0.2244 0.0079, -1.0311 -0.2169 0.0, -1.0311 -0.2169 0.0079, -1.0353 -0.2102 0.0, -1.0353 -0.2102 0.0079, -1.0409 -0.2046 0.0, -1.0409 -0.2046 0.0079, -1.0476 -0.2004 0.0, -1.0476 -0.2004 0.0079, -1.0551 -0.1977 0.0, -1.0551 -0.1977 0.0079
            ]
        }
        coordIndex [
            0,1,2,-1,2,1,3,-1,4,5,6,-1,1,7,3,-1,3,7,8,-1,3,8,9,-1,9,8,10,-1,4,6,8,-1,8,6,11,-1,8,11,10,-1,0,2,12,-1,12,2,13,-1,12,13,14,-1,14,15,12,-1,12,15,16,-1,12,16,17,-1,18,19,20,-1,20,19,21,-1,22,23,24,-1,24,23,25,-1,24,25,18,-1,18,25,19,-1,20,21,26,-1,26,21,27,-1,26,27,28,-1,28,27,29,-1,28,29,30,-1,28,30,31,-1,31,30,32,-1,31,32,33,-1,33,32,34,-1,33,34,35,-1,35,34,36,-1,35,36,37,-1,37,36,38,-1,37,38,39,-1,39,38,40,-1,39,40,41,-1,41,40,42,-1,41,42,43,-1,42,44,43,-1,43,44,45,-1,45,44,46,-1,45,46,47,-1,47,46,48,-1,47,48,49,-1,49,48,50,-1,49,50,51,-1,51,50,52,-1,51,52,53,-1,53,52,54,-1,53,54,55,-1,55,54,56,-1,55,56,57,-1,57,56,23,-1,57,23,22,-1,
        ]
    }
}
Shape{
    appearance Appearance {
        material  Material 	{
            diffuseColor 1.0 0.5019607843137255 0.0
            specularColor 0.5019607843137255 0.25098039215686274 0.0
            ambientIntensity 0.5937
            transparency 0.0
            shininess 0.5
        }
    }
    geometry IndexedFaceSet {
        ccw TRUE
        solid FALSE
        coord DEF co Coordinate {
            point [
                -1.185 -0.2756 0.0, -1.185 -0.2756 0.0866, -1.185 -0.1969 0.0, -1.185 -0.1969 0.0866
            ]
        }
        coordIndex [
            0,1,2,-1,2,1,3,-1,
        ]
    }
}
Shape{
    appearance Appearance {
        material  Material 	{
            diffuseColor 0.7529411764705882 0.7529411764705882 0.7529411764705882
            specularColor 0.3764705882352941 0.3764705882352941 0.3764705882352941
            ambientIntensity 0.7529
            transparency 0.0
            shininess 0.5
        }
    }
    geometry IndexedFaceSet {
        ccw TRUE
        solid FALSE
        coord DEF co Coordinate {
            point [
                -1.063 -0.2756 0.0, -1.185 -0.2756 0.0, -1.0276 -0.2323 0.0, -1.0551 -0.1977 0.0, -1.0476 -0.2004 0.0, -1.0409 -0.2046 0.0, -1.185 -0.1969 0.0, -1.063 -0.1969 0.0, -1.0284 -0.2244 0.0, -1.0311 -0.2169 0.0, -1.0353 -0.2102 0.0, -1.0276 -0.2402 0.0, -1.0284 -0.248 0.0, -1.0551 -0.2747 0.0, -1.0476 -0.2721 0.0, -1.0311 -0.2555 0.0, -1.0353 -0.2622 0.0, -1.0409 -0.2679 0.0, -1.1811 -0.0394 0.0866, -1.185 -0.0394 0.0866, -1.1811 -0.1181 0.0866, -1.185 -0.1181 0.0866, -1.063 -0.0394 0.0079, -1.063 -0.0394 0.0, -1.1811 -0.0394 0.0079, -1.185 -0.0394 0.0, -1.1811 -0.1181 0.0079, -1.185 -0.1181 0.0, -1.063 -0.1181 0.0079, -1.063 -0.1181 0.0, -1.0551 -0.1172 0.0, -1.0551 -0.1172 0.0079, -1.0476 -0.1146 0.0, -1.0476 -0.1146 0.0079, -1.0409 -0.1104 0.0, -1.0409 -0.1104 0.0079, -1.0353 -0.1048 0.0, -1.0353 -0.1048 0.0079, -1.0311 -0.0981 0.0, -1.0311 -0.0981 0.0079, -1.0284 -0.0906 0.0, -1.0284 -0.0906 0.0079, -1.0276 -0.0827 0.0, -1.0276 -0.0827 0.0079, -1.0276 -0.0748 0.0, -1.0276 -0.0748 0.0079, -1.0284 -0.0669 0.0, -1.0284 -0.0669 0.0079, -1.0311 -0.0594 0.0, -1.0311 -0.0594 0.0079, -1.0353 -0.0527 0.0, -1.0353 -0.0527 0.0079, -1.0409 -0.0471 0.0, -1.0409 -0.0471 0.0079, -1.0476 -0.0429 0.0, -1.0476 -0.0429 0.0079, -1.0551 -0.0403 0.0, -1.0551 -0.0403 0.0079
            ]
        }
        coordIndex [
            0,1,2,-1,3,4,5,-1,1,6,2,-1,2,6,7,-1,2,7,8,-1,8,7,9,-1,3,5,7,-1,7,5,10,-1,7,10,9,-1,2,11,0,-1,0,11,12,-1,0,12,13,-1,13,12,14,-1,15,16,12,-1,12,16,17,-1,12,17,14,-1,18,19,20,-1,20,19,21,-1,22,23,24,-1,24,23,25,-1,24,25,18,-1,18,25,19,-1,20,21,26,-1,26,21,27,-1,26,27,28,-1,28,27,29,-1,28,29,30,-1,28,30,31,-1,31,30,32,-1,31,32,33,-1,33,32,34,-1,33,34,35,-1,35,34,36,-1,35,36,37,-1,37,36,38,-1,37,38,39,-1,39,38,40,-1,39,40,41,-1,41,40,42,-1,41,42,43,-1,42,44,43,-1,43,44,45,-1,45,44,46,-1,45,46,47,-1,47,46,48,-1,47,48,49,-1,49,48,50,-1,49,50,51,-1,51,50,52,-1,51,52,53,-1,53,52,54,-1,53,54,55,-1,55,54,56,-1,55,56,57,-1,57,56,23,-1,57,23,22,-1,
        ]
    }
}
Shape{
    appearance Appearance {
        material  Material 	{
            diffuseColor 1.0 0.5019607843137255 0.0
            specularColor 0.5019607843137255 0.25098039215686274 0.0
            ambientIntensity 0.5937
            transparency 0.0
            shininess 0.5
        }
    }
    geometry IndexedFaceSet {
        ccw TRUE
        solid FALSE
        coord DEF co Coordinate {
            point [
                -1.185 -0.1181 0.0, -1.185 -0.1181 0.0866, -1.185 -0.0394 0.0, -1.185 -0.0394 0.0866
            ]
        }
        coordIndex [
            0,1,2,-1,2,1,3,-1,
        ]
    }
}
Shape{
    appearance Appearance {
        material  Material 	{
            diffuseColor 0.7529411764705882 0.7529411764705882 0.7529411764705882
            specularColor 0.3764705882352941 0.3764705882352941 0.3764705882352941
            ambientIntensity 0.7529
            transparency 0.0
            shininess 0.5
        }
    }
    geometry IndexedFaceSet {
        ccw TRUE
        solid FALSE
        coord DEF co Coordinate {
            point [
                -1.063 -0.1181 0.0, -1.185 -0.1181 0.0, -1.0276 -0.0748 0.0, -1.0551 -0.0403 0.0, -1.0476 -0.0429 0.0, -1.0409 -0.0471 0.0, -1.185 -0.0394 0.0, -1.063 -0.0394 0.0, -1.0284 -0.0669 0.0, -1.0311 -0.0594 0.0, -1.0353 -0.0527 0.0, -1.0276 -0.0827 0.0, -1.0284 -0.0906 0.0, -1.0551 -0.1172 0.0, -1.0476 -0.1146 0.0, -1.0311 -0.0981 0.0, -1.0353 -0.1048 0.0, -1.0409 -0.1104 0.0, -1.1811 0.1181 0.0866, -1.185 0.1181 0.0866, -1.1811 0.0394 0.0866, -1.185 0.0394 0.0866, -1.063 0.1181 0.0079, -1.063 0.1181 0.0, -1.1811 0.1181 0.0079, -1.185 0.1181 0.0, -1.1811 0.0394 0.0079, -1.185 0.0394 0.0, -1.063 0.0394 0.0079, -1.063 0.0394 0.0, -1.0551 0.0403 0.0, -1.0551 0.0403 0.0079, -1.0476 0.0429 0.0, -1.0476 0.0429 0.0079, -1.0409 0.0471 0.0, -1.0409 0.0471 0.0079, -1.0353 0.0527 0.0, -1.0353 0.0527 0.0079, -1.0311 0.0594 0.0, -1.0311 0.0594 0.0079, -1.0284 0.0669 0.0, -1.0284 0.0669 0.0079, -1.0276 0.0748 0.0, -1.0276 0.0748 0.0079, -1.0276 0.0827 0.0, -1.0276 0.0827 0.0079, -1.0284 0.0906 0.0, -1.0284 0.0906 0.0079, -1.0311 0.0981 0.0, -1.0311 0.0981 0.0079, -1.0353 0.1048 0.0, -1.0353 0.1048 0.0079, -1.0409 0.1104 0.0, -1.0409 0.1104 0.0079, -1.0476 0.1146 0.0, -1.0476 0.1146 0.0079, -1.0551 0.1172 0.0, -1.0551 0.1172 0.0079
            ]
        }
        coordIndex [
            0,1,2,-1,3,4,5,-1,1,6,2,-1,2,6,7,-1,2,7,8,-1,8,7,9,-1,3,5,7,-1,7,5,10,-1,7,10,9,-1,2,11,0,-1,0,11,12,-1,0,12,13,-1,13,12,14,-1,15,16,12,-1,12,16,17,-1,12,17,14,-1,18,19,20,-1,20,19,21,-1,22,23,24,-1,24,23,25,-1,24,25,18,-1,18,25,19,-1,20,21,26,-1,26,21,27,-1,26,27,28,-1,28,27,29,-1,28,29,30,-1,28,30,31,-1,31,30,32,-1,31,32,33,-1,33,32,34,-1,33,34,35,-1,35,34,36,-1,35,36,37,-1,37,36,38,-1,37,38,39,-1,39,38,40,-1,39,40,41,-1,41,40,42,-1,41,42,43,-1,42,44,43,-1,43,44,45,-1,45,44,46,-1,45,46,47,-1,47,46,48,-1,47,48,49,-1,49,48,50,-1,49,50,51,-1,51,50,52,-1,51,52,53,-1,53,52,54,-1,53,54,55,-1,55,54,56,-1,55,56,57,-1,57,56,23,-1,57,23,22,-1,
        ]
    }
}
Shape{
    appearance Appearance {
        material  Material 	{
            diffuseColor 1.0 0.5019607843137255 0.0
            specularColor 0.5019607843137255 0.25098039215686274 0.0
            ambientIntensity 0.5937
            transparency 0.0
            shininess 0.5
        }
    }
    geometry IndexedFaceSet {
        ccw TRUE
        solid FALSE
        coord DEF co Coordinate {
            point [
                -1.185 0.0394 0.0, -1.185 0.0394 0.0866, -1.185 0.1181 0.0, -1.185 0.1181 0.0866
            ]
        }
        coordIndex [
            0,1,2,-1,2,1,3,-1,
        ]
    }
}
Shape{
    appearance Appearance {
        material  Material 	{
            diffuseColor 0.7529411764705882 0.7529411764705882 0.7529411764705882
            specularColor 0.3764705882352941 0.3764705882352941 0.3764705882352941
            ambientIntensity 0.7529
            transparency 0.0
            shininess 0.5
        }
    }
    geometry IndexedFaceSet {
        ccw TRUE
        solid FALSE
        coord DEF co Coordinate {
            point [
                -1.0551 0.0403 0.0, -1.063 0.0394 0.0, -1.0284 0.0669 0.0, -1.185 0.0394 0.0, -1.185 0.1181 0.0, -1.0276 0.0827 0.0, -1.063 0.1181 0.0, -1.0276 0.0748 0.0, -1.0551 0.1172 0.0, -1.0311 0.0981 0.0, -1.0284 0.0906 0.0, -1.0476 0.1146 0.0, -1.0409 0.1104 0.0, -1.0353 0.1048 0.0, -1.0311 0.0594 0.0, -1.0353 0.0527 0.0, -1.0409 0.0471 0.0, -1.0476 0.0429 0.0, -1.1811 0.2756 0.0866, -1.185 0.2756 0.0866, -1.1811 0.1969 0.0866, -1.185 0.1969 0.0866, -1.063 0.2756 0.0079, -1.063 0.2756 0.0, -1.1811 0.2756 0.0079, -1.185 0.2756 0.0, -1.1811 0.1969 0.0079, -1.185 0.1969 0.0, -1.063 0.1969 0.0079, -1.063 0.1969 0.0, -1.0551 0.1977 0.0, -1.0551 0.1977 0.0079, -1.0476 0.2004 0.0, -1.0476 0.2004 0.0079, -1.0409 0.2046 0.0, -1.0409 0.2046 0.0079, -1.0353 0.2102 0.0, -1.0353 0.2102 0.0079, -1.0311 0.2169 0.0, -1.0311 0.2169 0.0079, -1.0284 0.2244 0.0, -1.0284 0.2244 0.0079, -1.0276 0.2323 0.0, -1.0276 0.2323 0.0079, -1.0276 0.2402 0.0, -1.0276 0.2402 0.0079, -1.0284 0.248 0.0, -1.0284 0.248 0.0079, -1.0311 0.2555 0.0, -1.0311 0.2555 0.0079, -1.0353 0.2622 0.0, -1.0353 0.2622 0.0079, -1.0409 0.2679 0.0, -1.0409 0.2679 0.0079, -1.0476 0.2721 0.0, -1.0476 0.2721 0.0079, -1.0551 0.2747 0.0, -1.0551 0.2747 0.0079
            ]
        }
        coordIndex [
            0,1,2,-1,3,4,5,-1,5,4,6,-1,3,5,1,-1,1,5,7,-1,1,7,2,-1,8,9,6,-1,6,9,10,-1,6,10,5,-1,8,11,9,-1,9,11,12,-1,9,12,13,-1,2,14,15,-1,15,16,2,-1,2,16,17,-1,2,17,0,-1,18,19,20,-1,20,19,21,-1,22,23,24,-1,24,23,25,-1,24,25,18,-1,18,25,19,-1,20,21,26,-1,26,21,27,-1,26,27,28,-1,28,27,29,-1,28,29,30,-1,28,30,31,-1,31,30,32,-1,31,32,33,-1,33,32,34,-1,33,34,35,-1,35,34,36,-1,35,36,37,-1,37,36,38,-1,37,38,39,-1,39,38,40,-1,39,40,41,-1,41,40,42,-1,41,42,43,-1,42,44,43,-1,43,44,45,-1,45,44,46,-1,45,46,47,-1,47,46,48,-1,47,48,49,-1,49,48,50,-1,49,50,51,-1,51,50,52,-1,51,52,53,-1,53,52,54,-1,53,54,55,-1,55,54,56,-1,55,56,57,-1,57,56,23,-1,57,23,22,-1,
        ]
    }
}
Shape{
    appearance Appearance {
        material  Material 	{
            diffuseColor 1.0 0.5019607843137255 0.0
            specularColor 0.5019607843137255 0.25098039215686274 0.0
            ambientIntensity 0.5937
            transparency 0.0
            shininess 0.5
        }
    }
    geometry IndexedFaceSet {
        ccw TRUE
        solid FALSE
        coord DEF co Coordinate {
            point [
                -1.185 0.1969 0.0, -1.185 0.1969 0.0866, -1.185 0.2756 0.0, -1.185 0.2756 0.0866
            ]
        }
        coordIndex [
            0,1,2,-1,2,1,3,-1,
        ]
    }
}
Shape{
    appearance Appearance {
        material  Material 	{
            diffuseColor 0.7529411764705882 0.7529411764705882 0.7529411764705882
            specularColor 0.3764705882352941 0.3764705882352941 0.3764705882352941
            ambientIntensity 0.7529
            transparency 0.0
            shininess 0.5
        }
    }
    geometry IndexedFaceSet {
        ccw TRUE
        solid FALSE
        coord DEF co Coordinate {
            point [
                -1.063 0.1969 0.0, -1.185 0.1969 0.0, -1.0276 0.2402 0.0, -1.0551 0.2747 0.0, -1.0476 0.2721 0.0, -1.0409 0.2679 0.0, -1.185 0.2756 0.0, -1.063 0.2756 0.0, -1.0284 0.248 0.0, -1.0311 0.2555 0.0, -1.0353 0.2622 0.0, -1.0276 0.2323 0.0, -1.0284 0.2244 0.0, -1.0551 0.1977 0.0, -1.0476 0.2004 0.0, -1.0311 0.2169 0.0, -1.0353 0.2102 0.0, -1.0409 0.2046 0.0, -1.1811 0.4331 0.0866, -1.185 0.4331 0.0866, -1.1811 0.3543 0.0866, -1.185 0.3543 0.0866, -1.063 0.4331 0.0079, -1.063 0.4331 0.0, -1.1811 0.4331 0.0079, -1.185 0.4331 0.0, -1.1811 0.3543 0.0079, -1.185 0.3543 0.0, -1.063 0.3543 0.0079, -1.063 0.3543 0.0, -1.0551 0.3552 0.0, -1.0551 0.3552 0.0079, -1.0476 0.3578 0.0, -1.0476 0.3578 0.0079, -1.0409 0.3621 0.0, -1.0409 0.3621 0.0079, -1.0353 0.3677 0.0, -1.0353 0.3677 0.0079, -1.0311 0.3744 0.0, -1.0311 0.3744 0.0079, -1.0284 0.3819 0.0, -1.0284 0.3819 0.0079, -1.0276 0.3898 0.0, -1.0276 0.3898 0.0079, -1.0276 0.3976 0.0, -1.0276 0.3976 0.0079, -1.0284 0.4055 0.0, -1.0284 0.4055 0.0079, -1.0311 0.413 0.0, -1.0311 0.413 0.0079, -1.0353 0.4197 0.0, -1.0353 0.4197 0.0079, -1.0409 0.4253 0.0, -1.0409 0.4253 0.0079, -1.0476 0.4296 0.0, -1.0476 0.4296 0.0079, -1.0551 0.4322 0.0, -1.0551 0.4322 0.0079
            ]
        }
        coordIndex [
            0,1,2,-1,3,4,5,-1,1,6,2,-1,2,6,7,-1,2,7,8,-1,8,7,9,-1,3,5,7,-1,7,5,10,-1,7,10,9,-1,2,11,0,-1,0,11,12,-1,0,12,13,-1,13,12,14,-1,15,16,12,-1,12,16,17,-1,12,17,14,-1,18,19,20,-1,20,19,21,-1,22,23,24,-1,24,23,25,-1,24,25,18,-1,18,25,19,-1,20,21,26,-1,26,21,27,-1,26,27,28,-1,28,27,29,-1,28,29,30,-1,28,30,31,-1,31,30,32,-1,31,32,33,-1,33,32,34,-1,33,34,35,-1,35,34,36,-1,35,36,37,-1,37,36,38,-1,37,38,39,-1,39,38,40,-1,39,40,41,-1,41,40,42,-1,41,42,43,-1,42,44,43,-1,43,44,45,-1,45,44,46,-1,45,46,47,-1,47,46,48,-1,47,48,49,-1,49,48,50,-1,49,50,51,-1,51,50,52,-1,51,52,53,-1,53,52,54,-1,53,54,55,-1,55,54,56,-1,55,56,57,-1,57,56,23,-1,57,23,22,-1,
        ]
    }
}
Shape{
    appearance Appearance {
        material  Material 	{
            diffuseColor 1.0 0.5019607843137255 0.0
            specularColor 0.5019607843137255 0.25098039215686274 0.0
            ambientIntensity 0.5937
            transparency 0.0
            shininess 0.5
        }
    }
    geometry IndexedFaceSet {
        ccw TRUE
        solid FALSE
        coord DEF co Coordinate {
            point [
                -1.185 0.3543 0.0, -1.185 0.3543 0.0866, -1.185 0.4331 0.0, -1.185 0.4331 0.0866
            ]
        }
        coordIndex [
            0,1,2,-1,2,1,3,-1,
        ]
    }
}
Shape{
    appearance Appearance {
        material  Material 	{
            diffuseColor 0.7529411764705882 0.7529411764705882 0.7529411764705882
            specularColor 0.3764705882352941 0.3764705882352941 0.3764705882352941
            ambientIntensity 0.7529
            transparency 0.0
            shininess 0.5
        }
    }
    geometry IndexedFaceSet {
        ccw TRUE
        solid FALSE
        coord DEF co Coordinate {
            point [
                -1.063 0.3543 0.0, -1.185 0.3543 0.0, -1.0276 0.3976 0.0, -1.185 0.4331 0.0, -1.063 0.4331 0.0, -1.0551 0.4322 0.0, -1.0311 0.413 0.0, -1.0284 0.4055 0.0, -1.0476 0.4296 0.0, -1.0409 0.4253 0.0, -1.0353 0.4197 0.0, -1.0276 0.3898 0.0, -1.0284 0.3819 0.0, -1.0551 0.3552 0.0, -1.0476 0.3578 0.0, -1.0311 0.3744 0.0, -1.0353 0.3677 0.0, -1.0409 0.3621 0.0, -1.1811 0.5906 0.0866, -1.185 0.5906 0.0866, -1.1811 0.5118 0.0866, -1.185 0.5118 0.0866, -1.063 0.5906 0.0079, -1.063 0.5906 0.0, -1.1811 0.5906 0.0079, -1.185 0.5906 0.0, -1.1811 0.5118 0.0079, -1.185 0.5118 0.0, -1.063 0.5118 0.0079, -1.063 0.5118 0.0, -1.0551 0.5127 0.0, -1.0551 0.5127 0.0079, -1.0476 0.5153 0.0, -1.0476 0.5153 0.0079, -1.0409 0.5195 0.0, -1.0409 0.5195 0.0079, -1.0353 0.5252 0.0, -1.0353 0.5252 0.0079, -1.0311 0.5319 0.0, -1.0311 0.5319 0.0079, -1.0284 0.5394 0.0, -1.0284 0.5394 0.0079, -1.0276 0.5472 0.0, -1.0276 0.5472 0.0079, -1.0276 0.5551 0.0, -1.0276 0.5551 0.0079, -1.0284 0.563 0.0, -1.0284 0.563 0.0079, -1.0311 0.5705 0.0, -1.0311 0.5705 0.0079, -1.0353 0.5772 0.0, -1.0353 0.5772 0.0079, -1.0409 0.5828 0.0, -1.0409 0.5828 0.0079, -1.0476 0.587 0.0, -1.0476 0.587 0.0079, -1.0551 0.5897 0.0, -1.0551 0.5897 0.0079
            ]
        }
        coordIndex [
            0,1,2,-1,2,1,3,-1,2,3,4,-1,5,6,4,-1,4,6,7,-1,4,7,2,-1,5,8,6,-1,6,8,9,-1,6,9,10,-1,2,11,0,-1,0,11,12,-1,0,12,13,-1,13,12,14,-1,15,16,12,-1,12,16,17,-1,12,17,14,-1,18,19,20,-1,20,19,21,-1,22,23,24,-1,24,23,25,-1,24,25,18,-1,18,25,19,-1,20,21,26,-1,26,21,27,-1,26,27,28,-1,28,27,29,-1,28,29,30,-1,28,30,31,-1,31,30,32,-1,31,32,33,-1,33,32,34,-1,33,34,35,-1,35,34,36,-1,35,36,37,-1,37,36,38,-1,37,38,39,-1,39,38,40,-1,39,40,41,-1,41,40,42,-1,41,42,43,-1,42,44,43,-1,43,44,45,-1,45,44,46,-1,45,46,47,-1,47,46,48,-1,47,48,49,-1,49,48,50,-1,49,50,51,-1,51,50,52,-1,51,52,53,-1,53,52,54,-1,53,54,55,-1,55,54,56,-1,55,56,57,-1,57,56,23,-1,57,23,22,-1,
        ]
    }
}
Shape{
    appearance Appearance {
        material  Material 	{
            diffuseColor 1.0 0.5019607843137255 0.0
            specularColor 0.5019607843137255 0.25098039215686274 0.0
            ambientIntensity 0.5937
            transparency 0.0
            shininess 0.5
        }
    }
    geometry IndexedFaceSet {
        ccw TRUE
        solid FALSE
        coord DEF co Coordinate {
            point [
                -1.185 0.5118 0.0, -1.185 0.5118 0.0866, -1.185 0.5906 0.0, -1.185 0.5906 0.0866
            ]
        }
        coordIndex [
            0,1,2,-1,2,1,3,-1,
        ]
    }
}
Shape{
    appearance Appearance {
        material  Material 	{
            diffuseColor 0.7529411764705882 0.7529411764705882 0.7529411764705882
            specularColor 0.3764705882352941 0.3764705882352941 0.3764705882352941
            ambientIntensity 0.7529
            transparency 0.0
            shininess 0.5
        }
    }
    geometry IndexedFaceSet {
        ccw TRUE
        solid FALSE
        coord DEF co Coordinate {
            point [
                -1.063 0.5118 0.0, -1.185 0.5118 0.0, -1.0276 0.5551 0.0, -1.185 0.5906 0.0, -1.063 0.5906 0.0, -1.0551 0.5897 0.0, -1.0311 0.5705 0.0, -1.0284 0.563 0.0, -1.0476 0.587 0.0, -1.0409 0.5828 0.0, -1.0353 0.5772 0.0, -1.0276 0.5472 0.0, -1.0284 0.5394 0.0, -1.0551 0.5127 0.0, -1.0311 0.5319 0.0, -1.0353 0.5252 0.0, -1.0409 0.5195 0.0, -1.0476 0.5153 0.0, -1.1811 0.748 0.0866, -1.185 0.748 0.0866, -1.1811 0.6693 0.0866, -1.185 0.6693 0.0866, -1.063 0.748 0.0079, -1.063 0.748 0.0, -1.1811 0.748 0.0079, -1.185 0.748 0.0, -1.1811 0.6693 0.0079, -1.185 0.6693 0.0, -1.063 0.6693 0.0079, -1.063 0.6693 0.0, -1.0551 0.6702 0.0, -1.0551 0.6702 0.0079, -1.0476 0.6728 0.0, -1.0476 0.6728 0.0079, -1.0409 0.677 0.0, -1.0409 0.677 0.0079, -1.0353 0.6826 0.0, -1.0353 0.6826 0.0079, -1.0311 0.6894 0.0, -1.0311 0.6894 0.0079, -1.0284 0.6968 0.0, -1.0284 0.6968 0.0079, -1.0276 0.7047 0.0, -1.0276 0.7047 0.0079, -1.0276 0.7126 0.0, -1.0276 0.7126 0.0079, -1.0284 0.7205 0.0, -1.0284 0.7205 0.0079, -1.0311 0.728 0.0, -1.0311 0.728 0.0079, -1.0353 0.7347 0.0, -1.0353 0.7347 0.0079, -1.0409 0.7403 0.0, -1.0409 0.7403 0.0079, -1.0476 0.7445 0.0, -1.0476 0.7445 0.0079, -1.0551 0.7471 0.0, -1.0551 0.7471 0.0079
            ]
        }
        coordIndex [
            0,1,2,-1,2,1,3,-1,2,3,4,-1,5,6,4,-1,4,6,7,-1,4,7,2,-1,5,8,6,-1,6,8,9,-1,6,9,10,-1,2,11,0,-1,0,11,12,-1,0,12,13,-1,13,12,14,-1,14,15,13,-1,13,15,16,-1,13,16,17,-1,18,19,20,-1,20,19,21,-1,22,23,24,-1,24,23,25,-1,24,25,18,-1,18,25,19,-1,20,21,26,-1,26,21,27,-1,26,27,28,-1,28,27,29,-1,28,29,30,-1,28,30,31,-1,31,30,32,-1,31,32,33,-1,33,32,34,-1,33,34,35,-1,35,34,36,-1,35,36,37,-1,37,36,38,-1,37,38,39,-1,39,38,40,-1,39,40,41,-1,41,40,42,-1,41,42,43,-1,42,44,43,-1,43,44,45,-1,45,44,46,-1,45,46,47,-1,47,46,48,-1,47,48,49,-1,49,48,50,-1,49,50,51,-1,51,50,52,-1,51,52,53,-1,53,52,54,-1,53,54,55,-1,55,54,56,-1,55,56,57,-1,57,56,23,-1,57,23,22,-1,
        ]
    }
}
Shape{
    appearance Appearance {
        material  Material 	{
            diffuseColor 1.0 0.5019607843137255 0.0
            specularColor 0.5019607843137255 0.25098039215686274 0.0
            ambientIntensity 0.5937
            transparency 0.0
            shininess 0.5
        }
    }
    geometry IndexedFaceSet {
        ccw TRUE
        solid FALSE
        coord DEF co Coordinate {
            point [
                -1.185 0.6693 0.0, -1.185 0.6693 0.0866, -1.185 0.748 0.0, -1.185 0.748 0.0866
            ]
        }
        coordIndex [
            0,1,2,-1,2,1,3,-1,
        ]
    }
}
Shape{
    appearance Appearance {
        material  Material 	{
            diffuseColor 0.7529411764705882 0.7529411764705882 0.7529411764705882
            specularColor 0.3764705882352941 0.3764705882352941 0.3764705882352941
            ambientIntensity 0.7529
            transparency 0.0
            shininess 0.5
        }
    }
    geometry IndexedFaceSet {
        ccw TRUE
        solid FALSE
        coord DEF co Coordinate {
            point [
                -1.063 0.6693 0.0, -1.185 0.6693 0.0, -1.0276 0.7126 0.0, -1.185 0.748 0.0, -1.063 0.748 0.0, -1.0551 0.7471 0.0, -1.0311 0.728 0.0, -1.0284 0.7205 0.0, -1.0476 0.7445 0.0, -1.0409 0.7403 0.0, -1.0353 0.7347 0.0, -1.0276 0.7047 0.0, -1.0284 0.6968 0.0, -1.0551 0.6702 0.0, -1.0311 0.6894 0.0, -1.0353 0.6826 0.0, -1.0409 0.677 0.0, -1.0476 0.6728 0.0, -1.1811 0.9055 0.0866, -1.185 0.9055 0.0866, -1.1811 0.8268 0.0866, -1.185 0.8268 0.0866, -1.063 0.9055 0.0079, -1.063 0.9055 0.0, -1.1811 0.9055 0.0079, -1.185 0.9055 0.0, -1.1811 0.8268 0.0079, -1.185 0.8268 0.0, -1.063 0.8268 0.0079, -1.063 0.8268 0.0, -1.0551 0.8277 0.0, -1.0551 0.8277 0.0079, -1.0476 0.8303 0.0, -1.0476 0.8303 0.0079, -1.0409 0.8345 0.0, -1.0409 0.8345 0.0079, -1.0353 0.8401 0.0, -1.0353 0.8401 0.0079, -1.0311 0.8468 0.0, -1.0311 0.8468 0.0079, -1.0284 0.8543 0.0, -1.0284 0.8543 0.0079, -1.0276 0.8622 0.0, -1.0276 0.8622 0.0079, -1.0276 0.8701 0.0, -1.0276 0.8701 0.0079, -1.0284 0.878 0.0, -1.0284 0.878 0.0079, -1.0311 0.8855 0.0, -1.0311 0.8855 0.0079, -1.0353 0.8922 0.0, -1.0353 0.8922 0.0079, -1.0409 0.8978 0.0, -1.0409 0.8978 0.0079, -1.0476 0.902 0.0, -1.0476 0.902 0.0079, -1.0551 0.9046 0.0, -1.0551 0.9046 0.0079
            ]
        }
        coordIndex [
            0,1,2,-1,2,1,3,-1,2,3,4,-1,5,6,4,-1,4,6,7,-1,4,7,2,-1,5,8,6,-1,6,8,9,-1,6,9,10,-1,2,11,0,-1,0,11,12,-1,0,12,13,-1,13,12,14,-1,14,15,13,-1,13,15,16,-1,13,16,17,-1,18,19,20,-1,20,19,21,-1,22,23,24,-1,24,23,25,-1,24,25,18,-1,18,25,19,-1,20,21,26,-1,26,21,27,-1,26,27,28,-1,28,27,29,-1,28,29,30,-1,28,30,31,-1,31,30,32,-1,31,32,33,-1,33,32,34,-1,33,34,35,-1,35,34,36,-1,35,36,37,-1,37,36,38,-1,37,38,39,-1,39,38,40,-1,39,40,41,-1,41,40,42,-1,41,42,43,-1,42,44,43,-1,43,44,45,-1,45,44,46,-1,45,46,47,-1,47,46,48,-1,47,48,49,-1,49,48,50,-1,49,50,51,-1,51,50,52,-1,51,52,53,-1,53,52,54,-1,53,54,55,-1,55,54,56,-1,55,56,57,-1,57,56,23,-1,57,23,22,-1,
        ]
    }
}
Shape{
    appearance Appearance {
        material  Material 	{
            diffuseColor 1.0 0.5019607843137255 0.0
            specularColor 0.5019607843137255 0.25098039215686274 0.0
            ambientIntensity 0.5937
            transparency 0.0
            shininess 0.5
        }
    }
    geometry IndexedFaceSet {
        ccw TRUE
        solid FALSE
        coord DEF co Coordinate {
            point [
                -1.185 0.8268 0.0, -1.185 0.8268 0.0866, -1.185 0.9055 0.0, -1.185 0.9055 0.0866
            ]
        }
        coordIndex [
            0,1,2,-1,2,1,3,-1,
        ]
    }
}
Shape{
    appearance Appearance {
        material  Material 	{
            diffuseColor 0.7529411764705882 0.7529411764705882 0.7529411764705882
            specularColor 0.3764705882352941 0.3764705882352941 0.3764705882352941
            ambientIntensity 0.7529
            transparency 0.0
            shininess 0.5
        }
    }
    geometry IndexedFaceSet {
        ccw TRUE
        solid FALSE
        coord DEF co Coordinate {
            point [
                -1.063 0.8268 0.0, -1.185 0.8268 0.0, -1.0276 0.8701 0.0, -1.185 0.9055 0.0, -1.063 0.9055 0.0, -1.0284 0.878 0.0, -1.0409 0.8978 0.0, -1.0476 0.902 0.0, -1.0551 0.9046 0.0, -1.0353 0.8922 0.0, -1.0311 0.8855 0.0, -1.0476 0.8303 0.0, -1.0284 0.8543 0.0, -1.0409 0.8345 0.0, -1.0311 0.8468 0.0, -1.0353 0.8401 0.0, -1.0276 0.8622 0.0, -1.0551 0.8277 0.0, -0.748 -1.1811 0.0866, -0.748 -1.185 0.0866, -0.6693 -1.1811 0.0866, -0.6693 -1.185 0.0866, -0.6693 -1.1811 0.0079, -0.6693 -1.185 0.0, -0.6693 -1.063 0.0079, -0.6693 -1.063 0.0, -0.6702 -1.0551 0.0, -0.6702 -1.0551 0.0079, -0.6728 -1.0476 0.0, -0.6728 -1.0476 0.0079, -0.677 -1.0409 0.0, -0.677 -1.0409 0.0079, -0.6826 -1.0353 0.0, -0.6826 -1.0353 0.0079, -0.6894 -1.0311 0.0, -0.6894 -1.0311 0.0079, -0.6968 -1.0284 0.0, -0.6968 -1.0284 0.0079, -0.7047 -1.0276 0.0, -0.7047 -1.0276 0.0079, -0.7126 -1.0276 0.0, -0.7126 -1.0276 0.0079, -0.7205 -1.0284 0.0, -0.7205 -1.0284 0.0079, -0.728 -1.0311 0.0, -0.728 -1.0311 0.0079, -0.7347 -1.0353 0.0, -0.7347 -1.0353 0.0079, -0.7403 -1.0409 0.0, -0.7403 -1.0409 0.0079, -0.7445 -1.0476 0.0, -0.7445 -1.0476 0.0079, -0.7471 -1.0551 0.0, -0.7471 -1.0551 0.0079, -0.748 -1.063 0.0, -0.748 -1.063 0.0079, -0.748 -1.1811 0.0079, -0.748 -1.185 0.0
            ]
        }
        coordIndex [
            0,1,2,-1,1,3,2,-1,2,3,4,-1,2,4,5,-1,6,4,7,-1,7,4,8,-1,6,9,4,-1,4,9,10,-1,4,10,5,-1,11,12,13,-1,13,12,14,-1,13,14,15,-1,2,16,0,-1,0,16,12,-1,0,12,17,-1,17,12,11,-1,18,19,20,-1,20,19,21,-1,20,21,22,-1,22,21,23,-1,22,23,24,-1,24,23,25,-1,24,25,26,-1,24,26,27,-1,27,26,28,-1,27,28,29,-1,29,28,30,-1,29,30,31,-1,31,30,32,-1,31,32,33,-1,33,32,34,-1,33,34,35,-1,35,34,36,-1,35,36,37,-1,37,36,38,-1,37,38,39,-1,38,40,39,-1,39,40,41,-1,41,40,42,-1,41,42,43,-1,43,42,44,-1,43,44,45,-1,45,44,46,-1,45,46,47,-1,47,46,48,-1,47,48,49,-1,49,48,50,-1,49,50,51,-1,51,50,52,-1,51,52,53,-1,53,52,54,-1,53,54,55,-1,55,54,56,-1,56,54,57,-1,56,57,18,-1,18,57,19,-1,
        ]
    }
}
Shape{
    appearance Appearance {
        material  Material 	{
            diffuseColor 1.0 0.5019607843137255 0.0
            specularColor 0.5019607843137255 0.25098039215686274 0.0
            ambientIntensity 0.5937
            transparency 0.0
            shininess 0.5
        }
    }
    geometry IndexedFaceSet {
        ccw TRUE
        solid FALSE
        coord DEF co Coordinate {
            point [
                -0.6693 -1.185 0.0, -0.6693 -1.185 0.0866, -0.748 -1.185 0.0, -0.748 -1.185 0.0866
            ]
        }
        coordIndex [
            0,1,2,-1,2,1,3,-1,
        ]
    }
}
Shape{
    appearance Appearance {
        material  Material 	{
            diffuseColor 0.7529411764705882 0.7529411764705882 0.7529411764705882
            specularColor 0.3764705882352941 0.3764705882352941 0.3764705882352941
            ambientIntensity 0.7529
            transparency 0.0
            shininess 0.5
        }
    }
    geometry IndexedFaceSet {
        ccw TRUE
        solid FALSE
        coord DEF co Coordinate {
            point [
                -0.6693 -1.185 0.0, -0.748 -1.185 0.0, -0.6693 -1.063 0.0, -0.748 -1.063 0.0, -0.6702 -1.0551 0.0, -0.7047 -1.0276 0.0, -0.7126 -1.0276 0.0, -0.7471 -1.0551 0.0, -0.7445 -1.0476 0.0, -0.6968 -1.0284 0.0, -0.6894 -1.0311 0.0, -0.6826 -1.0353 0.0, -0.7403 -1.0409 0.0, -0.7347 -1.0353 0.0, -0.677 -1.0409 0.0, -0.6728 -1.0476 0.0, -0.728 -1.0311 0.0, -0.7205 -1.0284 0.0, -0.5906 -1.1811 0.0866, -0.5906 -1.185 0.0866, -0.5118 -1.1811 0.0866, -0.5118 -1.185 0.0866, -0.5118 -1.1811 0.0079, -0.5118 -1.185 0.0, -0.5118 -1.063 0.0079, -0.5118 -1.063 0.0, -0.5127 -1.0551 0.0, -0.5127 -1.0551 0.0079, -0.5153 -1.0476 0.0, -0.5153 -1.0476 0.0079, -0.5195 -1.0409 0.0, -0.5195 -1.0409 0.0079, -0.5252 -1.0353 0.0, -0.5252 -1.0353 0.0079, -0.5319 -1.0311 0.0, -0.5319 -1.0311 0.0079, -0.5394 -1.0284 0.0, -0.5394 -1.0284 0.0079, -0.5472 -1.0276 0.0, -0.5472 -1.0276 0.0079, -0.5551 -1.0276 0.0, -0.5551 -1.0276 0.0079, -0.563 -1.0284 0.0, -0.563 -1.0284 0.0079, -0.5705 -1.0311 0.0, -0.5705 -1.0311 0.0079, -0.5772 -1.0353 0.0, -0.5772 -1.0353 0.0079, -0.5828 -1.0409 0.0, -0.5828 -1.0409 0.0079, -0.587 -1.0476 0.0, -0.587 -1.0476 0.0079, -0.5897 -1.0551 0.0, -0.5897 -1.0551 0.0079, -0.5906 -1.063 0.0, -0.5906 -1.063 0.0079, -0.5906 -1.1811 0.0079, -0.5906 -1.185 0.0
            ]
        }
        coordIndex [
            0,1,2,-1,2,1,3,-1,2,3,4,-1,5,3,6,-1,6,3,7,-1,6,7,8,-1,5,9,3,-1,3,9,10,-1,3,10,11,-1,8,12,13,-1,11,14,3,-1,3,14,15,-1,3,15,4,-1,13,16,8,-1,8,16,17,-1,8,17,6,-1,18,19,20,-1,20,19,21,-1,20,21,22,-1,22,21,23,-1,22,23,24,-1,24,23,25,-1,24,25,26,-1,24,26,27,-1,27,26,28,-1,27,28,29,-1,29,28,30,-1,29,30,31,-1,31,30,32,-1,31,32,33,-1,33,32,34,-1,33,34,35,-1,35,34,36,-1,35,36,37,-1,37,36,38,-1,37,38,39,-1,38,40,39,-1,39,40,41,-1,41,40,42,-1,41,42,43,-1,43,42,44,-1,43,44,45,-1,45,44,46,-1,45,46,47,-1,47,46,48,-1,47,48,49,-1,49,48,50,-1,49,50,51,-1,51,50,52,-1,51,52,53,-1,53,52,54,-1,53,54,55,-1,55,54,56,-1,56,54,57,-1,56,57,18,-1,18,57,19,-1,
        ]
    }
}
Shape{
    appearance Appearance {
        material  Material 	{
            diffuseColor 1.0 0.5019607843137255 0.0
            specularColor 0.5019607843137255 0.25098039215686274 0.0
            ambientIntensity 0.5937
            transparency 0.0
            shininess 0.5
        }
    }
    geometry IndexedFaceSet {
        ccw TRUE
        solid FALSE
        coord DEF co Coordinate {
            point [
                -0.5118 -1.185 0.0, -0.5118 -1.185 0.0866, -0.5906 -1.185 0.0, -0.5906 -1.185 0.0866
            ]
        }
        coordIndex [
            0,1,2,-1,2,1,3,-1,
        ]
    }
}
Shape{
    appearance Appearance {
        material  Material 	{
            diffuseColor 0.7529411764705882 0.7529411764705882 0.7529411764705882
            specularColor 0.3764705882352941 0.3764705882352941 0.3764705882352941
            ambientIntensity 0.7529
            transparency 0.0
            shininess 0.5
        }
    }
    geometry IndexedFaceSet {
        ccw TRUE
        solid FALSE
        coord DEF co Coordinate {
            point [
                -0.5118 -1.063 0.0, -0.5118 -1.185 0.0, -0.5906 -1.185 0.0, -0.563 -1.0284 0.0, -0.5551 -1.0276 0.0, -0.5906 -1.063 0.0, -0.5319 -1.0311 0.0, -0.5252 -1.0353 0.0, -0.5472 -1.0276 0.0, -0.5394 -1.0284 0.0, -0.5195 -1.0409 0.0, -0.5153 -1.0476 0.0, -0.5127 -1.0551 0.0, -0.5828 -1.0409 0.0, -0.5772 -1.0353 0.0, -0.587 -1.0476 0.0, -0.5897 -1.0551 0.0, -0.5705 -1.0311 0.0, -0.4331 -1.1811 0.0866, -0.4331 -1.185 0.0866, -0.3543 -1.1811 0.0866, -0.3543 -1.185 0.0866, -0.3543 -1.1811 0.0079, -0.3543 -1.185 0.0, -0.3543 -1.063 0.0079, -0.3543 -1.063 0.0, -0.3552 -1.0551 0.0, -0.3552 -1.0551 0.0079, -0.3578 -1.0476 0.0, -0.3578 -1.0476 0.0079, -0.3621 -1.0409 0.0, -0.3621 -1.0409 0.0079, -0.3677 -1.0353 0.0, -0.3677 -1.0353 0.0079, -0.3744 -1.0311 0.0, -0.3744 -1.0311 0.0079, -0.3819 -1.0284 0.0, -0.3819 -1.0284 0.0079, -0.3898 -1.0276 0.0, -0.3898 -1.0276 0.0079, -0.3976 -1.0276 0.0, -0.3976 -1.0276 0.0079, -0.4055 -1.0284 0.0, -0.4055 -1.0284 0.0079, -0.413 -1.0311 0.0, -0.413 -1.0311 0.0079, -0.4197 -1.0353 0.0, -0.4197 -1.0353 0.0079, -0.4253 -1.0409 0.0, -0.4253 -1.0409 0.0079, -0.4296 -1.0476 0.0, -0.4296 -1.0476 0.0079, -0.4322 -1.0551 0.0, -0.4322 -1.0551 0.0079, -0.4331 -1.063 0.0, -0.4331 -1.063 0.0079, -0.4331 -1.1811 0.0079, -0.4331 -1.185 0.0
            ]
        }
        coordIndex [
            0,1,2,-1,3,4,5,-1,6,7,0,-1,5,4,2,-1,2,4,8,-1,2,8,0,-1,0,8,9,-1,0,9,6,-1,10,11,7,-1,7,11,12,-1,7,12,0,-1,13,14,15,-1,15,14,16,-1,16,14,5,-1,5,14,17,-1,5,17,3,-1,18,19,20,-1,20,19,21,-1,20,21,22,-1,22,21,23,-1,22,23,24,-1,24,23,25,-1,24,25,26,-1,24,26,27,-1,27,26,28,-1,27,28,29,-1,29,28,30,-1,29,30,31,-1,31,30,32,-1,31,32,33,-1,33,32,34,-1,33,34,35,-1,35,34,36,-1,35,36,37,-1,37,36,38,-1,37,38,39,-1,38,40,39,-1,39,40,41,-1,41,40,42,-1,41,42,43,-1,43,42,44,-1,43,44,45,-1,45,44,46,-1,45,46,47,-1,47,46,48,-1,47,48,49,-1,49,48,50,-1,49,50,51,-1,51,50,52,-1,51,52,53,-1,53,52,54,-1,53,54,55,-1,55,54,56,-1,56,54,57,-1,56,57,18,-1,18,57,19,-1,
        ]
    }
}
Shape{
    appearance Appearance {
        material  Material 	{
            diffuseColor 1.0 0.5019607843137255 0.0
            specularColor 0.5019607843137255 0.25098039215686274 0.0
            ambientIntensity 0.5937
            transparency 0.0
            shininess 0.5
        }
    }
    geometry IndexedFaceSet {
        ccw TRUE
        solid FALSE
        coord DEF co Coordinate {
            point [
                -0.3543 -1.185 0.0, -0.3543 -1.185 0.0866, -0.4331 -1.185 0.0, -0.4331 -1.185 0.0866
            ]
        }
        coordIndex [
            0,1,2,-1,2,1,3,-1,
        ]
    }
}
Shape{
    appearance Appearance {
        material  Material 	{
            diffuseColor 0.7529411764705882 0.7529411764705882 0.7529411764705882
            specularColor 0.3764705882352941 0.3764705882352941 0.3764705882352941
            ambientIntensity 0.7529
            transparency 0.0
            shininess 0.5
        }
    }
    geometry IndexedFaceSet {
        ccw TRUE
        solid FALSE
        coord DEF co Coordinate {
            point [
                -0.4055 -1.0284 0.0, -0.3976 -1.0276 0.0, -0.4331 -1.063 0.0, -0.3898 -1.0276 0.0, -0.3819 -1.0284 0.0, -0.3744 -1.0311 0.0, -0.3677 -1.0353 0.0, -0.3621 -1.0409 0.0, -0.3578 -1.0476 0.0, -0.3543 -1.185 0.0, -0.4331 -1.185 0.0, -0.3543 -1.063 0.0, -0.3552 -1.0551 0.0, -0.4253 -1.0409 0.0, -0.4197 -1.0353 0.0, -0.4296 -1.0476 0.0, -0.4322 -1.0551 0.0, -0.413 -1.0311 0.0, -0.2756 -1.1811 0.0866, -0.2756 -1.185 0.0866, -0.1969 -1.1811 0.0866, -0.1969 -1.185 0.0866, -0.1969 -1.1811 0.0079, -0.1969 -1.185 0.0, -0.1969 -1.063 0.0079, -0.1969 -1.063 0.0, -0.1977 -1.0551 0.0, -0.1977 -1.0551 0.0079, -0.2004 -1.0476 0.0, -0.2004 -1.0476 0.0079, -0.2046 -1.0409 0.0, -0.2046 -1.0409 0.0079, -0.2102 -1.0353 0.0, -0.2102 -1.0353 0.0079, -0.2169 -1.0311 0.0, -0.2169 -1.0311 0.0079, -0.2244 -1.0284 0.0, -0.2244 -1.0284 0.0079, -0.2323 -1.0276 0.0, -0.2323 -1.0276 0.0079, -0.2402 -1.0276 0.0, -0.2402 -1.0276 0.0079, -0.248 -1.0284 0.0, -0.248 -1.0284 0.0079, -0.2555 -1.0311 0.0, -0.2555 -1.0311 0.0079, -0.2622 -1.0353 0.0, -0.2622 -1.0353 0.0079, -0.2679 -1.0409 0.0, -0.2679 -1.0409 0.0079, -0.2721 -1.0476 0.0, -0.2721 -1.0476 0.0079, -0.2747 -1.0551 0.0, -0.2747 -1.0551 0.0079, -0.2756 -1.063 0.0, -0.2756 -1.063 0.0079, -0.2756 -1.1811 0.0079, -0.2756 -1.185 0.0
            ]
        }
        coordIndex [
            0,1,2,-1,1,3,2,-1,2,3,4,-1,2,4,5,-1,5,6,2,-1,2,6,7,-1,2,7,8,-1,9,10,11,-1,11,10,2,-1,11,2,12,-1,12,2,8,-1,13,14,15,-1,15,14,16,-1,16,14,2,-1,2,14,17,-1,2,17,0,-1,18,19,20,-1,20,19,21,-1,20,21,22,-1,22,21,23,-1,22,23,24,-1,24,23,25,-1,24,25,26,-1,24,26,27,-1,27,26,28,-1,27,28,29,-1,29,28,30,-1,29,30,31,-1,31,30,32,-1,31,32,33,-1,33,32,34,-1,33,34,35,-1,35,34,36,-1,35,36,37,-1,37,36,38,-1,37,38,39,-1,38,40,39,-1,39,40,41,-1,41,40,42,-1,41,42,43,-1,43,42,44,-1,43,44,45,-1,45,44,46,-1,45,46,47,-1,47,46,48,-1,47,48,49,-1,49,48,50,-1,49,50,51,-1,51,50,52,-1,51,52,53,-1,53,52,54,-1,53,54,55,-1,55,54,56,-1,56,54,57,-1,56,57,18,-1,18,57,19,-1,
        ]
    }
}
Shape{
    appearance Appearance {
        material  Material 	{
            diffuseColor 1.0 0.5019607843137255 0.0
            specularColor 0.5019607843137255 0.25098039215686274 0.0
            ambientIntensity 0.5937
            transparency 0.0
            shininess 0.5
        }
    }
    geometry IndexedFaceSet {
        ccw TRUE
        solid FALSE
        coord DEF co Coordinate {
            point [
                -0.1969 -1.185 0.0, -0.1969 -1.185 0.0866, -0.2756 -1.185 0.0, -0.2756 -1.185 0.0866
            ]
        }
        coordIndex [
            0,1,2,-1,2,1,3,-1,
        ]
    }
}
Shape{
    appearance Appearance {
        material  Material 	{
            diffuseColor 0.7529411764705882 0.7529411764705882 0.7529411764705882
            specularColor 0.3764705882352941 0.3764705882352941 0.3764705882352941
            ambientIntensity 0.7529
            transparency 0.0
            shininess 0.5
        }
    }
    geometry IndexedFaceSet {
        ccw TRUE
        solid FALSE
        coord DEF co Coordinate {
            point [
                -0.1969 -1.185 0.0, -0.2756 -1.185 0.0, -0.1969 -1.063 0.0, -0.2756 -1.063 0.0, -0.2747 -1.0551 0.0, -0.2721 -1.0476 0.0, -0.2679 -1.0409 0.0, -0.2622 -1.0353 0.0, -0.2555 -1.0311 0.0, -0.248 -1.0284 0.0, -0.2402 -1.0276 0.0, -0.2323 -1.0276 0.0, -0.2244 -1.0284 0.0, -0.2102 -1.0353 0.0, -0.2046 -1.0409 0.0, -0.2004 -1.0476 0.0, -0.2169 -1.0311 0.0, -0.1977 -1.0551 0.0, -0.1181 -1.1811 0.0866, -0.1181 -1.185 0.0866, -0.0394 -1.1811 0.0866, -0.0394 -1.185 0.0866, -0.0394 -1.1811 0.0079, -0.0394 -1.185 0.0, -0.0394 -1.063 0.0079, -0.0394 -1.063 0.0, -0.0403 -1.0551 0.0, -0.0403 -1.0551 0.0079, -0.0429 -1.0476 0.0, -0.0429 -1.0476 0.0079, -0.0471 -1.0409 0.0, -0.0471 -1.0409 0.0079, -0.0527 -1.0353 0.0, -0.0527 -1.0353 0.0079, -0.0594 -1.0311 0.0, -0.0594 -1.0311 0.0079, -0.0669 -1.0284 0.0, -0.0669 -1.0284 0.0079, -0.0748 -1.0276 0.0, -0.0748 -1.0276 0.0079, -0.0827 -1.0276 0.0, -0.0827 -1.0276 0.0079, -0.0906 -1.0284 0.0, -0.0906 -1.0284 0.0079, -0.0981 -1.0311 0.0, -0.0981 -1.0311 0.0079, -0.1048 -1.0353 0.0, -0.1048 -1.0353 0.0079, -0.1104 -1.0409 0.0, -0.1104 -1.0409 0.0079, -0.1146 -1.0476 0.0, -0.1146 -1.0476 0.0079, -0.1172 -1.0551 0.0, -0.1172 -1.0551 0.0079, -0.1181 -1.063 0.0, -0.1181 -1.063 0.0079, -0.1181 -1.1811 0.0079, -0.1181 -1.185 0.0
            ]
        }
        coordIndex [
            0,1,2,-1,2,1,3,-1,3,4,2,-1,2,4,5,-1,2,5,6,-1,6,7,2,-1,2,7,8,-1,2,8,9,-1,9,10,2,-1,2,10,11,-1,2,11,12,-1,13,14,15,-1,12,16,2,-1,2,16,13,-1,2,13,17,-1,17,13,15,-1,18,19,20,-1,20,19,21,-1,20,21,22,-1,22,21,23,-1,22,23,24,-1,24,23,25,-1,24,25,26,-1,24,26,27,-1,27,26,28,-1,27,28,29,-1,29,28,30,-1,29,30,31,-1,31,30,32,-1,31,32,33,-1,33,32,34,-1,33,34,35,-1,35,34,36,-1,35,36,37,-1,37,36,38,-1,37,38,39,-1,38,40,39,-1,39,40,41,-1,41,40,42,-1,41,42,43,-1,43,42,44,-1,43,44,45,-1,45,44,46,-1,45,46,47,-1,47,46,48,-1,47,48,49,-1,49,48,50,-1,49,50,51,-1,51,50,52,-1,51,52,53,-1,53,52,54,-1,53,54,55,-1,55,54,56,-1,56,54,57,-1,56,57,18,-1,18,57,19,-1,
        ]
    }
}
Shape{
    appearance Appearance {
        material  Material 	{
            diffuseColor 1.0 0.5019607843137255 0.0
            specularColor 0.5019607843137255 0.25098039215686274 0.0
            ambientIntensity 0.5937
            transparency 0.0
            shininess 0.5
        }
    }
    geometry IndexedFaceSet {
        ccw TRUE
        solid FALSE
        coord DEF co Coordinate {
            point [
                -0.0394 -1.185 0.0, -0.0394 -1.185 0.0866, -0.1181 -1.185 0.0, -0.1181 -1.185 0.0866
            ]
        }
        coordIndex [
            0,1,2,-1,2,1,3,-1,
        ]
    }
}
Shape{
    appearance Appearance {
        material  Material 	{
            diffuseColor 0.7529411764705882 0.7529411764705882 0.7529411764705882
            specularColor 0.3764705882352941 0.3764705882352941 0.3764705882352941
            ambientIntensity 0.7529
            transparency 0.0
            shininess 0.5
        }
    }
    geometry IndexedFaceSet {
        ccw TRUE
        solid FALSE
        coord DEF co Coordinate {
            point [
                -0.0394 -1.063 0.0, -0.0394 -1.185 0.0, -0.1181 -1.185 0.0, -0.0981 -1.0311 0.0, -0.0906 -1.0284 0.0, -0.1181 -1.063 0.0, -0.1172 -1.0551 0.0, -0.1146 -1.0476 0.0, -0.0827 -1.0276 0.0, -0.0748 -1.0276 0.0, -0.0669 -1.0284 0.0, -0.0527 -1.0353 0.0, -0.0471 -1.0409 0.0, -0.0429 -1.0476 0.0, -0.1104 -1.0409 0.0, -0.1048 -1.0353 0.0, -0.0594 -1.0311 0.0, -0.0403 -1.0551 0.0, 0.0394 -1.1811 0.0866, 0.0394 -1.185 0.0866, 0.1181 -1.1811 0.0866, 0.1181 -1.185 0.0866, 0.1181 -1.1811 0.0079, 0.1181 -1.185 0.0, 0.1181 -1.063 0.0079, 0.1181 -1.063 0.0, 0.1172 -1.0551 0.0, 0.1172 -1.0551 0.0079, 0.1146 -1.0476 0.0, 0.1146 -1.0476 0.0079, 0.1104 -1.0409 0.0, 0.1104 -1.0409 0.0079, 0.1048 -1.0353 0.0, 0.1048 -1.0353 0.0079, 0.0981 -1.0311 0.0, 0.0981 -1.0311 0.0079, 0.0906 -1.0284 0.0, 0.0906 -1.0284 0.0079, 0.0827 -1.0276 0.0, 0.0827 -1.0276 0.0079, 0.0748 -1.0276 0.0, 0.0748 -1.0276 0.0079, 0.0669 -1.0284 0.0, 0.0669 -1.0284 0.0079, 0.0594 -1.0311 0.0, 0.0594 -1.0311 0.0079, 0.0527 -1.0353 0.0, 0.0527 -1.0353 0.0079, 0.0471 -1.0409 0.0, 0.0471 -1.0409 0.0079, 0.0429 -1.0476 0.0, 0.0429 -1.0476 0.0079, 0.0403 -1.0551 0.0, 0.0403 -1.0551 0.0079, 0.0394 -1.063 0.0, 0.0394 -1.063 0.0079, 0.0394 -1.1811 0.0079, 0.0394 -1.185 0.0
            ]
        }
        coordIndex [
            0,1,2,-1,3,4,0,-1,2,5,0,-1,0,5,6,-1,0,6,7,-1,4,8,0,-1,0,8,9,-1,0,9,10,-1,11,12,13,-1,7,14,0,-1,0,14,15,-1,0,15,3,-1,10,16,0,-1,0,16,11,-1,0,11,17,-1,17,11,13,-1,18,19,20,-1,20,19,21,-1,20,21,22,-1,22,21,23,-1,22,23,24,-1,24,23,25,-1,24,25,26,-1,24,26,27,-1,27,26,28,-1,27,28,29,-1,29,28,30,-1,29,30,31,-1,31,30,32,-1,31,32,33,-1,33,32,34,-1,33,34,35,-1,35,34,36,-1,35,36,37,-1,37,36,38,-1,37,38,39,-1,38,40,39,-1,39,40,41,-1,41,40,42,-1,41,42,43,-1,43,42,44,-1,43,44,45,-1,45,44,46,-1,45,46,47,-1,47,46,48,-1,47,48,49,-1,49,48,50,-1,49,50,51,-1,51,50,52,-1,51,52,53,-1,53,52,54,-1,53,54,55,-1,55,54,56,-1,56,54,57,-1,56,57,18,-1,18,57,19,-1,
        ]
    }
}
Shape{
    appearance Appearance {
        material  Material 	{
            diffuseColor 1.0 0.5019607843137255 0.0
            specularColor 0.5019607843137255 0.25098039215686274 0.0
            ambientIntensity 0.5937
            transparency 0.0
            shininess 0.5
        }
    }
    geometry IndexedFaceSet {
        ccw TRUE
        solid FALSE
        coord DEF co Coordinate {
            point [
                0.1181 -1.185 0.0, 0.1181 -1.185 0.0866, 0.0394 -1.185 0.0, 0.0394 -1.185 0.0866
            ]
        }
        coordIndex [
            0,1,2,-1,2,1,3,-1,
        ]
    }
}
Shape{
    appearance Appearance {
        material  Material 	{
            diffuseColor 0.7529411764705882 0.7529411764705882 0.7529411764705882
            specularColor 0.3764705882352941 0.3764705882352941 0.3764705882352941
            ambientIntensity 0.7529
            transparency 0.0
            shininess 0.5
        }
    }
    geometry IndexedFaceSet {
        ccw TRUE
        solid FALSE
        coord DEF co Coordinate {
            point [
                0.1181 -1.063 0.0, 0.1181 -1.185 0.0, 0.0394 -1.185 0.0, 0.0594 -1.0311 0.0, 0.0669 -1.0284 0.0, 0.0394 -1.063 0.0, 0.0403 -1.0551 0.0, 0.0429 -1.0476 0.0, 0.0748 -1.0276 0.0, 0.0827 -1.0276 0.0, 0.0906 -1.0284 0.0, 0.1048 -1.0353 0.0, 0.1104 -1.0409 0.0, 0.1146 -1.0476 0.0, 0.0471 -1.0409 0.0, 0.0527 -1.0353 0.0, 0.0981 -1.0311 0.0, 0.1172 -1.0551 0.0, 0.1969 -1.1811 0.0866, 0.1969 -1.185 0.0866, 0.2756 -1.1811 0.0866, 0.2756 -1.185 0.0866, 0.2756 -1.1811 0.0079, 0.2756 -1.185 0.0, 0.2756 -1.063 0.0079, 0.2756 -1.063 0.0, 0.2747 -1.0551 0.0, 0.2747 -1.0551 0.0079, 0.2721 -1.0476 0.0, 0.2721 -1.0476 0.0079, 0.2679 -1.0409 0.0, 0.2679 -1.0409 0.0079, 0.2622 -1.0353 0.0, 0.2622 -1.0353 0.0079, 0.2555 -1.0311 0.0, 0.2555 -1.0311 0.0079, 0.248 -1.0284 0.0, 0.248 -1.0284 0.0079, 0.2402 -1.0276 0.0, 0.2402 -1.0276 0.0079, 0.2323 -1.0276 0.0, 0.2323 -1.0276 0.0079, 0.2244 -1.0284 0.0, 0.2244 -1.0284 0.0079, 0.2169 -1.0311 0.0, 0.2169 -1.0311 0.0079, 0.2102 -1.0353 0.0, 0.2102 -1.0353 0.0079, 0.2046 -1.0409 0.0, 0.2046 -1.0409 0.0079, 0.2004 -1.0476 0.0, 0.2004 -1.0476 0.0079, 0.1977 -1.0551 0.0, 0.1977 -1.0551 0.0079, 0.1969 -1.063 0.0, 0.1969 -1.063 0.0079, 0.1969 -1.1811 0.0079, 0.1969 -1.185 0.0
            ]
        }
        coordIndex [
            0,1,2,-1,3,4,0,-1,2,5,0,-1,0,5,6,-1,0,6,7,-1,4,8,0,-1,0,8,9,-1,0,9,10,-1,11,12,13,-1,7,14,0,-1,0,14,15,-1,0,15,3,-1,10,16,0,-1,0,16,11,-1,0,11,17,-1,17,11,13,-1,18,19,20,-1,20,19,21,-1,20,21,22,-1,22,21,23,-1,22,23,24,-1,24,23,25,-1,24,25,26,-1,24,26,27,-1,27,26,28,-1,27,28,29,-1,29,28,30,-1,29,30,31,-1,31,30,32,-1,31,32,33,-1,33,32,34,-1,33,34,35,-1,35,34,36,-1,35,36,37,-1,37,36,38,-1,37,38,39,-1,38,40,39,-1,39,40,41,-1,41,40,42,-1,41,42,43,-1,43,42,44,-1,43,44,45,-1,45,44,46,-1,45,46,47,-1,47,46,48,-1,47,48,49,-1,49,48,50,-1,49,50,51,-1,51,50,52,-1,51,52,53,-1,53,52,54,-1,53,54,55,-1,55,54,56,-1,56,54,57,-1,56,57,18,-1,18,57,19,-1,
        ]
    }
}
Shape{
    appearance Appearance {
        material  Material 	{
            diffuseColor 1.0 0.5019607843137255 0.0
            specularColor 0.5019607843137255 0.25098039215686274 0.0
            ambientIntensity 0.5937
            transparency 0.0
            shininess 0.5
        }
    }
    geometry IndexedFaceSet {
        ccw TRUE
        solid FALSE
        coord DEF co Coordinate {
            point [
                0.2756 -1.185 0.0, 0.2756 -1.185 0.0866, 0.1969 -1.185 0.0, 0.1969 -1.185 0.0866
            ]
        }
        coordIndex [
            0,1,2,-1,2,1,3,-1,
        ]
    }
}
Shape{
    appearance Appearance {
        material  Material 	{
            diffuseColor 0.7529411764705882 0.7529411764705882 0.7529411764705882
            specularColor 0.3764705882352941 0.3764705882352941 0.3764705882352941
            ambientIntensity 0.7529
            transparency 0.0
            shininess 0.5
        }
    }
    geometry IndexedFaceSet {
        ccw TRUE
        solid FALSE
        coord DEF co Coordinate {
            point [
                0.2756 -1.185 0.0, 0.1969 -1.185 0.0, 0.2756 -1.063 0.0, 0.1969 -1.063 0.0, 0.1977 -1.0551 0.0, 0.2004 -1.0476 0.0, 0.2046 -1.0409 0.0, 0.2102 -1.0353 0.0, 0.2169 -1.0311 0.0, 0.2244 -1.0284 0.0, 0.2323 -1.0276 0.0, 0.2402 -1.0276 0.0, 0.248 -1.0284 0.0, 0.2622 -1.0353 0.0, 0.2679 -1.0409 0.0, 0.2721 -1.0476 0.0, 0.2555 -1.0311 0.0, 0.2747 -1.0551 0.0, 0.3543 -1.1811 0.0866, 0.3543 -1.185 0.0866, 0.4331 -1.1811 0.0866, 0.4331 -1.185 0.0866, 0.4331 -1.1811 0.0079, 0.4331 -1.185 0.0, 0.4331 -1.063 0.0079, 0.4331 -1.063 0.0, 0.4322 -1.0551 0.0, 0.4322 -1.0551 0.0079, 0.4296 -1.0476 0.0, 0.4296 -1.0476 0.0079, 0.4253 -1.0409 0.0, 0.4253 -1.0409 0.0079, 0.4197 -1.0353 0.0, 0.4197 -1.0353 0.0079, 0.413 -1.0311 0.0, 0.413 -1.0311 0.0079, 0.4055 -1.0284 0.0, 0.4055 -1.0284 0.0079, 0.3976 -1.0276 0.0, 0.3976 -1.0276 0.0079, 0.3898 -1.0276 0.0, 0.3898 -1.0276 0.0079, 0.3819 -1.0284 0.0, 0.3819 -1.0284 0.0079, 0.3744 -1.0311 0.0, 0.3744 -1.0311 0.0079, 0.3677 -1.0353 0.0, 0.3677 -1.0353 0.0079, 0.3621 -1.0409 0.0, 0.3621 -1.0409 0.0079, 0.3578 -1.0476 0.0, 0.3578 -1.0476 0.0079, 0.3552 -1.0551 0.0, 0.3552 -1.0551 0.0079, 0.3543 -1.063 0.0, 0.3543 -1.063 0.0079, 0.3543 -1.1811 0.0079, 0.3543 -1.185 0.0
            ]
        }
        coordIndex [
            0,1,2,-1,2,1,3,-1,3,4,2,-1,2,4,5,-1,2,5,6,-1,6,7,2,-1,2,7,8,-1,2,8,9,-1,9,10,2,-1,2,10,11,-1,2,11,12,-1,13,14,15,-1,12,16,2,-1,2,16,13,-1,2,13,17,-1,17,13,15,-1,18,19,20,-1,20,19,21,-1,20,21,22,-1,22,21,23,-1,22,23,24,-1,24,23,25,-1,24,25,26,-1,24,26,27,-1,27,26,28,-1,27,28,29,-1,29,28,30,-1,29,30,31,-1,31,30,32,-1,31,32,33,-1,33,32,34,-1,33,34,35,-1,35,34,36,-1,35,36,37,-1,37,36,38,-1,37,38,39,-1,38,40,39,-1,39,40,41,-1,41,40,42,-1,41,42,43,-1,43,42,44,-1,43,44,45,-1,45,44,46,-1,45,46,47,-1,47,46,48,-1,47,48,49,-1,49,48,50,-1,49,50,51,-1,51,50,52,-1,51,52,53,-1,53,52,54,-1,53,54,55,-1,55,54,56,-1,56,54,57,-1,56,57,18,-1,18,57,19,-1,
        ]
    }
}
Shape{
    appearance Appearance {
        material  Material 	{
            diffuseColor 1.0 0.5019607843137255 0.0
            specularColor 0.5019607843137255 0.25098039215686274 0.0
            ambientIntensity 0.5937
            transparency 0.0
            shininess 0.5
        }
    }
    geometry IndexedFaceSet {
        ccw TRUE
        solid FALSE
        coord DEF co Coordinate {
            point [
                0.4331 -1.185 0.0, 0.4331 -1.185 0.0866, 0.3543 -1.185 0.0, 0.3543 -1.185 0.0866
            ]
        }
        coordIndex [
            0,1,2,-1,2,1,3,-1,
        ]
    }
}
Shape{
    appearance Appearance {
        material  Material 	{
            diffuseColor 0.7529411764705882 0.7529411764705882 0.7529411764705882
            specularColor 0.3764705882352941 0.3764705882352941 0.3764705882352941
            ambientIntensity 0.7529
            transparency 0.0
            shininess 0.5
        }
    }
    geometry IndexedFaceSet {
        ccw TRUE
        solid FALSE
        coord DEF co Coordinate {
            point [
                0.4331 -1.185 0.0, 0.3543 -1.185 0.0, 0.4331 -1.063 0.0, 0.3543 -1.063 0.0, 0.4322 -1.0551 0.0, 0.3898 -1.0276 0.0, 0.3976 -1.0276 0.0, 0.3819 -1.0284 0.0, 0.3578 -1.0476 0.0, 0.3621 -1.0409 0.0, 0.3677 -1.0353 0.0, 0.3552 -1.0551 0.0, 0.4055 -1.0284 0.0, 0.413 -1.0311 0.0, 0.4197 -1.0353 0.0, 0.3744 -1.0311 0.0, 0.4253 -1.0409 0.0, 0.4296 -1.0476 0.0, 0.5118 -1.1811 0.0866, 0.5118 -1.185 0.0866, 0.5906 -1.1811 0.0866, 0.5906 -1.185 0.0866, 0.5906 -1.1811 0.0079, 0.5906 -1.185 0.0, 0.5906 -1.063 0.0079, 0.5906 -1.063 0.0, 0.5897 -1.0551 0.0, 0.5897 -1.0551 0.0079, 0.587 -1.0476 0.0, 0.587 -1.0476 0.0079, 0.5828 -1.0409 0.0, 0.5828 -1.0409 0.0079, 0.5772 -1.0353 0.0, 0.5772 -1.0353 0.0079, 0.5705 -1.0311 0.0, 0.5705 -1.0311 0.0079, 0.563 -1.0284 0.0, 0.563 -1.0284 0.0079, 0.5551 -1.0276 0.0, 0.5551 -1.0276 0.0079, 0.5472 -1.0276 0.0, 0.5472 -1.0276 0.0079, 0.5394 -1.0284 0.0, 0.5394 -1.0284 0.0079, 0.5319 -1.0311 0.0, 0.5319 -1.0311 0.0079, 0.5252 -1.0353 0.0, 0.5252 -1.0353 0.0079, 0.5195 -1.0409 0.0, 0.5195 -1.0409 0.0079, 0.5153 -1.0476 0.0, 0.5153 -1.0476 0.0079, 0.5127 -1.0551 0.0, 0.5127 -1.0551 0.0079, 0.5118 -1.063 0.0, 0.5118 -1.063 0.0079, 0.5118 -1.1811 0.0079, 0.5118 -1.185 0.0
            ]
        }
        coordIndex [
            0,1,2,-1,2,1,3,-1,2,3,4,-1,5,6,3,-1,5,3,7,-1,8,9,10,-1,8,10,11,-1,6,12,3,-1,3,12,13,-1,3,13,14,-1,11,10,3,-1,3,10,15,-1,3,15,7,-1,14,16,3,-1,3,16,17,-1,3,17,4,-1,18,19,20,-1,20,19,21,-1,20,21,22,-1,22,21,23,-1,22,23,24,-1,24,23,25,-1,24,25,26,-1,24,26,27,-1,27,26,28,-1,27,28,29,-1,29,28,30,-1,29,30,31,-1,31,30,32,-1,31,32,33,-1,33,32,34,-1,33,34,35,-1,35,34,36,-1,35,36,37,-1,37,36,38,-1,37,38,39,-1,38,40,39,-1,39,40,41,-1,41,40,42,-1,41,42,43,-1,43,42,44,-1,43,44,45,-1,45,44,46,-1,45,46,47,-1,47,46,48,-1,47,48,49,-1,49,48,50,-1,49,50,51,-1,51,50,52,-1,51,52,53,-1,53,52,54,-1,53,54,55,-1,55,54,56,-1,56,54,57,-1,56,57,18,-1,18,57,19,-1,
        ]
    }
}
Shape{
    appearance Appearance {
        material  Material 	{
            diffuseColor 1.0 0.5019607843137255 0.0
            specularColor 0.5019607843137255 0.25098039215686274 0.0
            ambientIntensity 0.5937
            transparency 0.0
            shininess 0.5
        }
    }
    geometry IndexedFaceSet {
        ccw TRUE
        solid FALSE
        coord DEF co Coordinate {
            point [
                0.5906 -1.185 0.0, 0.5906 -1.185 0.0866, 0.5118 -1.185 0.0, 0.5118 -1.185 0.0866
            ]
        }
        coordIndex [
            0,1,2,-1,2,1,3,-1,
        ]
    }
}
Shape{
    appearance Appearance {
        material  Material 	{
            diffuseColor 0.7529411764705882 0.7529411764705882 0.7529411764705882
            specularColor 0.3764705882352941 0.3764705882352941 0.3764705882352941
            ambientIntensity 0.7529
            transparency 0.0
            shininess 0.5
        }
    }
    geometry IndexedFaceSet {
        ccw TRUE
        solid FALSE
        coord DEF co Coordinate {
            point [
                0.5906 -1.063 0.0, 0.5906 -1.185 0.0, 0.5118 -1.185 0.0, 0.5394 -1.0284 0.0, 0.5472 -1.0276 0.0, 0.5118 -1.063 0.0, 0.5705 -1.0311 0.0, 0.5772 -1.0353 0.0, 0.5551 -1.0276 0.0, 0.563 -1.0284 0.0, 0.5828 -1.0409 0.0, 0.587 -1.0476 0.0, 0.5897 -1.0551 0.0, 0.5195 -1.0409 0.0, 0.5252 -1.0353 0.0, 0.5153 -1.0476 0.0, 0.5127 -1.0551 0.0, 0.5319 -1.0311 0.0, 0.6693 -1.1811 0.0866, 0.6693 -1.185 0.0866, 0.748 -1.1811 0.0866, 0.748 -1.185 0.0866, 0.748 -1.1811 0.0079, 0.748 -1.185 0.0, 0.748 -1.063 0.0079, 0.748 -1.063 0.0, 0.7471 -1.0551 0.0, 0.7471 -1.0551 0.0079, 0.7445 -1.0476 0.0, 0.7445 -1.0476 0.0079, 0.7403 -1.0409 0.0, 0.7403 -1.0409 0.0079, 0.7347 -1.0353 0.0, 0.7347 -1.0353 0.0079, 0.728 -1.0311 0.0, 0.728 -1.0311 0.0079, 0.7205 -1.0284 0.0, 0.7205 -1.0284 0.0079, 0.7126 -1.0276 0.0, 0.7126 -1.0276 0.0079, 0.7047 -1.0276 0.0, 0.7047 -1.0276 0.0079, 0.6968 -1.0284 0.0, 0.6968 -1.0284 0.0079, 0.6894 -1.0311 0.0, 0.6894 -1.0311 0.0079, 0.6826 -1.0353 0.0, 0.6826 -1.0353 0.0079, 0.677 -1.0409 0.0, 0.677 -1.0409 0.0079, 0.6728 -1.0476 0.0, 0.6728 -1.0476 0.0079, 0.6702 -1.0551 0.0, 0.6702 -1.0551 0.0079, 0.6693 -1.063 0.0, 0.6693 -1.063 0.0079, 0.6693 -1.1811 0.0079, 0.6693 -1.185 0.0
            ]
        }
        coordIndex [
            0,1,2,-1,3,4,5,-1,6,7,0,-1,5,4,2,-1,2,4,8,-1,2,8,0,-1,0,8,9,-1,0,9,6,-1,10,11,7,-1,7,11,12,-1,7,12,0,-1,13,14,15,-1,15,14,16,-1,16,14,5,-1,5,14,17,-1,5,17,3,-1,18,19,20,-1,20,19,21,-1,20,21,22,-1,22,21,23,-1,22,23,24,-1,24,23,25,-1,24,25,26,-1,24,26,27,-1,27,26,28,-1,27,28,29,-1,29,28,30,-1,29,30,31,-1,31,30,32,-1,31,32,33,-1,33,32,34,-1,33,34,35,-1,35,34,36,-1,35,36,37,-1,37,36,38,-1,37,38,39,-1,38,40,39,-1,39,40,41,-1,41,40,42,-1,41,42,43,-1,43,42,44,-1,43,44,45,-1,45,44,46,-1,45,46,47,-1,47,46,48,-1,47,48,49,-1,49,48,50,-1,49,50,51,-1,51,50,52,-1,51,52,53,-1,53,52,54,-1,53,54,55,-1,55,54,56,-1,56,54,57,-1,56,57,18,-1,18,57,19,-1,
        ]
    }
}
Shape{
    appearance Appearance {
        material  Material 	{
            diffuseColor 1.0 0.5019607843137255 0.0
            specularColor 0.5019607843137255 0.25098039215686274 0.0
            ambientIntensity 0.5937
            transparency 0.0
            shininess 0.5
        }
    }
    geometry IndexedFaceSet {
        ccw TRUE
        solid FALSE
        coord DEF co Coordinate {
            point [
                0.748 -1.185 0.0, 0.748 -1.185 0.0866, 0.6693 -1.185 0.0, 0.6693 -1.185 0.0866
            ]
        }
        coordIndex [
            0,1,2,-1,2,1,3,-1,
        ]
    }
}
Shape{
    appearance Appearance {
        material  Material 	{
            diffuseColor 0.7529411764705882 0.7529411764705882 0.7529411764705882
            specularColor 0.3764705882352941 0.3764705882352941 0.3764705882352941
            ambientIntensity 0.7529
            transparency 0.0
            shininess 0.5
        }
    }
    geometry IndexedFaceSet {
        ccw TRUE
        solid FALSE
        coord DEF co Coordinate {
            point [
                0.748 -1.063 0.0, 0.748 -1.185 0.0, 0.6693 -1.185 0.0, 0.6968 -1.0284 0.0, 0.7047 -1.0276 0.0, 0.6693 -1.063 0.0, 0.728 -1.0311 0.0, 0.7347 -1.0353 0.0, 0.7126 -1.0276 0.0, 0.7205 -1.0284 0.0, 0.7403 -1.0409 0.0, 0.7445 -1.0476 0.0, 0.7471 -1.0551 0.0, 0.677 -1.0409 0.0, 0.6826 -1.0353 0.0, 0.6728 -1.0476 0.0, 0.6702 -1.0551 0.0, 0.6894 -1.0311 0.0, 0.8268 -1.1811 0.0866, 0.8268 -1.185 0.0866, 0.9055 -1.1811 0.0866, 0.9055 -1.185 0.0866, 0.9055 -1.1811 0.0079, 0.9055 -1.185 0.0, 0.9055 -1.063 0.0079, 0.9055 -1.063 0.0, 0.9046 -1.0551 0.0, 0.9046 -1.0551 0.0079, 0.902 -1.0476 0.0, 0.902 -1.0476 0.0079, 0.8978 -1.0409 0.0, 0.8978 -1.0409 0.0079, 0.8922 -1.0353 0.0, 0.8922 -1.0353 0.0079, 0.8855 -1.0311 0.0, 0.8855 -1.0311 0.0079, 0.878 -1.0284 0.0, 0.878 -1.0284 0.0079, 0.8701 -1.0276 0.0, 0.8701 -1.0276 0.0079, 0.8622 -1.0276 0.0, 0.8622 -1.0276 0.0079, 0.8543 -1.0284 0.0, 0.8543 -1.0284 0.0079, 0.8468 -1.0311 0.0, 0.8468 -1.0311 0.0079, 0.8401 -1.0353 0.0, 0.8401 -1.0353 0.0079, 0.8345 -1.0409 0.0, 0.8345 -1.0409 0.0079, 0.8303 -1.0476 0.0, 0.8303 -1.0476 0.0079, 0.8277 -1.0551 0.0, 0.8277 -1.0551 0.0079, 0.8268 -1.063 0.0, 0.8268 -1.063 0.0079, 0.8268 -1.1811 0.0079, 0.8268 -1.185 0.0
            ]
        }
        coordIndex [
            0,1,2,-1,3,4,5,-1,6,7,0,-1,5,4,2,-1,2,4,8,-1,2,8,0,-1,0,8,9,-1,0,9,6,-1,10,11,7,-1,7,11,12,-1,7,12,0,-1,13,14,15,-1,15,14,16,-1,16,14,5,-1,5,14,17,-1,5,17,3,-1,18,19,20,-1,20,19,21,-1,20,21,22,-1,22,21,23,-1,22,23,24,-1,24,23,25,-1,24,25,26,-1,24,26,27,-1,27,26,28,-1,27,28,29,-1,29,28,30,-1,29,30,31,-1,31,30,32,-1,31,32,33,-1,33,32,34,-1,33,34,35,-1,35,34,36,-1,35,36,37,-1,37,36,38,-1,37,38,39,-1,38,40,39,-1,39,40,41,-1,41,40,42,-1,41,42,43,-1,43,42,44,-1,43,44,45,-1,45,44,46,-1,45,46,47,-1,47,46,48,-1,47,48,49,-1,49,48,50,-1,49,50,51,-1,51,50,52,-1,51,52,53,-1,53,52,54,-1,53,54,55,-1,55,54,56,-1,56,54,57,-1,56,57,18,-1,18,57,19,-1,
        ]
    }
}
Shape{
    appearance Appearance {
        material  Material 	{
            diffuseColor 1.0 0.5019607843137255 0.0
            specularColor 0.5019607843137255 0.25098039215686274 0.0
            ambientIntensity 0.5937
            transparency 0.0
            shininess 0.5
        }
    }
    geometry IndexedFaceSet {
        ccw TRUE
        solid FALSE
        coord DEF co Coordinate {
            point [
                0.9055 -1.185 0.0, 0.9055 -1.185 0.0866, 0.8268 -1.185 0.0, 0.8268 -1.185 0.0866
            ]
        }
        coordIndex [
            0,1,2,-1,2,1,3,-1,
        ]
    }
}
Shape{
    appearance Appearance {
        material  Material 	{
            diffuseColor 0.7529411764705882 0.7529411764705882 0.7529411764705882
            specularColor 0.3764705882352941 0.3764705882352941 0.3764705882352941
            ambientIntensity 0.7529
            transparency 0.0
            shininess 0.5
        }
    }
    geometry IndexedFaceSet {
        ccw TRUE
        solid FALSE
        coord DEF co Coordinate {
            point [
                0.8303 -1.0476 0.0, 0.8543 -1.0284 0.0, 0.8277 -1.0551 0.0, 0.8622 -1.0276 0.0, 0.8268 -1.063 0.0, 0.8345 -1.0409 0.0, 0.8401 -1.0353 0.0, 0.8468 -1.0311 0.0, 0.8855 -1.0311 0.0, 0.9046 -1.0551 0.0, 0.878 -1.0284 0.0, 0.9055 -1.063 0.0, 0.8701 -1.0276 0.0, 0.9055 -1.185 0.0, 0.8268 -1.185 0.0, 0.8922 -1.0353 0.0, 0.8978 -1.0409 0.0, 0.902 -1.0476 0.0, 0.9055 1.185 0.0866, 0.8268 1.185 0.0866, 0.9055 1.1811 0.0866, 0.8268 1.1811 0.0866, 0.8701 1.0276 0.0079, 0.8701 1.0276 0.0, 0.878 1.0284 0.0, 0.878 1.0284 0.0079, 0.8855 1.0311 0.0, 0.8855 1.0311 0.0079, 0.8922 1.0353 0.0, 0.8922 1.0353 0.0079, 0.8978 1.0409 0.0, 0.8978 1.0409 0.0079, 0.902 1.0476 0.0, 0.902 1.0476 0.0079, 0.9046 1.0551 0.0, 0.9046 1.0551 0.0079, 0.9055 1.063 0.0, 0.9055 1.063 0.0079, 0.9055 1.1811 0.0079, 0.9055 1.185 0.0, 0.8268 1.1811 0.0079, 0.8268 1.185 0.0, 0.8268 1.063 0.0079, 0.8268 1.063 0.0, 0.8277 1.0551 0.0, 0.8277 1.0551 0.0079, 0.8303 1.0476 0.0, 0.8303 1.0476 0.0079, 0.8345 1.0409 0.0, 0.8345 1.0409 0.0079, 0.8401 1.0353 0.0, 0.8401 1.0353 0.0079, 0.8468 1.0311 0.0, 0.8468 1.0311 0.0079, 0.8543 1.0284 0.0, 0.8543 1.0284 0.0079, 0.8622 1.0276 0.0, 0.8622 1.0276 0.0079
            ]
        }
        coordIndex [
            0,1,2,-1,2,1,3,-1,2,3,4,-1,0,5,1,-1,1,5,6,-1,1,6,7,-1,8,9,10,-1,10,9,11,-1,10,11,12,-1,12,11,13,-1,12,13,3,-1,3,13,14,-1,3,14,4,-1,8,15,9,-1,9,15,16,-1,9,16,17,-1,18,19,20,-1,20,19,21,-1,22,23,24,-1,22,24,25,-1,25,24,26,-1,25,26,27,-1,27,26,28,-1,27,28,29,-1,29,28,30,-1,29,30,31,-1,31,30,32,-1,31,32,33,-1,33,32,34,-1,33,34,35,-1,35,34,36,-1,35,36,37,-1,37,36,38,-1,38,36,39,-1,38,39,20,-1,20,39,18,-1,21,19,40,-1,40,19,41,-1,40,41,42,-1,42,41,43,-1,42,43,44,-1,42,44,45,-1,45,44,46,-1,45,46,47,-1,47,46,48,-1,47,48,49,-1,49,48,50,-1,49,50,51,-1,51,50,52,-1,51,52,53,-1,53,52,54,-1,53,54,55,-1,55,54,56,-1,55,56,57,-1,56,23,57,-1,57,23,22,-1,
        ]
    }
}
Shape{
    appearance Appearance {
        material  Material 	{
            diffuseColor 1.0 0.5019607843137255 0.0
            specularColor 0.5019607843137255 0.25098039215686274 0.0
            ambientIntensity 0.5937
            transparency 0.0
            shininess 0.5
        }
    }
    geometry IndexedFaceSet {
        ccw TRUE
        solid FALSE
        coord DEF co Coordinate {
            point [
                0.8268 1.185 0.0, 0.8268 1.185 0.0866, 0.9055 1.185 0.0, 0.9055 1.185 0.0866
            ]
        }
        coordIndex [
            0,1,2,-1,2,1,3,-1,
        ]
    }
}
Shape{
    appearance Appearance {
        material  Material 	{
            diffuseColor 0.7529411764705882 0.7529411764705882 0.7529411764705882
            specularColor 0.3764705882352941 0.3764705882352941 0.3764705882352941
            ambientIntensity 0.7529
            transparency 0.0
            shininess 0.5
        }
    }
    geometry IndexedFaceSet {
        ccw TRUE
        solid FALSE
        coord DEF co Coordinate {
            point [
                0.902 1.0476 0.0, 0.878 1.0284 0.0, 0.9046 1.0551 0.0, 0.8701 1.0276 0.0, 0.9055 1.063 0.0, 0.8978 1.0409 0.0, 0.8922 1.0353 0.0, 0.8855 1.0311 0.0, 0.8468 1.0311 0.0, 0.8277 1.0551 0.0, 0.8543 1.0284 0.0, 0.8268 1.063 0.0, 0.8622 1.0276 0.0, 0.8268 1.185 0.0, 0.9055 1.185 0.0, 0.8401 1.0353 0.0, 0.8345 1.0409 0.0, 0.8303 1.0476 0.0, 0.748 1.185 0.0866, 0.6693 1.185 0.0866, 0.748 1.1811 0.0866, 0.6693 1.1811 0.0866, 0.7126 1.0276 0.0079, 0.7126 1.0276 0.0, 0.7205 1.0284 0.0, 0.7205 1.0284 0.0079, 0.728 1.0311 0.0, 0.728 1.0311 0.0079, 0.7347 1.0353 0.0, 0.7347 1.0353 0.0079, 0.7403 1.0409 0.0, 0.7403 1.0409 0.0079, 0.7445 1.0476 0.0, 0.7445 1.0476 0.0079, 0.7471 1.0551 0.0, 0.7471 1.0551 0.0079, 0.748 1.063 0.0, 0.748 1.063 0.0079, 0.748 1.1811 0.0079, 0.748 1.185 0.0, 0.6693 1.1811 0.0079, 0.6693 1.185 0.0, 0.6693 1.063 0.0079, 0.6693 1.063 0.0, 0.6702 1.0551 0.0, 0.6702 1.0551 0.0079, 0.6728 1.0476 0.0, 0.6728 1.0476 0.0079, 0.677 1.0409 0.0, 0.677 1.0409 0.0079, 0.6826 1.0353 0.0, 0.6826 1.0353 0.0079, 0.6894 1.0311 0.0, 0.6894 1.0311 0.0079, 0.6968 1.0284 0.0, 0.6968 1.0284 0.0079, 0.7047 1.0276 0.0, 0.7047 1.0276 0.0079
            ]
        }
        coordIndex [
            0,1,2,-1,2,1,3,-1,2,3,4,-1,0,5,1,-1,1,5,6,-1,1,6,7,-1,8,9,10,-1,10,9,11,-1,10,11,12,-1,12,11,13,-1,12,13,3,-1,3,13,14,-1,3,14,4,-1,8,15,9,-1,9,15,16,-1,9,16,17,-1,18,19,20,-1,20,19,21,-1,22,23,24,-1,22,24,25,-1,25,24,26,-1,25,26,27,-1,27,26,28,-1,27,28,29,-1,29,28,30,-1,29,30,31,-1,31,30,32,-1,31,32,33,-1,33,32,34,-1,33,34,35,-1,35,34,36,-1,35,36,37,-1,37,36,38,-1,38,36,39,-1,38,39,20,-1,20,39,18,-1,21,19,40,-1,40,19,41,-1,40,41,42,-1,42,41,43,-1,42,43,44,-1,42,44,45,-1,45,44,46,-1,45,46,47,-1,47,46,48,-1,47,48,49,-1,49,48,50,-1,49,50,51,-1,51,50,52,-1,51,52,53,-1,53,52,54,-1,53,54,55,-1,55,54,56,-1,55,56,57,-1,56,23,57,-1,57,23,22,-1,
        ]
    }
}
Shape{
    appearance Appearance {
        material  Material 	{
            diffuseColor 1.0 0.5019607843137255 0.0
            specularColor 0.5019607843137255 0.25098039215686274 0.0
            ambientIntensity 0.5937
            transparency 0.0
            shininess 0.5
        }
    }
    geometry IndexedFaceSet {
        ccw TRUE
        solid FALSE
        coord DEF co Coordinate {
            point [
                0.6693 1.185 0.0, 0.6693 1.185 0.0866, 0.748 1.185 0.0, 0.748 1.185 0.0866
            ]
        }
        coordIndex [
            0,1,2,-1,2,1,3,-1,
        ]
    }
}
Shape{
    appearance Appearance {
        material  Material 	{
            diffuseColor 0.7529411764705882 0.7529411764705882 0.7529411764705882
            specularColor 0.3764705882352941 0.3764705882352941 0.3764705882352941
            ambientIntensity 0.7529
            transparency 0.0
            shininess 0.5
        }
    }
    geometry IndexedFaceSet {
        ccw TRUE
        solid FALSE
        coord DEF co Coordinate {
            point [
                0.6693 1.063 0.0, 0.7126 1.0276 0.0, 0.7047 1.0276 0.0, 0.6693 1.185 0.0, 0.748 1.185 0.0, 0.748 1.063 0.0, 0.7471 1.0551 0.0, 0.7445 1.0476 0.0, 0.7403 1.0409 0.0, 0.7347 1.0353 0.0, 0.728 1.0311 0.0, 0.7205 1.0284 0.0, 0.6968 1.0284 0.0, 0.6894 1.0311 0.0, 0.6826 1.0353 0.0, 0.677 1.0409 0.0, 0.6728 1.0476 0.0, 0.6702 1.0551 0.0, 0.5906 1.185 0.0866, 0.5118 1.185 0.0866, 0.5906 1.1811 0.0866, 0.5118 1.1811 0.0866, 0.5551 1.0276 0.0079, 0.5551 1.0276 0.0, 0.563 1.0284 0.0, 0.563 1.0284 0.0079, 0.5705 1.0311 0.0, 0.5705 1.0311 0.0079, 0.5772 1.0353 0.0, 0.5772 1.0353 0.0079, 0.5828 1.0409 0.0, 0.5828 1.0409 0.0079, 0.587 1.0476 0.0, 0.587 1.0476 0.0079, 0.5897 1.0551 0.0, 0.5897 1.0551 0.0079, 0.5906 1.063 0.0, 0.5906 1.063 0.0079, 0.5906 1.1811 0.0079, 0.5906 1.185 0.0, 0.5118 1.1811 0.0079, 0.5118 1.185 0.0, 0.5118 1.063 0.0079, 0.5118 1.063 0.0, 0.5127 1.0551 0.0, 0.5127 1.0551 0.0079, 0.5153 1.0476 0.0, 0.5153 1.0476 0.0079, 0.5195 1.0409 0.0, 0.5195 1.0409 0.0079, 0.5252 1.0353 0.0, 0.5252 1.0353 0.0079, 0.5319 1.0311 0.0, 0.5319 1.0311 0.0079, 0.5394 1.0284 0.0, 0.5394 1.0284 0.0079, 0.5472 1.0276 0.0, 0.5472 1.0276 0.0079
            ]
        }
        coordIndex [
            0,1,2,-1,3,4,0,-1,0,4,5,-1,0,5,6,-1,6,7,0,-1,0,7,8,-1,0,8,9,-1,9,10,0,-1,0,10,11,-1,0,11,1,-1,2,12,0,-1,0,12,13,-1,0,13,14,-1,15,16,14,-1,14,16,17,-1,14,17,0,-1,18,19,20,-1,20,19,21,-1,22,23,24,-1,22,24,25,-1,25,24,26,-1,25,26,27,-1,27,26,28,-1,27,28,29,-1,29,28,30,-1,29,30,31,-1,31,30,32,-1,31,32,33,-1,33,32,34,-1,33,34,35,-1,35,34,36,-1,35,36,37,-1,37,36,38,-1,38,36,39,-1,38,39,20,-1,20,39,18,-1,21,19,40,-1,40,19,41,-1,40,41,42,-1,42,41,43,-1,42,43,44,-1,42,44,45,-1,45,44,46,-1,45,46,47,-1,47,46,48,-1,47,48,49,-1,49,48,50,-1,49,50,51,-1,51,50,52,-1,51,52,53,-1,53,52,54,-1,53,54,55,-1,55,54,56,-1,55,56,57,-1,56,23,57,-1,57,23,22,-1,
        ]
    }
}
Shape{
    appearance Appearance {
        material  Material 	{
            diffuseColor 1.0 0.5019607843137255 0.0
            specularColor 0.5019607843137255 0.25098039215686274 0.0
            ambientIntensity 0.5937
            transparency 0.0
            shininess 0.5
        }
    }
    geometry IndexedFaceSet {
        ccw TRUE
        solid FALSE
        coord DEF co Coordinate {
            point [
                0.5118 1.185 0.0, 0.5118 1.185 0.0866, 0.5906 1.185 0.0, 0.5906 1.185 0.0866
            ]
        }
        coordIndex [
            0,1,2,-1,2,1,3,-1,
        ]
    }
}
Shape{
    appearance Appearance {
        material  Material 	{
            diffuseColor 0.7529411764705882 0.7529411764705882 0.7529411764705882
            specularColor 0.3764705882352941 0.3764705882352941 0.3764705882352941
            ambientIntensity 0.7529
            transparency 0.0
            shininess 0.5
        }
    }
    geometry IndexedFaceSet {
        ccw TRUE
        solid FALSE
        coord DEF co Coordinate {
            point [
                0.5118 1.063 0.0, 0.5551 1.0276 0.0, 0.5472 1.0276 0.0, 0.5118 1.185 0.0, 0.5906 1.185 0.0, 0.5906 1.063 0.0, 0.5897 1.0551 0.0, 0.587 1.0476 0.0, 0.5828 1.0409 0.0, 0.5772 1.0353 0.0, 0.5705 1.0311 0.0, 0.563 1.0284 0.0, 0.5394 1.0284 0.0, 0.5319 1.0311 0.0, 0.5252 1.0353 0.0, 0.5195 1.0409 0.0, 0.5153 1.0476 0.0, 0.5127 1.0551 0.0, 0.4331 1.185 0.0866, 0.3543 1.185 0.0866, 0.4331 1.1811 0.0866, 0.3543 1.1811 0.0866, 0.3976 1.0276 0.0079, 0.3976 1.0276 0.0, 0.4055 1.0284 0.0, 0.4055 1.0284 0.0079, 0.413 1.0311 0.0, 0.413 1.0311 0.0079, 0.4197 1.0353 0.0, 0.4197 1.0353 0.0079, 0.4253 1.0409 0.0, 0.4253 1.0409 0.0079, 0.4296 1.0476 0.0, 0.4296 1.0476 0.0079, 0.4322 1.0551 0.0, 0.4322 1.0551 0.0079, 0.4331 1.063 0.0, 0.4331 1.063 0.0079, 0.4331 1.1811 0.0079, 0.4331 1.185 0.0, 0.3543 1.1811 0.0079, 0.3543 1.185 0.0, 0.3543 1.063 0.0079, 0.3543 1.063 0.0, 0.3552 1.0551 0.0, 0.3552 1.0551 0.0079, 0.3578 1.0476 0.0, 0.3578 1.0476 0.0079, 0.3621 1.0409 0.0, 0.3621 1.0409 0.0079, 0.3677 1.0353 0.0, 0.3677 1.0353 0.0079, 0.3744 1.0311 0.0, 0.3744 1.0311 0.0079, 0.3819 1.0284 0.0, 0.3819 1.0284 0.0079, 0.3898 1.0276 0.0, 0.3898 1.0276 0.0079
            ]
        }
        coordIndex [
            0,1,2,-1,3,4,0,-1,0,4,5,-1,0,5,6,-1,6,7,0,-1,0,7,8,-1,0,8,9,-1,9,10,0,-1,0,10,11,-1,0,11,1,-1,2,12,0,-1,0,12,13,-1,0,13,14,-1,15,16,14,-1,14,16,17,-1,14,17,0,-1,18,19,20,-1,20,19,21,-1,22,23,24,-1,22,24,25,-1,25,24,26,-1,25,26,27,-1,27,26,28,-1,27,28,29,-1,29,28,30,-1,29,30,31,-1,31,30,32,-1,31,32,33,-1,33,32,34,-1,33,34,35,-1,35,34,36,-1,35,36,37,-1,37,36,38,-1,38,36,39,-1,38,39,20,-1,20,39,18,-1,21,19,40,-1,40,19,41,-1,40,41,42,-1,42,41,43,-1,42,43,44,-1,42,44,45,-1,45,44,46,-1,45,46,47,-1,47,46,48,-1,47,48,49,-1,49,48,50,-1,49,50,51,-1,51,50,52,-1,51,52,53,-1,53,52,54,-1,53,54,55,-1,55,54,56,-1,55,56,57,-1,56,23,57,-1,57,23,22,-1,
        ]
    }
}
Shape{
    appearance Appearance {
        material  Material 	{
            diffuseColor 1.0 0.5019607843137255 0.0
            specularColor 0.5019607843137255 0.25098039215686274 0.0
            ambientIntensity 0.5937
            transparency 0.0
            shininess 0.5
        }
    }
    geometry IndexedFaceSet {
        ccw TRUE
        solid FALSE
        coord DEF co Coordinate {
            point [
                0.3543 1.185 0.0, 0.3543 1.185 0.0866, 0.4331 1.185 0.0, 0.4331 1.185 0.0866
            ]
        }
        coordIndex [
            0,1,2,-1,2,1,3,-1,
        ]
    }
}
Shape{
    appearance Appearance {
        material  Material 	{
            diffuseColor 0.7529411764705882 0.7529411764705882 0.7529411764705882
            specularColor 0.3764705882352941 0.3764705882352941 0.3764705882352941
            ambientIntensity 0.7529
            transparency 0.0
            shininess 0.5
        }
    }
    geometry IndexedFaceSet {
        ccw TRUE
        solid FALSE
        coord DEF co Coordinate {
            point [
                0.4296 1.0476 0.0, 0.3976 1.0276 0.0, 0.4322 1.0551 0.0, 0.4331 1.063 0.0, 0.3898 1.0276 0.0, 0.3819 1.0284 0.0, 0.3744 1.0311 0.0, 0.4253 1.0409 0.0, 0.4197 1.0353 0.0, 0.3677 1.0353 0.0, 0.3621 1.0409 0.0, 0.3578 1.0476 0.0, 0.3543 1.185 0.0, 0.4331 1.185 0.0, 0.3543 1.063 0.0, 0.3552 1.0551 0.0, 0.413 1.0311 0.0, 0.4055 1.0284 0.0, 0.2756 1.185 0.0866, 0.1969 1.185 0.0866, 0.2756 1.1811 0.0866, 0.1969 1.1811 0.0866, 0.2402 1.0276 0.0079, 0.2402 1.0276 0.0, 0.248 1.0284 0.0, 0.248 1.0284 0.0079, 0.2555 1.0311 0.0, 0.2555 1.0311 0.0079, 0.2622 1.0353 0.0, 0.2622 1.0353 0.0079, 0.2679 1.0409 0.0, 0.2679 1.0409 0.0079, 0.2721 1.0476 0.0, 0.2721 1.0476 0.0079, 0.2747 1.0551 0.0, 0.2747 1.0551 0.0079, 0.2756 1.063 0.0, 0.2756 1.063 0.0079, 0.2756 1.1811 0.0079, 0.2756 1.185 0.0, 0.1969 1.1811 0.0079, 0.1969 1.185 0.0, 0.1969 1.063 0.0079, 0.1969 1.063 0.0, 0.1977 1.0551 0.0, 0.1977 1.0551 0.0079, 0.2004 1.0476 0.0, 0.2004 1.0476 0.0079, 0.2046 1.0409 0.0, 0.2046 1.0409 0.0079, 0.2102 1.0353 0.0, 0.2102 1.0353 0.0079, 0.2169 1.0311 0.0, 0.2169 1.0311 0.0079, 0.2244 1.0284 0.0, 0.2244 1.0284 0.0079, 0.2323 1.0276 0.0, 0.2323 1.0276 0.0079
            ]
        }
        coordIndex [
            0,1,2,-1,2,1,3,-1,1,4,3,-1,3,4,5,-1,3,5,6,-1,0,7,8,-1,6,9,3,-1,3,9,10,-1,3,10,11,-1,12,13,14,-1,14,13,3,-1,14,3,15,-1,15,3,11,-1,8,16,0,-1,0,16,17,-1,0,17,1,-1,18,19,20,-1,20,19,21,-1,22,23,24,-1,22,24,25,-1,25,24,26,-1,25,26,27,-1,27,26,28,-1,27,28,29,-1,29,28,30,-1,29,30,31,-1,31,30,32,-1,31,32,33,-1,33,32,34,-1,33,34,35,-1,35,34,36,-1,35,36,37,-1,37,36,38,-1,38,36,39,-1,38,39,20,-1,20,39,18,-1,21,19,40,-1,40,19,41,-1,40,41,42,-1,42,41,43,-1,42,43,44,-1,42,44,45,-1,45,44,46,-1,45,46,47,-1,47,46,48,-1,47,48,49,-1,49,48,50,-1,49,50,51,-1,51,50,52,-1,51,52,53,-1,53,52,54,-1,53,54,55,-1,55,54,56,-1,55,56,57,-1,56,23,57,-1,57,23,22,-1,
        ]
    }
}
Shape{
    appearance Appearance {
        material  Material 	{
            diffuseColor 1.0 0.5019607843137255 0.0
            specularColor 0.5019607843137255 0.25098039215686274 0.0
            ambientIntensity 0.5937
            transparency 0.0
            shininess 0.5
        }
    }
    geometry IndexedFaceSet {
        ccw TRUE
        solid FALSE
        coord DEF co Coordinate {
            point [
                0.1969 1.185 0.0, 0.1969 1.185 0.0866, 0.2756 1.185 0.0, 0.2756 1.185 0.0866
            ]
        }
        coordIndex [
            0,1,2,-1,2,1,3,-1,
        ]
    }
}
Shape{
    appearance Appearance {
        material  Material 	{
            diffuseColor 0.7529411764705882 0.7529411764705882 0.7529411764705882
            specularColor 0.3764705882352941 0.3764705882352941 0.3764705882352941
            ambientIntensity 0.7529
            transparency 0.0
            shininess 0.5
        }
    }
    geometry IndexedFaceSet {
        ccw TRUE
        solid FALSE
        coord DEF co Coordinate {
            point [
                0.1969 1.063 0.0, 0.1969 1.185 0.0, 0.2756 1.185 0.0, 0.2555 1.0311 0.0, 0.248 1.0284 0.0, 0.2402 1.0276 0.0, 0.2323 1.0276 0.0, 0.2756 1.063 0.0, 0.2747 1.0551 0.0, 0.2721 1.0476 0.0, 0.2679 1.0409 0.0, 0.2622 1.0353 0.0, 0.2244 1.0284 0.0, 0.2169 1.0311 0.0, 0.2102 1.0353 0.0, 0.2046 1.0409 0.0, 0.2004 1.0476 0.0, 0.1977 1.0551 0.0, 0.1181 1.185 0.0866, 0.0394 1.185 0.0866, 0.1181 1.1811 0.0866, 0.0394 1.1811 0.0866, 0.0827 1.0276 0.0079, 0.0827 1.0276 0.0, 0.0906 1.0284 0.0, 0.0906 1.0284 0.0079, 0.0981 1.0311 0.0, 0.0981 1.0311 0.0079, 0.1048 1.0353 0.0, 0.1048 1.0353 0.0079, 0.1104 1.0409 0.0, 0.1104 1.0409 0.0079, 0.1146 1.0476 0.0, 0.1146 1.0476 0.0079, 0.1172 1.0551 0.0, 0.1172 1.0551 0.0079, 0.1181 1.063 0.0, 0.1181 1.063 0.0079, 0.1181 1.1811 0.0079, 0.1181 1.185 0.0, 0.0394 1.1811 0.0079, 0.0394 1.185 0.0, 0.0394 1.063 0.0079, 0.0394 1.063 0.0, 0.0403 1.0551 0.0, 0.0403 1.0551 0.0079, 0.0429 1.0476 0.0, 0.0429 1.0476 0.0079, 0.0471 1.0409 0.0, 0.0471 1.0409 0.0079, 0.0527 1.0353 0.0, 0.0527 1.0353 0.0079, 0.0594 1.0311 0.0, 0.0594 1.0311 0.0079, 0.0669 1.0284 0.0, 0.0669 1.0284 0.0079, 0.0748 1.0276 0.0, 0.0748 1.0276 0.0079
            ]
        }
        coordIndex [
            0,1,2,-1,3,4,0,-1,0,4,5,-1,0,5,6,-1,2,7,0,-1,0,7,8,-1,0,8,9,-1,9,10,0,-1,0,10,11,-1,0,11,3,-1,6,12,0,-1,0,12,13,-1,0,13,14,-1,14,15,0,-1,0,15,16,-1,0,16,17,-1,18,19,20,-1,20,19,21,-1,22,23,24,-1,22,24,25,-1,25,24,26,-1,25,26,27,-1,27,26,28,-1,27,28,29,-1,29,28,30,-1,29,30,31,-1,31,30,32,-1,31,32,33,-1,33,32,34,-1,33,34,35,-1,35,34,36,-1,35,36,37,-1,37,36,38,-1,38,36,39,-1,38,39,20,-1,20,39,18,-1,21,19,40,-1,40,19,41,-1,40,41,42,-1,42,41,43,-1,42,43,44,-1,42,44,45,-1,45,44,46,-1,45,46,47,-1,47,46,48,-1,47,48,49,-1,49,48,50,-1,49,50,51,-1,51,50,52,-1,51,52,53,-1,53,52,54,-1,53,54,55,-1,55,54,56,-1,55,56,57,-1,56,23,57,-1,57,23,22,-1,
        ]
    }
}
Shape{
    appearance Appearance {
        material  Material 	{
            diffuseColor 1.0 0.5019607843137255 0.0
            specularColor 0.5019607843137255 0.25098039215686274 0.0
            ambientIntensity 0.5937
            transparency 0.0
            shininess 0.5
        }
    }
    geometry IndexedFaceSet {
        ccw TRUE
        solid FALSE
        coord DEF co Coordinate {
            point [
                0.0394 1.185 0.0, 0.0394 1.185 0.0866, 0.1181 1.185 0.0, 0.1181 1.185 0.0866
            ]
        }
        coordIndex [
            0,1,2,-1,2,1,3,-1,
        ]
    }
}
Shape{
    appearance Appearance {
        material  Material 	{
            diffuseColor 0.7529411764705882 0.7529411764705882 0.7529411764705882
            specularColor 0.3764705882352941 0.3764705882352941 0.3764705882352941
            ambientIntensity 0.7529
            transparency 0.0
            shininess 0.5
        }
    }
    geometry IndexedFaceSet {
        ccw TRUE
        solid FALSE
        coord DEF co Coordinate {
            point [
                0.0394 1.185 0.0, 0.1181 1.185 0.0, 0.0394 1.063 0.0, 0.1181 1.063 0.0, 0.1172 1.0551 0.0, 0.1146 1.0476 0.0, 0.1104 1.0409 0.0, 0.1048 1.0353 0.0, 0.0981 1.0311 0.0, 0.0906 1.0284 0.0, 0.0827 1.0276 0.0, 0.0748 1.0276 0.0, 0.0669 1.0284 0.0, 0.0527 1.0353 0.0, 0.0471 1.0409 0.0, 0.0429 1.0476 0.0, 0.0594 1.0311 0.0, 0.0403 1.0551 0.0, -0.0394 1.185 0.0866, -0.1181 1.185 0.0866, -0.0394 1.1811 0.0866, -0.1181 1.1811 0.0866, -0.0748 1.0276 0.0079, -0.0748 1.0276 0.0, -0.0669 1.0284 0.0, -0.0669 1.0284 0.0079, -0.0594 1.0311 0.0, -0.0594 1.0311 0.0079, -0.0527 1.0353 0.0, -0.0527 1.0353 0.0079, -0.0471 1.0409 0.0, -0.0471 1.0409 0.0079, -0.0429 1.0476 0.0, -0.0429 1.0476 0.0079, -0.0403 1.0551 0.0, -0.0403 1.0551 0.0079, -0.0394 1.063 0.0, -0.0394 1.063 0.0079, -0.0394 1.1811 0.0079, -0.0394 1.185 0.0, -0.1181 1.1811 0.0079, -0.1181 1.185 0.0, -0.1181 1.063 0.0079, -0.1181 1.063 0.0, -0.1172 1.0551 0.0, -0.1172 1.0551 0.0079, -0.1146 1.0476 0.0, -0.1146 1.0476 0.0079, -0.1104 1.0409 0.0, -0.1104 1.0409 0.0079, -0.1048 1.0353 0.0, -0.1048 1.0353 0.0079, -0.0981 1.0311 0.0, -0.0981 1.0311 0.0079, -0.0906 1.0284 0.0, -0.0906 1.0284 0.0079, -0.0827 1.0276 0.0, -0.0827 1.0276 0.0079
            ]
        }
        coordIndex [
            0,1,2,-1,2,1,3,-1,3,4,2,-1,2,4,5,-1,2,5,6,-1,6,7,2,-1,2,7,8,-1,2,8,9,-1,9,10,2,-1,2,10,11,-1,2,11,12,-1,13,14,15,-1,12,16,2,-1,2,16,13,-1,2,13,17,-1,17,13,15,-1,18,19,20,-1,20,19,21,-1,22,23,24,-1,22,24,25,-1,25,24,26,-1,25,26,27,-1,27,26,28,-1,27,28,29,-1,29,28,30,-1,29,30,31,-1,31,30,32,-1,31,32,33,-1,33,32,34,-1,33,34,35,-1,35,34,36,-1,35,36,37,-1,37,36,38,-1,38,36,39,-1,38,39,20,-1,20,39,18,-1,21,19,40,-1,40,19,41,-1,40,41,42,-1,42,41,43,-1,42,43,44,-1,42,44,45,-1,45,44,46,-1,45,46,47,-1,47,46,48,-1,47,48,49,-1,49,48,50,-1,49,50,51,-1,51,50,52,-1,51,52,53,-1,53,52,54,-1,53,54,55,-1,55,54,56,-1,55,56,57,-1,56,23,57,-1,57,23,22,-1,
        ]
    }
}
Shape{
    appearance Appearance {
        material  Material 	{
            diffuseColor 1.0 0.5019607843137255 0.0
            specularColor 0.5019607843137255 0.25098039215686274 0.0
            ambientIntensity 0.5937
            transparency 0.0
            shininess 0.5
        }
    }
    geometry IndexedFaceSet {
        ccw TRUE
        solid FALSE
        coord DEF co Coordinate {
            point [
                -0.1181 1.185 0.0, -0.1181 1.185 0.0866, -0.0394 1.185 0.0, -0.0394 1.185 0.0866
            ]
        }
        coordIndex [
            0,1,2,-1,2,1,3,-1,
        ]
    }
}
Shape{
    appearance Appearance {
        material  Material 	{
            diffuseColor 0.7529411764705882 0.7529411764705882 0.7529411764705882
            specularColor 0.3764705882352941 0.3764705882352941 0.3764705882352941
            ambientIntensity 0.7529
            transparency 0.0
            shininess 0.5
        }
    }
    geometry IndexedFaceSet {
        ccw TRUE
        solid FALSE
        coord DEF co Coordinate {
            point [
                -0.1181 1.063 0.0, -0.0748 1.0276 0.0, -0.0827 1.0276 0.0, -0.1181 1.185 0.0, -0.0394 1.185 0.0, -0.0394 1.063 0.0, -0.0403 1.0551 0.0, -0.0429 1.0476 0.0, -0.0471 1.0409 0.0, -0.0527 1.0353 0.0, -0.0594 1.0311 0.0, -0.0669 1.0284 0.0, -0.0906 1.0284 0.0, -0.0981 1.0311 0.0, -0.1048 1.0353 0.0, -0.1104 1.0409 0.0, -0.1146 1.0476 0.0, -0.1172 1.0551 0.0, -0.1969 1.185 0.0866, -0.2756 1.185 0.0866, -0.1969 1.1811 0.0866, -0.2756 1.1811 0.0866, -0.2323 1.0276 0.0079, -0.2323 1.0276 0.0, -0.2244 1.0284 0.0, -0.2244 1.0284 0.0079, -0.2169 1.0311 0.0, -0.2169 1.0311 0.0079, -0.2102 1.0353 0.0, -0.2102 1.0353 0.0079, -0.2046 1.0409 0.0, -0.2046 1.0409 0.0079, -0.2004 1.0476 0.0, -0.2004 1.0476 0.0079, -0.1977 1.0551 0.0, -0.1977 1.0551 0.0079, -0.1969 1.063 0.0, -0.1969 1.063 0.0079, -0.1969 1.1811 0.0079, -0.1969 1.185 0.0, -0.2756 1.1811 0.0079, -0.2756 1.185 0.0, -0.2756 1.063 0.0079, -0.2756 1.063 0.0, -0.2747 1.0551 0.0, -0.2747 1.0551 0.0079, -0.2721 1.0476 0.0, -0.2721 1.0476 0.0079, -0.2679 1.0409 0.0, -0.2679 1.0409 0.0079, -0.2622 1.0353 0.0, -0.2622 1.0353 0.0079, -0.2555 1.0311 0.0, -0.2555 1.0311 0.0079, -0.248 1.0284 0.0, -0.248 1.0284 0.0079, -0.2402 1.0276 0.0, -0.2402 1.0276 0.0079
            ]
        }
        coordIndex [
            0,1,2,-1,3,4,0,-1,0,4,5,-1,0,5,6,-1,6,7,0,-1,0,7,8,-1,0,8,9,-1,9,10,0,-1,0,10,11,-1,0,11,1,-1,2,12,0,-1,0,12,13,-1,0,13,14,-1,14,15,0,-1,0,15,16,-1,0,16,17,-1,18,19,20,-1,20,19,21,-1,22,23,24,-1,22,24,25,-1,25,24,26,-1,25,26,27,-1,27,26,28,-1,27,28,29,-1,29,28,30,-1,29,30,31,-1,31,30,32,-1,31,32,33,-1,33,32,34,-1,33,34,35,-1,35,34,36,-1,35,36,37,-1,37,36,38,-1,38,36,39,-1,38,39,20,-1,20,39,18,-1,21,19,40,-1,40,19,41,-1,40,41,42,-1,42,41,43,-1,42,43,44,-1,42,44,45,-1,45,44,46,-1,45,46,47,-1,47,46,48,-1,47,48,49,-1,49,48,50,-1,49,50,51,-1,51,50,52,-1,51,52,53,-1,53,52,54,-1,53,54,55,-1,55,54,56,-1,55,56,57,-1,56,23,57,-1,57,23,22,-1,
        ]
    }
}
Shape{
    appearance Appearance {
        material  Material 	{
            diffuseColor 1.0 0.5019607843137255 0.0
            specularColor 0.5019607843137255 0.25098039215686274 0.0
            ambientIntensity 0.5937
            transparency 0.0
            shininess 0.5
        }
    }
    geometry IndexedFaceSet {
        ccw TRUE
        solid FALSE
        coord DEF co Coordinate {
            point [
                -0.2756 1.185 0.0, -0.2756 1.185 0.0866, -0.1969 1.185 0.0, -0.1969 1.185 0.0866
            ]
        }
        coordIndex [
            0,1,2,-1,2,1,3,-1,
        ]
    }
}
Shape{
    appearance Appearance {
        material  Material 	{
            diffuseColor 0.7529411764705882 0.7529411764705882 0.7529411764705882
            specularColor 0.3764705882352941 0.3764705882352941 0.3764705882352941
            ambientIntensity 0.7529
            transparency 0.0
            shininess 0.5
        }
    }
    geometry IndexedFaceSet {
        ccw TRUE
        solid FALSE
        coord DEF co Coordinate {
            point [
                -0.2756 1.063 0.0, -0.2756 1.185 0.0, -0.1969 1.185 0.0, -0.2169 1.0311 0.0, -0.2244 1.0284 0.0, -0.2323 1.0276 0.0, -0.2402 1.0276 0.0, -0.1969 1.063 0.0, -0.1977 1.0551 0.0, -0.2004 1.0476 0.0, -0.2046 1.0409 0.0, -0.2102 1.0353 0.0, -0.248 1.0284 0.0, -0.2555 1.0311 0.0, -0.2622 1.0353 0.0, -0.2679 1.0409 0.0, -0.2721 1.0476 0.0, -0.2747 1.0551 0.0, -0.3543 1.185 0.0866, -0.4331 1.185 0.0866, -0.3543 1.1811 0.0866, -0.4331 1.1811 0.0866, -0.3898 1.0276 0.0079, -0.3898 1.0276 0.0, -0.3819 1.0284 0.0, -0.3819 1.0284 0.0079, -0.3744 1.0311 0.0, -0.3744 1.0311 0.0079, -0.3677 1.0353 0.0, -0.3677 1.0353 0.0079, -0.3621 1.0409 0.0, -0.3621 1.0409 0.0079, -0.3578 1.0476 0.0, -0.3578 1.0476 0.0079, -0.3552 1.0551 0.0, -0.3552 1.0551 0.0079, -0.3543 1.063 0.0, -0.3543 1.063 0.0079, -0.3543 1.1811 0.0079, -0.3543 1.185 0.0, -0.4331 1.1811 0.0079, -0.4331 1.185 0.0, -0.4331 1.063 0.0079, -0.4331 1.063 0.0, -0.4322 1.0551 0.0, -0.4322 1.0551 0.0079, -0.4296 1.0476 0.0, -0.4296 1.0476 0.0079, -0.4253 1.0409 0.0, -0.4253 1.0409 0.0079, -0.4197 1.0353 0.0, -0.4197 1.0353 0.0079, -0.413 1.0311 0.0, -0.413 1.0311 0.0079, -0.4055 1.0284 0.0, -0.4055 1.0284 0.0079, -0.3976 1.0276 0.0, -0.3976 1.0276 0.0079
            ]
        }
        coordIndex [
            0,1,2,-1,3,4,0,-1,0,4,5,-1,0,5,6,-1,2,7,0,-1,0,7,8,-1,0,8,9,-1,9,10,0,-1,0,10,11,-1,0,11,3,-1,6,12,0,-1,0,12,13,-1,0,13,14,-1,14,15,0,-1,0,15,16,-1,0,16,17,-1,18,19,20,-1,20,19,21,-1,22,23,24,-1,22,24,25,-1,25,24,26,-1,25,26,27,-1,27,26,28,-1,27,28,29,-1,29,28,30,-1,29,30,31,-1,31,30,32,-1,31,32,33,-1,33,32,34,-1,33,34,35,-1,35,34,36,-1,35,36,37,-1,37,36,38,-1,38,36,39,-1,38,39,20,-1,20,39,18,-1,21,19,40,-1,40,19,41,-1,40,41,42,-1,42,41,43,-1,42,43,44,-1,42,44,45,-1,45,44,46,-1,45,46,47,-1,47,46,48,-1,47,48,49,-1,49,48,50,-1,49,50,51,-1,51,50,52,-1,51,52,53,-1,53,52,54,-1,53,54,55,-1,55,54,56,-1,55,56,57,-1,56,23,57,-1,57,23,22,-1,
        ]
    }
}
Shape{
    appearance Appearance {
        material  Material 	{
            diffuseColor 1.0 0.5019607843137255 0.0
            specularColor 0.5019607843137255 0.25098039215686274 0.0
            ambientIntensity 0.5937
            transparency 0.0
            shininess 0.5
        }
    }
    geometry IndexedFaceSet {
        ccw TRUE
        solid FALSE
        coord DEF co Coordinate {
            point [
                -0.4331 1.185 0.0, -0.4331 1.185 0.0866, -0.3543 1.185 0.0, -0.3543 1.185 0.0866
            ]
        }
        coordIndex [
            0,1,2,-1,2,1,3,-1,
        ]
    }
}
Shape{
    appearance Appearance {
        material  Material 	{
            diffuseColor 0.7529411764705882 0.7529411764705882 0.7529411764705882
            specularColor 0.3764705882352941 0.3764705882352941 0.3764705882352941
            ambientIntensity 0.7529
            transparency 0.0
            shininess 0.5
        }
    }
    geometry IndexedFaceSet {
        ccw TRUE
        solid FALSE
        coord DEF co Coordinate {
            point [
                -0.4331 1.063 0.0, -0.4331 1.185 0.0, -0.3543 1.185 0.0, -0.3744 1.0311 0.0, -0.3819 1.0284 0.0, -0.3898 1.0276 0.0, -0.3976 1.0276 0.0, -0.3543 1.063 0.0, -0.3552 1.0551 0.0, -0.3578 1.0476 0.0, -0.3621 1.0409 0.0, -0.3677 1.0353 0.0, -0.4055 1.0284 0.0, -0.413 1.0311 0.0, -0.4197 1.0353 0.0, -0.4253 1.0409 0.0, -0.4296 1.0476 0.0, -0.4322 1.0551 0.0, -0.5118 1.185 0.0866, -0.5906 1.185 0.0866, -0.5118 1.1811 0.0866, -0.5906 1.1811 0.0866, -0.5472 1.0276 0.0079, -0.5472 1.0276 0.0, -0.5394 1.0284 0.0, -0.5394 1.0284 0.0079, -0.5319 1.0311 0.0, -0.5319 1.0311 0.0079, -0.5252 1.0353 0.0, -0.5252 1.0353 0.0079, -0.5195 1.0409 0.0, -0.5195 1.0409 0.0079, -0.5153 1.0476 0.0, -0.5153 1.0476 0.0079, -0.5127 1.0551 0.0, -0.5127 1.0551 0.0079, -0.5118 1.063 0.0, -0.5118 1.063 0.0079, -0.5118 1.1811 0.0079, -0.5118 1.185 0.0, -0.5906 1.1811 0.0079, -0.5906 1.185 0.0, -0.5906 1.063 0.0079, -0.5906 1.063 0.0, -0.5897 1.0551 0.0, -0.5897 1.0551 0.0079, -0.587 1.0476 0.0, -0.587 1.0476 0.0079, -0.5828 1.0409 0.0, -0.5828 1.0409 0.0079, -0.5772 1.0353 0.0, -0.5772 1.0353 0.0079, -0.5705 1.0311 0.0, -0.5705 1.0311 0.0079, -0.563 1.0284 0.0, -0.563 1.0284 0.0079, -0.5551 1.0276 0.0, -0.5551 1.0276 0.0079
            ]
        }
        coordIndex [
            0,1,2,-1,3,4,0,-1,0,4,5,-1,0,5,6,-1,2,7,0,-1,0,7,8,-1,0,8,9,-1,9,10,0,-1,0,10,11,-1,0,11,3,-1,6,12,0,-1,0,12,13,-1,0,13,14,-1,15,16,14,-1,14,16,17,-1,14,17,0,-1,18,19,20,-1,20,19,21,-1,22,23,24,-1,22,24,25,-1,25,24,26,-1,25,26,27,-1,27,26,28,-1,27,28,29,-1,29,28,30,-1,29,30,31,-1,31,30,32,-1,31,32,33,-1,33,32,34,-1,33,34,35,-1,35,34,36,-1,35,36,37,-1,37,36,38,-1,38,36,39,-1,38,39,20,-1,20,39,18,-1,21,19,40,-1,40,19,41,-1,40,41,42,-1,42,41,43,-1,42,43,44,-1,42,44,45,-1,45,44,46,-1,45,46,47,-1,47,46,48,-1,47,48,49,-1,49,48,50,-1,49,50,51,-1,51,50,52,-1,51,52,53,-1,53,52,54,-1,53,54,55,-1,55,54,56,-1,55,56,57,-1,56,23,57,-1,57,23,22,-1,
        ]
    }
}
Shape{
    appearance Appearance {
        material  Material 	{
            diffuseColor 1.0 0.5019607843137255 0.0
            specularColor 0.5019607843137255 0.25098039215686274 0.0
            ambientIntensity 0.5937
            transparency 0.0
            shininess 0.5
        }
    }
    geometry IndexedFaceSet {
        ccw TRUE
        solid FALSE
        coord DEF co Coordinate {
            point [
                -0.5906 1.185 0.0, -0.5906 1.185 0.0866, -0.5118 1.185 0.0, -0.5118 1.185 0.0866
            ]
        }
        coordIndex [
            0,1,2,-1,2,1,3,-1,
        ]
    }
}
Shape{
    appearance Appearance {
        material  Material 	{
            diffuseColor 0.7529411764705882 0.7529411764705882 0.7529411764705882
            specularColor 0.3764705882352941 0.3764705882352941 0.3764705882352941
            ambientIntensity 0.7529
            transparency 0.0
            shininess 0.5
        }
    }
    geometry IndexedFaceSet {
        ccw TRUE
        solid FALSE
        coord DEF co Coordinate {
            point [
                -0.5906 1.063 0.0, -0.5472 1.0276 0.0, -0.5551 1.0276 0.0, -0.5906 1.185 0.0, -0.5118 1.185 0.0, -0.5118 1.063 0.0, -0.5127 1.0551 0.0, -0.5153 1.0476 0.0, -0.5195 1.0409 0.0, -0.5252 1.0353 0.0, -0.5319 1.0311 0.0, -0.5394 1.0284 0.0, -0.563 1.0284 0.0, -0.5705 1.0311 0.0, -0.5772 1.0353 0.0, -0.5828 1.0409 0.0, -0.587 1.0476 0.0, -0.5897 1.0551 0.0, -0.6693 1.185 0.0866, -0.748 1.185 0.0866, -0.6693 1.1811 0.0866, -0.748 1.1811 0.0866, -0.7047 1.0276 0.0079, -0.7047 1.0276 0.0, -0.6968 1.0284 0.0, -0.6968 1.0284 0.0079, -0.6894 1.0311 0.0, -0.6894 1.0311 0.0079, -0.6826 1.0353 0.0, -0.6826 1.0353 0.0079, -0.677 1.0409 0.0, -0.677 1.0409 0.0079, -0.6728 1.0476 0.0, -0.6728 1.0476 0.0079, -0.6702 1.0551 0.0, -0.6702 1.0551 0.0079, -0.6693 1.063 0.0, -0.6693 1.063 0.0079, -0.6693 1.1811 0.0079, -0.6693 1.185 0.0, -0.748 1.1811 0.0079, -0.748 1.185 0.0, -0.748 1.063 0.0079, -0.748 1.063 0.0, -0.7471 1.0551 0.0, -0.7471 1.0551 0.0079, -0.7445 1.0476 0.0, -0.7445 1.0476 0.0079, -0.7403 1.0409 0.0, -0.7403 1.0409 0.0079, -0.7347 1.0353 0.0, -0.7347 1.0353 0.0079, -0.728 1.0311 0.0, -0.728 1.0311 0.0079, -0.7205 1.0284 0.0, -0.7205 1.0284 0.0079, -0.7126 1.0276 0.0, -0.7126 1.0276 0.0079
            ]
        }
        coordIndex [
            0,1,2,-1,3,4,0,-1,0,4,5,-1,0,5,6,-1,6,7,0,-1,0,7,8,-1,0,8,9,-1,9,10,0,-1,0,10,11,-1,0,11,1,-1,2,12,0,-1,0,12,13,-1,0,13,14,-1,15,16,14,-1,14,16,17,-1,14,17,0,-1,18,19,20,-1,20,19,21,-1,22,23,24,-1,22,24,25,-1,25,24,26,-1,25,26,27,-1,27,26,28,-1,27,28,29,-1,29,28,30,-1,29,30,31,-1,31,30,32,-1,31,32,33,-1,33,32,34,-1,33,34,35,-1,35,34,36,-1,35,36,37,-1,37,36,38,-1,38,36,39,-1,38,39,20,-1,20,39,18,-1,21,19,40,-1,40,19,41,-1,40,41,42,-1,42,41,43,-1,42,43,44,-1,42,44,45,-1,45,44,46,-1,45,46,47,-1,47,46,48,-1,47,48,49,-1,49,48,50,-1,49,50,51,-1,51,50,52,-1,51,52,53,-1,53,52,54,-1,53,54,55,-1,55,54,56,-1,55,56,57,-1,56,23,57,-1,57,23,22,-1,
        ]
    }
}
Shape{
    appearance Appearance {
        material  Material 	{
            diffuseColor 1.0 0.5019607843137255 0.0
            specularColor 0.5019607843137255 0.25098039215686274 0.0
            ambientIntensity 0.5937
            transparency 0.0
            shininess 0.5
        }
    }
    geometry IndexedFaceSet {
        ccw TRUE
        solid FALSE
        coord DEF co Coordinate {
            point [
                -0.748 1.185 0.0, -0.748 1.185 0.0866, -0.6693 1.185 0.0, -0.6693 1.185 0.0866
            ]
        }
        coordIndex [
            0,1,2,-1,2,1,3,-1,
        ]
    }
}
Shape{
    appearance Appearance {
        material  Material 	{
            diffuseColor 0.7529411764705882 0.7529411764705882 0.7529411764705882
            specularColor 0.3764705882352941 0.3764705882352941 0.3764705882352941
            ambientIntensity 0.7529
            transparency 0.0
            shininess 0.5
        }
    }
    geometry IndexedFaceSet {
        ccw TRUE
        solid FALSE
        coord DEF co Coordinate {
            point [
                -0.748 1.063 0.0, -0.7047 1.0276 0.0, -0.7126 1.0276 0.0, -0.748 1.185 0.0, -0.6693 1.185 0.0, -0.6693 1.063 0.0, -0.6702 1.0551 0.0, -0.6728 1.0476 0.0, -0.677 1.0409 0.0, -0.6826 1.0353 0.0, -0.6894 1.0311 0.0, -0.6968 1.0284 0.0, -0.7205 1.0284 0.0, -0.728 1.0311 0.0, -0.7347 1.0353 0.0, -0.7403 1.0409 0.0, -0.7445 1.0476 0.0, -0.7471 1.0551 0.0, -0.8268 1.185 0.0866, -0.9055 1.185 0.0866, -0.8268 1.1811 0.0866, -0.9055 1.1811 0.0866, -0.9055 1.063 0.0079, -0.9055 1.063 0.0, -0.9046 1.0551 0.0, -0.9046 1.0551 0.0079, -0.902 1.0476 0.0, -0.902 1.0476 0.0079, -0.8978 1.0409 0.0, -0.8978 1.0409 0.0079, -0.8922 1.0353 0.0, -0.8922 1.0353 0.0079, -0.8855 1.0311 0.0, -0.8855 1.0311 0.0079, -0.878 1.0284 0.0, -0.878 1.0284 0.0079, -0.8701 1.0276 0.0, -0.8701 1.0276 0.0079, -0.8622 1.0276 0.0, -0.8622 1.0276 0.0079, -0.8543 1.0284 0.0, -0.8543 1.0284 0.0079, -0.8468 1.0311 0.0, -0.8468 1.0311 0.0079, -0.8401 1.0353 0.0, -0.8401 1.0353 0.0079, -0.8345 1.0409 0.0, -0.8345 1.0409 0.0079, -0.8303 1.0476 0.0, -0.8303 1.0476 0.0079, -0.8277 1.0551 0.0, -0.8277 1.0551 0.0079, -0.8268 1.063 0.0, -0.8268 1.063 0.0079, -0.8268 1.1811 0.0079, -0.8268 1.185 0.0, -0.9055 1.1811 0.0079, -0.9055 1.185 0.0
            ]
        }
        coordIndex [
            0,1,2,-1,3,4,0,-1,0,4,5,-1,0,5,6,-1,6,7,0,-1,0,7,8,-1,0,8,9,-1,9,10,0,-1,0,10,11,-1,0,11,1,-1,2,12,0,-1,0,12,13,-1,0,13,14,-1,15,16,14,-1,14,16,17,-1,14,17,0,-1,18,19,20,-1,20,19,21,-1,22,23,24,-1,22,24,25,-1,25,24,26,-1,25,26,27,-1,27,26,28,-1,27,28,29,-1,29,28,30,-1,29,30,31,-1,31,30,32,-1,31,32,33,-1,33,32,34,-1,33,34,35,-1,35,34,36,-1,35,36,37,-1,36,38,37,-1,37,38,39,-1,39,38,40,-1,39,40,41,-1,41,40,42,-1,41,42,43,-1,43,42,44,-1,43,44,45,-1,45,44,46,-1,45,46,47,-1,47,46,48,-1,47,48,49,-1,49,48,50,-1,49,50,51,-1,51,50,52,-1,51,52,53,-1,53,52,54,-1,54,52,55,-1,54,55,20,-1,20,55,18,-1,21,19,56,-1,56,19,57,-1,56,57,22,-1,22,57,23,-1,
        ]
    }
}
Shape{
    appearance Appearance {
        material  Material 	{
            diffuseColor 1.0 0.5019607843137255 0.0
            specularColor 0.5019607843137255 0.25098039215686274 0.0
            ambientIntensity 0.5937
            transparency 0.0
            shininess 0.5
        }
    }
    geometry IndexedFaceSet {
        ccw TRUE
        solid FALSE
        coord DEF co Coordinate {
            point [
                -0.9055 1.185 0.0, -0.9055 1.185 0.0866, -0.8268 1.185 0.0, -0.8268 1.185 0.0866
            ]
        }
        coordIndex [
            0,1,2,-1,2,1,3,-1,
        ]
    }
}
Shape{
    appearance Appearance {
        material  Material 	{
            diffuseColor 0.7529411764705882 0.7529411764705882 0.7529411764705882
            specularColor 0.3764705882352941 0.3764705882352941 0.3764705882352941
            ambientIntensity 0.7529
            transparency 0.0
            shininess 0.5
        }
    }
    geometry IndexedFaceSet {
        ccw TRUE
        solid FALSE
        coord DEF co Coordinate {
            point [
                -0.8303 1.0476 0.0, -0.8543 1.0284 0.0, -0.8277 1.0551 0.0, -0.8622 1.0276 0.0, -0.8268 1.063 0.0, -0.8345 1.0409 0.0, -0.8401 1.0353 0.0, -0.8468 1.0311 0.0, -0.8855 1.0311 0.0, -0.9046 1.0551 0.0, -0.878 1.0284 0.0, -0.9055 1.063 0.0, -0.8701 1.0276 0.0, -0.9055 1.185 0.0, -0.8268 1.185 0.0, -0.8922 1.0353 0.0, -0.8978 1.0409 0.0, -0.902 1.0476 0.0, 1.1811 0.8268 0.0866, 1.185 0.8268 0.0866, 1.1811 0.9055 0.0866, 1.185 0.9055 0.0866, 1.0276 0.8622 0.0079, 1.0276 0.8622 0.0, 1.0284 0.8543 0.0, 1.0284 0.8543 0.0079, 1.0311 0.8468 0.0, 1.0311 0.8468 0.0079, 1.0353 0.8401 0.0, 1.0353 0.8401 0.0079, 1.0409 0.8345 0.0, 1.0409 0.8345 0.0079, 1.0476 0.8303 0.0, 1.0476 0.8303 0.0079, 1.0551 0.8277 0.0, 1.0551 0.8277 0.0079, 1.063 0.8268 0.0, 1.063 0.8268 0.0079, 1.1811 0.8268 0.0079, 1.185 0.8268 0.0, 1.1811 0.9055 0.0079, 1.185 0.9055 0.0, 1.063 0.9055 0.0079, 1.063 0.9055 0.0, 1.0551 0.9046 0.0, 1.0551 0.9046 0.0079, 1.0476 0.902 0.0, 1.0476 0.902 0.0079, 1.0409 0.8978 0.0, 1.0409 0.8978 0.0079, 1.0353 0.8922 0.0, 1.0353 0.8922 0.0079, 1.0311 0.8855 0.0, 1.0311 0.8855 0.0079, 1.0284 0.878 0.0, 1.0284 0.878 0.0079, 1.0276 0.8701 0.0, 1.0276 0.8701 0.0079
            ]
        }
        coordIndex [
            0,1,2,-1,2,1,3,-1,2,3,4,-1,0,5,1,-1,1,5,6,-1,1,6,7,-1,8,9,10,-1,10,9,11,-1,10,11,12,-1,12,11,13,-1,12,13,3,-1,3,13,14,-1,3,14,4,-1,8,15,9,-1,9,15,16,-1,9,16,17,-1,18,19,20,-1,20,19,21,-1,22,23,24,-1,22,24,25,-1,25,24,26,-1,25,26,27,-1,27,26,28,-1,27,28,29,-1,29,28,30,-1,29,30,31,-1,31,30,32,-1,31,32,33,-1,33,32,34,-1,33,34,35,-1,35,34,36,-1,35,36,37,-1,37,36,38,-1,38,36,39,-1,38,39,18,-1,18,39,19,-1,20,21,40,-1,40,21,41,-1,40,41,42,-1,42,41,43,-1,42,43,44,-1,42,44,45,-1,45,44,46,-1,45,46,47,-1,47,46,48,-1,47,48,49,-1,49,48,50,-1,49,50,51,-1,51,50,52,-1,51,52,53,-1,53,52,54,-1,53,54,55,-1,55,54,56,-1,55,56,57,-1,56,23,57,-1,57,23,22,-1,
        ]
    }
}
Shape{
    appearance Appearance {
        material  Material 	{
            diffuseColor 1.0 0.5019607843137255 0.0
            specularColor 0.5019607843137255 0.25098039215686274 0.0
            ambientIntensity 0.5937
            transparency 0.0
            shininess 0.5
        }
    }
    geometry IndexedFaceSet {
        ccw TRUE
        solid FALSE
        coord DEF co Coordinate {
            point [
                1.185 0.9055 0.0, 1.185 0.9055 0.0866, 1.185 0.8268 0.0, 1.185 0.8268 0.0866
            ]
        }
        coordIndex [
            0,1,2,-1,2,1,3,-1,
        ]
    }
}
Shape{
    appearance Appearance {
        material  Material 	{
            diffuseColor 0.7529411764705882 0.7529411764705882 0.7529411764705882
            specularColor 0.3764705882352941 0.3764705882352941 0.3764705882352941
            ambientIntensity 0.7529
            transparency 0.0
            shininess 0.5
        }
    }
    geometry IndexedFaceSet {
        ccw TRUE
        solid FALSE
        coord DEF co Coordinate {
            point [
                1.185 0.8268 0.0, 1.063 0.8268 0.0, 1.0276 0.8622 0.0, 1.0276 0.8701 0.0, 1.063 0.9055 0.0, 1.185 0.9055 0.0, 1.0551 0.8277 0.0, 1.0476 0.8303 0.0, 1.0409 0.8345 0.0, 1.0409 0.8978 0.0, 1.0476 0.902 0.0, 1.0551 0.9046 0.0, 1.0353 0.8401 0.0, 1.0311 0.8468 0.0, 1.0284 0.8543 0.0, 1.0284 0.878 0.0, 1.0311 0.8855 0.0, 1.0353 0.8922 0.0, 1.1811 0.6693 0.0866, 1.185 0.6693 0.0866, 1.1811 0.748 0.0866, 1.185 0.748 0.0866, 1.0276 0.7047 0.0079, 1.0276 0.7047 0.0, 1.0284 0.6968 0.0, 1.0284 0.6968 0.0079, 1.0311 0.6894 0.0, 1.0311 0.6894 0.0079, 1.0353 0.6826 0.0, 1.0353 0.6826 0.0079, 1.0409 0.677 0.0, 1.0409 0.677 0.0079, 1.0476 0.6728 0.0, 1.0476 0.6728 0.0079, 1.0551 0.6702 0.0, 1.0551 0.6702 0.0079, 1.063 0.6693 0.0, 1.063 0.6693 0.0079, 1.1811 0.6693 0.0079, 1.185 0.6693 0.0, 1.1811 0.748 0.0079, 1.185 0.748 0.0, 1.063 0.748 0.0079, 1.063 0.748 0.0, 1.0551 0.7471 0.0, 1.0551 0.7471 0.0079, 1.0476 0.7445 0.0, 1.0476 0.7445 0.0079, 1.0409 0.7403 0.0, 1.0409 0.7403 0.0079, 1.0353 0.7347 0.0, 1.0353 0.7347 0.0079, 1.0311 0.728 0.0, 1.0311 0.728 0.0079, 1.0284 0.7205 0.0, 1.0284 0.7205 0.0079, 1.0276 0.7126 0.0, 1.0276 0.7126 0.0079
            ]
        }
        coordIndex [
            0,1,2,-1,3,4,2,-1,2,4,5,-1,2,5,0,-1,6,7,8,-1,9,10,11,-1,8,12,6,-1,6,12,13,-1,6,13,1,-1,1,13,14,-1,1,14,2,-1,3,15,4,-1,4,15,16,-1,4,16,11,-1,11,16,17,-1,11,17,9,-1,18,19,20,-1,20,19,21,-1,22,23,24,-1,22,24,25,-1,25,24,26,-1,25,26,27,-1,27,26,28,-1,27,28,29,-1,29,28,30,-1,29,30,31,-1,31,30,32,-1,31,32,33,-1,33,32,34,-1,33,34,35,-1,35,34,36,-1,35,36,37,-1,37,36,38,-1,38,36,39,-1,38,39,18,-1,18,39,19,-1,20,21,40,-1,40,21,41,-1,40,41,42,-1,42,41,43,-1,42,43,44,-1,42,44,45,-1,45,44,46,-1,45,46,47,-1,47,46,48,-1,47,48,49,-1,49,48,50,-1,49,50,51,-1,51,50,52,-1,51,52,53,-1,53,52,54,-1,53,54,55,-1,55,54,56,-1,55,56,57,-1,56,23,57,-1,57,23,22,-1,
        ]
    }
}
Shape{
    appearance Appearance {
        material  Material 	{
            diffuseColor 1.0 0.5019607843137255 0.0
            specularColor 0.5019607843137255 0.25098039215686274 0.0
            ambientIntensity 0.5937
            transparency 0.0
            shininess 0.5
        }
    }
    geometry IndexedFaceSet {
        ccw TRUE
        solid FALSE
        coord DEF co Coordinate {
            point [
                1.185 0.748 0.0, 1.185 0.748 0.0866, 1.185 0.6693 0.0, 1.185 0.6693 0.0866
            ]
        }
        coordIndex [
            0,1,2,-1,2,1,3,-1,
        ]
    }
}
Shape{
    appearance Appearance {
        material  Material 	{
            diffuseColor 0.7529411764705882 0.7529411764705882 0.7529411764705882
            specularColor 0.3764705882352941 0.3764705882352941 0.3764705882352941
            ambientIntensity 0.7529
            transparency 0.0
            shininess 0.5
        }
    }
    geometry IndexedFaceSet {
        ccw TRUE
        solid FALSE
        coord DEF co Coordinate {
            point [
                1.185 0.6693 0.0, 1.063 0.6693 0.0, 1.0276 0.7047 0.0, 1.0276 0.7126 0.0, 1.063 0.748 0.0, 1.185 0.748 0.0, 1.0551 0.6702 0.0, 1.0476 0.6728 0.0, 1.0409 0.677 0.0, 1.0353 0.6826 0.0, 1.0311 0.6894 0.0, 1.0284 0.6968 0.0, 1.0476 0.7445 0.0, 1.0311 0.728 0.0, 1.0409 0.7403 0.0, 1.0353 0.7347 0.0, 1.0284 0.7205 0.0, 1.0551 0.7471 0.0, 1.1811 0.5118 0.0866, 1.185 0.5118 0.0866, 1.1811 0.5906 0.0866, 1.185 0.5906 0.0866, 1.0276 0.5472 0.0079, 1.0276 0.5472 0.0, 1.0284 0.5394 0.0, 1.0284 0.5394 0.0079, 1.0311 0.5319 0.0, 1.0311 0.5319 0.0079, 1.0353 0.5252 0.0, 1.0353 0.5252 0.0079, 1.0409 0.5195 0.0, 1.0409 0.5195 0.0079, 1.0476 0.5153 0.0, 1.0476 0.5153 0.0079, 1.0551 0.5127 0.0, 1.0551 0.5127 0.0079, 1.063 0.5118 0.0, 1.063 0.5118 0.0079, 1.1811 0.5118 0.0079, 1.185 0.5118 0.0, 1.1811 0.5906 0.0079, 1.185 0.5906 0.0, 1.063 0.5906 0.0079, 1.063 0.5906 0.0, 1.0551 0.5897 0.0, 1.0551 0.5897 0.0079, 1.0476 0.587 0.0, 1.0476 0.587 0.0079, 1.0409 0.5828 0.0, 1.0409 0.5828 0.0079, 1.0353 0.5772 0.0, 1.0353 0.5772 0.0079, 1.0311 0.5705 0.0, 1.0311 0.5705 0.0079, 1.0284 0.563 0.0, 1.0284 0.563 0.0079, 1.0276 0.5551 0.0, 1.0276 0.5551 0.0079
            ]
        }
        coordIndex [
            0,1,2,-1,3,4,2,-1,2,4,5,-1,2,5,0,-1,6,7,8,-1,8,9,6,-1,6,9,10,-1,6,10,1,-1,1,10,11,-1,1,11,2,-1,12,13,14,-1,14,13,15,-1,3,16,4,-1,4,16,13,-1,4,13,17,-1,17,13,12,-1,18,19,20,-1,20,19,21,-1,22,23,24,-1,22,24,25,-1,25,24,26,-1,25,26,27,-1,27,26,28,-1,27,28,29,-1,29,28,30,-1,29,30,31,-1,31,30,32,-1,31,32,33,-1,33,32,34,-1,33,34,35,-1,35,34,36,-1,35,36,37,-1,37,36,38,-1,38,36,39,-1,38,39,18,-1,18,39,19,-1,20,21,40,-1,40,21,41,-1,40,41,42,-1,42,41,43,-1,42,43,44,-1,42,44,45,-1,45,44,46,-1,45,46,47,-1,47,46,48,-1,47,48,49,-1,49,48,50,-1,49,50,51,-1,51,50,52,-1,51,52,53,-1,53,52,54,-1,53,54,55,-1,55,54,56,-1,55,56,57,-1,56,23,57,-1,57,23,22,-1,
        ]
    }
}
Shape{
    appearance Appearance {
        material  Material 	{
            diffuseColor 1.0 0.5019607843137255 0.0
            specularColor 0.5019607843137255 0.25098039215686274 0.0
            ambientIntensity 0.5937
            transparency 0.0
            shininess 0.5
        }
    }
    geometry IndexedFaceSet {
        ccw TRUE
        solid FALSE
        coord DEF co Coordinate {
            point [
                1.185 0.5906 0.0, 1.185 0.5906 0.0866, 1.185 0.5118 0.0, 1.185 0.5118 0.0866
            ]
        }
        coordIndex [
            0,1,2,-1,2,1,3,-1,
        ]
    }
}
Shape{
    appearance Appearance {
        material  Material 	{
            diffuseColor 0.7529411764705882 0.7529411764705882 0.7529411764705882
            specularColor 0.3764705882352941 0.3764705882352941 0.3764705882352941
            ambientIntensity 0.7529
            transparency 0.0
            shininess 0.5
        }
    }
    geometry IndexedFaceSet {
        ccw TRUE
        solid FALSE
        coord DEF co Coordinate {
            point [
                1.185 0.5118 0.0, 1.063 0.5118 0.0, 1.0276 0.5472 0.0, 1.0276 0.5551 0.0, 1.063 0.5906 0.0, 1.185 0.5906 0.0, 1.0551 0.5127 0.0, 1.0476 0.5153 0.0, 1.0409 0.5195 0.0, 1.0353 0.5252 0.0, 1.0311 0.5319 0.0, 1.0284 0.5394 0.0, 1.0476 0.587 0.0, 1.0311 0.5705 0.0, 1.0409 0.5828 0.0, 1.0353 0.5772 0.0, 1.0284 0.563 0.0, 1.0551 0.5897 0.0, 1.1811 0.3543 0.0866, 1.185 0.3543 0.0866, 1.1811 0.4331 0.0866, 1.185 0.4331 0.0866, 1.0276 0.3898 0.0079, 1.0276 0.3898 0.0, 1.0284 0.3819 0.0, 1.0284 0.3819 0.0079, 1.0311 0.3744 0.0, 1.0311 0.3744 0.0079, 1.0353 0.3677 0.0, 1.0353 0.3677 0.0079, 1.0409 0.3621 0.0, 1.0409 0.3621 0.0079, 1.0476 0.3578 0.0, 1.0476 0.3578 0.0079, 1.0551 0.3552 0.0, 1.0551 0.3552 0.0079, 1.063 0.3543 0.0, 1.063 0.3543 0.0079, 1.1811 0.3543 0.0079, 1.185 0.3543 0.0, 1.1811 0.4331 0.0079, 1.185 0.4331 0.0, 1.063 0.4331 0.0079, 1.063 0.4331 0.0, 1.0551 0.4322 0.0, 1.0551 0.4322 0.0079, 1.0476 0.4296 0.0, 1.0476 0.4296 0.0079, 1.0409 0.4253 0.0, 1.0409 0.4253 0.0079, 1.0353 0.4197 0.0, 1.0353 0.4197 0.0079, 1.0311 0.413 0.0, 1.0311 0.413 0.0079, 1.0284 0.4055 0.0, 1.0284 0.4055 0.0079, 1.0276 0.3976 0.0, 1.0276 0.3976 0.0079
            ]
        }
        coordIndex [
            0,1,2,-1,3,4,2,-1,2,4,5,-1,2,5,0,-1,6,7,8,-1,8,9,6,-1,6,9,10,-1,6,10,1,-1,1,10,11,-1,1,11,2,-1,12,13,14,-1,14,13,15,-1,3,16,4,-1,4,16,13,-1,4,13,17,-1,17,13,12,-1,18,19,20,-1,20,19,21,-1,22,23,24,-1,22,24,25,-1,25,24,26,-1,25,26,27,-1,27,26,28,-1,27,28,29,-1,29,28,30,-1,29,30,31,-1,31,30,32,-1,31,32,33,-1,33,32,34,-1,33,34,35,-1,35,34,36,-1,35,36,37,-1,37,36,38,-1,38,36,39,-1,38,39,18,-1,18,39,19,-1,20,21,40,-1,40,21,41,-1,40,41,42,-1,42,41,43,-1,42,43,44,-1,42,44,45,-1,45,44,46,-1,45,46,47,-1,47,46,48,-1,47,48,49,-1,49,48,50,-1,49,50,51,-1,51,50,52,-1,51,52,53,-1,53,52,54,-1,53,54,55,-1,55,54,56,-1,55,56,57,-1,56,23,57,-1,57,23,22,-1,
        ]
    }
}
Shape{
    appearance Appearance {
        material  Material 	{
            diffuseColor 1.0 0.5019607843137255 0.0
            specularColor 0.5019607843137255 0.25098039215686274 0.0
            ambientIntensity 0.5937
            transparency 0.0
            shininess 0.5
        }
    }
    geometry IndexedFaceSet {
        ccw TRUE
        solid FALSE
        coord DEF co Coordinate {
            point [
                1.185 0.4331 0.0, 1.185 0.4331 0.0866, 1.185 0.3543 0.0, 1.185 0.3543 0.0866
            ]
        }
        coordIndex [
            0,1,2,-1,2,1,3,-1,
        ]
    }
}
Shape{
    appearance Appearance {
        material  Material 	{
            diffuseColor 0.7529411764705882 0.7529411764705882 0.7529411764705882
            specularColor 0.3764705882352941 0.3764705882352941 0.3764705882352941
            ambientIntensity 0.7529
            transparency 0.0
            shininess 0.5
        }
    }
    geometry IndexedFaceSet {
        ccw TRUE
        solid FALSE
        coord DEF co Coordinate {
            point [
                1.0284 0.3819 0.0, 1.0276 0.3898 0.0, 1.063 0.3543 0.0, 1.185 0.3543 0.0, 1.0276 0.3976 0.0, 1.063 0.4331 0.0, 1.185 0.4331 0.0, 1.0311 0.3744 0.0, 1.0551 0.3552 0.0, 1.0353 0.3677 0.0, 1.0476 0.3578 0.0, 1.0409 0.3621 0.0, 1.0476 0.4296 0.0, 1.0311 0.413 0.0, 1.0409 0.4253 0.0, 1.0353 0.4197 0.0, 1.0284 0.4055 0.0, 1.0551 0.4322 0.0, 1.1811 0.1969 0.0866, 1.185 0.1969 0.0866, 1.1811 0.2756 0.0866, 1.185 0.2756 0.0866, 1.0276 0.2323 0.0079, 1.0276 0.2323 0.0, 1.0284 0.2244 0.0, 1.0284 0.2244 0.0079, 1.0311 0.2169 0.0, 1.0311 0.2169 0.0079, 1.0353 0.2102 0.0, 1.0353 0.2102 0.0079, 1.0409 0.2046 0.0, 1.0409 0.2046 0.0079, 1.0476 0.2004 0.0, 1.0476 0.2004 0.0079, 1.0551 0.1977 0.0, 1.0551 0.1977 0.0079, 1.063 0.1969 0.0, 1.063 0.1969 0.0079, 1.1811 0.1969 0.0079, 1.185 0.1969 0.0, 1.1811 0.2756 0.0079, 1.185 0.2756 0.0, 1.063 0.2756 0.0079, 1.063 0.2756 0.0, 1.0551 0.2747 0.0, 1.0551 0.2747 0.0079, 1.0476 0.2721 0.0, 1.0476 0.2721 0.0079, 1.0409 0.2679 0.0, 1.0409 0.2679 0.0079, 1.0353 0.2622 0.0, 1.0353 0.2622 0.0079, 1.0311 0.2555 0.0, 1.0311 0.2555 0.0079, 1.0284 0.248 0.0, 1.0284 0.248 0.0079, 1.0276 0.2402 0.0, 1.0276 0.2402 0.0079
            ]
        }
        coordIndex [
            0,1,2,-1,2,1,3,-1,4,5,1,-1,1,5,6,-1,1,6,3,-1,0,2,7,-1,7,2,8,-1,7,8,9,-1,9,8,10,-1,9,10,11,-1,12,13,14,-1,14,13,15,-1,4,16,5,-1,5,16,13,-1,5,13,17,-1,17,13,12,-1,18,19,20,-1,20,19,21,-1,22,23,24,-1,22,24,25,-1,25,24,26,-1,25,26,27,-1,27,26,28,-1,27,28,29,-1,29,28,30,-1,29,30,31,-1,31,30,32,-1,31,32,33,-1,33,32,34,-1,33,34,35,-1,35,34,36,-1,35,36,37,-1,37,36,38,-1,38,36,39,-1,38,39,18,-1,18,39,19,-1,20,21,40,-1,40,21,41,-1,40,41,42,-1,42,41,43,-1,42,43,44,-1,42,44,45,-1,45,44,46,-1,45,46,47,-1,47,46,48,-1,47,48,49,-1,49,48,50,-1,49,50,51,-1,51,50,52,-1,51,52,53,-1,53,52,54,-1,53,54,55,-1,55,54,56,-1,55,56,57,-1,56,23,57,-1,57,23,22,-1,
        ]
    }
}
Shape{
    appearance Appearance {
        material  Material 	{
            diffuseColor 1.0 0.5019607843137255 0.0
            specularColor 0.5019607843137255 0.25098039215686274 0.0
            ambientIntensity 0.5937
            transparency 0.0
            shininess 0.5
        }
    }
    geometry IndexedFaceSet {
        ccw TRUE
        solid FALSE
        coord DEF co Coordinate {
            point [
                1.185 0.2756 0.0, 1.185 0.2756 0.0866, 1.185 0.1969 0.0, 1.185 0.1969 0.0866
            ]
        }
        coordIndex [
            0,1,2,-1,2,1,3,-1,
        ]
    }
}
Shape{
    appearance Appearance {
        material  Material 	{
            diffuseColor 0.7529411764705882 0.7529411764705882 0.7529411764705882
            specularColor 0.3764705882352941 0.3764705882352941 0.3764705882352941
            ambientIntensity 0.7529
            transparency 0.0
            shininess 0.5
        }
    }
    geometry IndexedFaceSet {
        ccw TRUE
        solid FALSE
        coord DEF co Coordinate {
            point [
                1.185 0.2756 0.0, 1.185 0.1969 0.0, 1.0276 0.2323 0.0, 1.063 0.1969 0.0, 1.0551 0.1977 0.0, 1.0284 0.248 0.0, 1.0311 0.2555 0.0, 1.063 0.2756 0.0, 1.0276 0.2402 0.0, 1.0353 0.2102 0.0, 1.0409 0.2046 0.0, 1.0476 0.2004 0.0, 1.0311 0.2169 0.0, 1.0284 0.2244 0.0, 1.0353 0.2622 0.0, 1.0409 0.2679 0.0, 1.0476 0.2721 0.0, 1.0551 0.2747 0.0, 1.1811 0.0394 0.0866, 1.185 0.0394 0.0866, 1.1811 0.1181 0.0866, 1.185 0.1181 0.0866, 1.0276 0.0748 0.0079, 1.0276 0.0748 0.0, 1.0284 0.0669 0.0, 1.0284 0.0669 0.0079, 1.0311 0.0594 0.0, 1.0311 0.0594 0.0079, 1.0353 0.0527 0.0, 1.0353 0.0527 0.0079, 1.0409 0.0471 0.0, 1.0409 0.0471 0.0079, 1.0476 0.0429 0.0, 1.0476 0.0429 0.0079, 1.0551 0.0403 0.0, 1.0551 0.0403 0.0079, 1.063 0.0394 0.0, 1.063 0.0394 0.0079, 1.1811 0.0394 0.0079, 1.185 0.0394 0.0, 1.1811 0.1181 0.0079, 1.185 0.1181 0.0, 1.063 0.1181 0.0079, 1.063 0.1181 0.0, 1.0551 0.1172 0.0, 1.0551 0.1172 0.0079, 1.0476 0.1146 0.0, 1.0476 0.1146 0.0079, 1.0409 0.1104 0.0, 1.0409 0.1104 0.0079, 1.0353 0.1048 0.0, 1.0353 0.1048 0.0079, 1.0311 0.0981 0.0, 1.0311 0.0981 0.0079, 1.0284 0.0906 0.0, 1.0284 0.0906 0.0079, 1.0276 0.0827 0.0, 1.0276 0.0827 0.0079
            ]
        }
        coordIndex [
            0,1,2,-1,2,1,3,-1,2,3,4,-1,5,6,7,-1,0,2,7,-1,7,2,8,-1,7,8,5,-1,9,4,10,-1,10,4,11,-1,9,12,4,-1,4,12,13,-1,4,13,2,-1,6,14,15,-1,15,16,6,-1,6,16,17,-1,6,17,7,-1,18,19,20,-1,20,19,21,-1,22,23,24,-1,22,24,25,-1,25,24,26,-1,25,26,27,-1,27,26,28,-1,27,28,29,-1,29,28,30,-1,29,30,31,-1,31,30,32,-1,31,32,33,-1,33,32,34,-1,33,34,35,-1,35,34,36,-1,35,36,37,-1,37,36,38,-1,38,36,39,-1,38,39,18,-1,18,39,19,-1,20,21,40,-1,40,21,41,-1,40,41,42,-1,42,41,43,-1,42,43,44,-1,42,44,45,-1,45,44,46,-1,45,46,47,-1,47,46,48,-1,47,48,49,-1,49,48,50,-1,49,50,51,-1,51,50,52,-1,51,52,53,-1,53,52,54,-1,53,54,55,-1,55,54,56,-1,55,56,57,-1,56,23,57,-1,57,23,22,-1,
        ]
    }
}
Shape{
    appearance Appearance {
        material  Material 	{
            diffuseColor 1.0 0.5019607843137255 0.0
            specularColor 0.5019607843137255 0.25098039215686274 0.0
            ambientIntensity 0.5937
            transparency 0.0
            shininess 0.5
        }
    }
    geometry IndexedFaceSet {
        ccw TRUE
        solid FALSE
        coord DEF co Coordinate {
            point [
                1.185 0.1181 0.0, 1.185 0.1181 0.0866, 1.185 0.0394 0.0, 1.185 0.0394 0.0866
            ]
        }
        coordIndex [
            0,1,2,-1,2,1,3,-1,
        ]
    }
}
Shape{
    appearance Appearance {
        material  Material 	{
            diffuseColor 0.7529411764705882 0.7529411764705882 0.7529411764705882
            specularColor 0.3764705882352941 0.3764705882352941 0.3764705882352941
            ambientIntensity 0.7529
            transparency 0.0
            shininess 0.5
        }
    }
    geometry IndexedFaceSet {
        ccw TRUE
        solid FALSE
        coord DEF co Coordinate {
            point [
                1.0551 0.1172 0.0, 1.063 0.1181 0.0, 1.0311 0.0981 0.0, 1.185 0.1181 0.0, 1.185 0.0394 0.0, 1.0276 0.0748 0.0, 1.063 0.0394 0.0, 1.0284 0.0669 0.0, 1.0284 0.0906 0.0, 1.0276 0.0827 0.0, 1.0311 0.0594 0.0, 1.0551 0.0403 0.0, 1.0353 0.0527 0.0, 1.0476 0.0429 0.0, 1.0409 0.0471 0.0, 1.0353 0.1048 0.0, 1.0409 0.1104 0.0, 1.0476 0.1146 0.0, 1.1811 -0.1181 0.0866, 1.185 -0.1181 0.0866, 1.1811 -0.0394 0.0866, 1.185 -0.0394 0.0866, 1.0276 -0.0827 0.0079, 1.0276 -0.0827 0.0, 1.0284 -0.0906 0.0, 1.0284 -0.0906 0.0079, 1.0311 -0.0981 0.0, 1.0311 -0.0981 0.0079, 1.0353 -0.1048 0.0, 1.0353 -0.1048 0.0079, 1.0409 -0.1104 0.0, 1.0409 -0.1104 0.0079, 1.0476 -0.1146 0.0, 1.0476 -0.1146 0.0079, 1.0551 -0.1172 0.0, 1.0551 -0.1172 0.0079, 1.063 -0.1181 0.0, 1.063 -0.1181 0.0079, 1.1811 -0.1181 0.0079, 1.185 -0.1181 0.0, 1.1811 -0.0394 0.0079, 1.185 -0.0394 0.0, 1.063 -0.0394 0.0079, 1.063 -0.0394 0.0, 1.0551 -0.0403 0.0, 1.0551 -0.0403 0.0079, 1.0476 -0.0429 0.0, 1.0476 -0.0429 0.0079, 1.0409 -0.0471 0.0, 1.0409 -0.0471 0.0079, 1.0353 -0.0527 0.0, 1.0353 -0.0527 0.0079, 1.0311 -0.0594 0.0, 1.0311 -0.0594 0.0079, 1.0284 -0.0669 0.0, 1.0284 -0.0669 0.0079, 1.0276 -0.0748 0.0, 1.0276 -0.0748 0.0079
            ]
        }
        coordIndex [
            0,1,2,-1,3,4,5,-1,5,4,6,-1,5,6,7,-1,2,1,8,-1,3,5,1,-1,1,5,9,-1,1,9,8,-1,7,6,10,-1,10,6,11,-1,10,11,12,-1,12,11,13,-1,12,13,14,-1,15,16,2,-1,2,16,17,-1,2,17,0,-1,18,19,20,-1,20,19,21,-1,22,23,24,-1,22,24,25,-1,25,24,26,-1,25,26,27,-1,27,26,28,-1,27,28,29,-1,29,28,30,-1,29,30,31,-1,31,30,32,-1,31,32,33,-1,33,32,34,-1,33,34,35,-1,35,34,36,-1,35,36,37,-1,37,36,38,-1,38,36,39,-1,38,39,18,-1,18,39,19,-1,20,21,40,-1,40,21,41,-1,40,41,42,-1,42,41,43,-1,42,43,44,-1,42,44,45,-1,45,44,46,-1,45,46,47,-1,47,46,48,-1,47,48,49,-1,49,48,50,-1,49,50,51,-1,51,50,52,-1,51,52,53,-1,53,52,54,-1,53,54,55,-1,55,54,56,-1,55,56,57,-1,56,23,57,-1,57,23,22,-1,
        ]
    }
}
Shape{
    appearance Appearance {
        material  Material 	{
            diffuseColor 1.0 0.5019607843137255 0.0
            specularColor 0.5019607843137255 0.25098039215686274 0.0
            ambientIntensity 0.5937
            transparency 0.0
            shininess 0.5
        }
    }
    geometry IndexedFaceSet {
        ccw TRUE
        solid FALSE
        coord DEF co Coordinate {
            point [
                1.185 -0.0394 0.0, 1.185 -0.0394 0.0866, 1.185 -0.1181 0.0, 1.185 -0.1181 0.0866
            ]
        }
        coordIndex [
            0,1,2,-1,2,1,3,-1,
        ]
    }
}
Shape{
    appearance Appearance {
        material  Material 	{
            diffuseColor 0.7529411764705882 0.7529411764705882 0.7529411764705882
            specularColor 0.3764705882352941 0.3764705882352941 0.3764705882352941
            ambientIntensity 0.7529
            transparency 0.0
            shininess 0.5
        }
    }
    geometry IndexedFaceSet {
        ccw TRUE
        solid FALSE
        coord DEF co Coordinate {
            point [
                1.0311 -0.0981 0.0, 1.063 -0.1181 0.0, 1.0551 -0.1172 0.0, 1.185 -0.0394 0.0, 1.185 -0.1181 0.0, 1.0276 -0.0827 0.0, 1.0284 -0.0906 0.0, 1.0284 -0.0669 0.0, 1.0311 -0.0594 0.0, 1.063 -0.0394 0.0, 1.0276 -0.0748 0.0, 1.0476 -0.1146 0.0, 1.0409 -0.1104 0.0, 1.0353 -0.1048 0.0, 1.0353 -0.0527 0.0, 1.0409 -0.0471 0.0, 1.0476 -0.0429 0.0, 1.0551 -0.0403 0.0, 1.1811 -0.2756 0.0866, 1.185 -0.2756 0.0866, 1.1811 -0.1969 0.0866, 1.185 -0.1969 0.0866, 1.0276 -0.2402 0.0079, 1.0276 -0.2402 0.0, 1.0284 -0.248 0.0, 1.0284 -0.248 0.0079, 1.0311 -0.2555 0.0, 1.0311 -0.2555 0.0079, 1.0353 -0.2622 0.0, 1.0353 -0.2622 0.0079, 1.0409 -0.2679 0.0, 1.0409 -0.2679 0.0079, 1.0476 -0.2721 0.0, 1.0476 -0.2721 0.0079, 1.0551 -0.2747 0.0, 1.0551 -0.2747 0.0079, 1.063 -0.2756 0.0, 1.063 -0.2756 0.0079, 1.1811 -0.2756 0.0079, 1.185 -0.2756 0.0, 1.1811 -0.1969 0.0079, 1.185 -0.1969 0.0, 1.063 -0.1969 0.0079, 1.063 -0.1969 0.0, 1.0551 -0.1977 0.0, 1.0551 -0.1977 0.0079, 1.0476 -0.2004 0.0, 1.0476 -0.2004 0.0079, 1.0409 -0.2046 0.0, 1.0409 -0.2046 0.0079, 1.0353 -0.2102 0.0, 1.0353 -0.2102 0.0079, 1.0311 -0.2169 0.0, 1.0311 -0.2169 0.0079, 1.0284 -0.2244 0.0, 1.0284 -0.2244 0.0079, 1.0276 -0.2323 0.0, 1.0276 -0.2323 0.0079
            ]
        }
        coordIndex [
            0,1,2,-1,3,4,5,-1,5,4,1,-1,5,1,6,-1,6,1,0,-1,7,8,9,-1,3,5,9,-1,9,5,10,-1,9,10,7,-1,11,12,2,-1,2,12,13,-1,2,13,0,-1,8,14,15,-1,15,16,8,-1,8,16,17,-1,8,17,9,-1,18,19,20,-1,20,19,21,-1,22,23,24,-1,22,24,25,-1,25,24,26,-1,25,26,27,-1,27,26,28,-1,27,28,29,-1,29,28,30,-1,29,30,31,-1,31,30,32,-1,31,32,33,-1,33,32,34,-1,33,34,35,-1,35,34,36,-1,35,36,37,-1,37,36,38,-1,38,36,39,-1,38,39,18,-1,18,39,19,-1,20,21,40,-1,40,21,41,-1,40,41,42,-1,42,41,43,-1,42,43,44,-1,42,44,45,-1,45,44,46,-1,45,46,47,-1,47,46,48,-1,47,48,49,-1,49,48,50,-1,49,50,51,-1,51,50,52,-1,51,52,53,-1,53,52,54,-1,53,54,55,-1,55,54,56,-1,55,56,57,-1,56,23,57,-1,57,23,22,-1,
        ]
    }
}
Shape{
    appearance Appearance {
        material  Material 	{
            diffuseColor 1.0 0.5019607843137255 0.0
            specularColor 0.5019607843137255 0.25098039215686274 0.0
            ambientIntensity 0.5937
            transparency 0.0
            shininess 0.5
        }
    }
    geometry IndexedFaceSet {
        ccw TRUE
        solid FALSE
        coord DEF co Coordinate {
            point [
                1.185 -0.1969 0.0, 1.185 -0.1969 0.0866, 1.185 -0.2756 0.0, 1.185 -0.2756 0.0866
            ]
        }
        coordIndex [
            0,1,2,-1,2,1,3,-1,
        ]
    }
}
Shape{
    appearance Appearance {
        material  Material 	{
            diffuseColor 0.7529411764705882 0.7529411764705882 0.7529411764705882
            specularColor 0.3764705882352941 0.3764705882352941 0.3764705882352941
            ambientIntensity 0.7529
            transparency 0.0
            shininess 0.5
        }
    }
    geometry IndexedFaceSet {
        ccw TRUE
        solid FALSE
        coord DEF co Coordinate {
            point [
                1.185 -0.1969 0.0, 1.185 -0.2756 0.0, 1.0276 -0.2402 0.0, 1.063 -0.2756 0.0, 1.0551 -0.2747 0.0, 1.0284 -0.2244 0.0, 1.0311 -0.2169 0.0, 1.063 -0.1969 0.0, 1.0276 -0.2323 0.0, 1.0353 -0.2622 0.0, 1.0409 -0.2679 0.0, 1.0476 -0.2721 0.0, 1.0311 -0.2555 0.0, 1.0284 -0.248 0.0, 1.0353 -0.2102 0.0, 1.0409 -0.2046 0.0, 1.0476 -0.2004 0.0, 1.0551 -0.1977 0.0, 1.1811 -0.4331 0.0866, 1.185 -0.4331 0.0866, 1.1811 -0.3543 0.0866, 1.185 -0.3543 0.0866, 1.0276 -0.3976 0.0079, 1.0276 -0.3976 0.0, 1.0284 -0.4055 0.0, 1.0284 -0.4055 0.0079, 1.0311 -0.413 0.0, 1.0311 -0.413 0.0079, 1.0353 -0.4197 0.0, 1.0353 -0.4197 0.0079, 1.0409 -0.4253 0.0, 1.0409 -0.4253 0.0079, 1.0476 -0.4296 0.0, 1.0476 -0.4296 0.0079, 1.0551 -0.4322 0.0, 1.0551 -0.4322 0.0079, 1.063 -0.4331 0.0, 1.063 -0.4331 0.0079, 1.1811 -0.4331 0.0079, 1.185 -0.4331 0.0, 1.1811 -0.3543 0.0079, 1.185 -0.3543 0.0, 1.063 -0.3543 0.0079, 1.063 -0.3543 0.0, 1.0551 -0.3552 0.0, 1.0551 -0.3552 0.0079, 1.0476 -0.3578 0.0, 1.0476 -0.3578 0.0079, 1.0409 -0.3621 0.0, 1.0409 -0.3621 0.0079, 1.0353 -0.3677 0.0, 1.0353 -0.3677 0.0079, 1.0311 -0.3744 0.0, 1.0311 -0.3744 0.0079, 1.0284 -0.3819 0.0, 1.0284 -0.3819 0.0079, 1.0276 -0.3898 0.0, 1.0276 -0.3898 0.0079
            ]
        }
        coordIndex [
            0,1,2,-1,2,1,3,-1,2,3,4,-1,5,6,7,-1,0,2,7,-1,7,2,8,-1,7,8,5,-1,9,4,10,-1,10,4,11,-1,9,12,4,-1,4,12,13,-1,4,13,2,-1,6,14,15,-1,15,16,6,-1,6,16,17,-1,6,17,7,-1,18,19,20,-1,20,19,21,-1,22,23,24,-1,22,24,25,-1,25,24,26,-1,25,26,27,-1,27,26,28,-1,27,28,29,-1,29,28,30,-1,29,30,31,-1,31,30,32,-1,31,32,33,-1,33,32,34,-1,33,34,35,-1,35,34,36,-1,35,36,37,-1,37,36,38,-1,38,36,39,-1,38,39,18,-1,18,39,19,-1,20,21,40,-1,40,21,41,-1,40,41,42,-1,42,41,43,-1,42,43,44,-1,42,44,45,-1,45,44,46,-1,45,46,47,-1,47,46,48,-1,47,48,49,-1,49,48,50,-1,49,50,51,-1,51,50,52,-1,51,52,53,-1,53,52,54,-1,53,54,55,-1,55,54,56,-1,55,56,57,-1,56,23,57,-1,57,23,22,-1,
        ]
    }
}
Shape{
    appearance Appearance {
        material  Material 	{
            diffuseColor 1.0 0.5019607843137255 0.0
            specularColor 0.5019607843137255 0.25098039215686274 0.0
            ambientIntensity 0.5937
            transparency 0.0
            shininess 0.5
        }
    }
    geometry IndexedFaceSet {
        ccw TRUE
        solid FALSE
        coord DEF co Coordinate {
            point [
                1.185 -0.3543 0.0, 1.185 -0.3543 0.0866, 1.185 -0.4331 0.0, 1.185 -0.4331 0.0866
            ]
        }
        coordIndex [
            0,1,2,-1,2,1,3,-1,
        ]
    }
}
Shape{
    appearance Appearance {
        material  Material 	{
            diffuseColor 0.7529411764705882 0.7529411764705882 0.7529411764705882
            specularColor 0.3764705882352941 0.3764705882352941 0.3764705882352941
            ambientIntensity 0.7529
            transparency 0.0
            shininess 0.5
        }
    }
    geometry IndexedFaceSet {
        ccw TRUE
        solid FALSE
        coord DEF co Coordinate {
            point [
                1.185 -0.4331 0.0, 1.063 -0.4331 0.0, 1.0276 -0.3976 0.0, 1.0551 -0.4322 0.0, 1.0476 -0.4296 0.0, 1.0409 -0.4253 0.0, 1.185 -0.3543 0.0, 1.0276 -0.3898 0.0, 1.063 -0.3543 0.0, 1.0284 -0.3819 0.0, 1.0311 -0.3744 0.0, 1.0353 -0.4197 0.0, 1.0311 -0.413 0.0, 1.0284 -0.4055 0.0, 1.0353 -0.3677 0.0, 1.0409 -0.3621 0.0, 1.0476 -0.3578 0.0, 1.0551 -0.3552 0.0, 1.1811 -0.5906 0.0866, 1.185 -0.5906 0.0866, 1.1811 -0.5118 0.0866, 1.185 -0.5118 0.0866, 1.0276 -0.5551 0.0079, 1.0276 -0.5551 0.0, 1.0284 -0.563 0.0, 1.0284 -0.563 0.0079, 1.0311 -0.5705 0.0, 1.0311 -0.5705 0.0079, 1.0353 -0.5772 0.0, 1.0353 -0.5772 0.0079, 1.0409 -0.5828 0.0, 1.0409 -0.5828 0.0079, 1.0476 -0.587 0.0, 1.0476 -0.587 0.0079, 1.0551 -0.5897 0.0, 1.0551 -0.5897 0.0079, 1.063 -0.5906 0.0, 1.063 -0.5906 0.0079, 1.1811 -0.5906 0.0079, 1.185 -0.5906 0.0, 1.1811 -0.5118 0.0079, 1.185 -0.5118 0.0, 1.063 -0.5118 0.0079, 1.063 -0.5118 0.0, 1.0551 -0.5127 0.0, 1.0551 -0.5127 0.0079, 1.0476 -0.5153 0.0, 1.0476 -0.5153 0.0079, 1.0409 -0.5195 0.0, 1.0409 -0.5195 0.0079, 1.0353 -0.5252 0.0, 1.0353 -0.5252 0.0079, 1.0311 -0.5319 0.0, 1.0311 -0.5319 0.0079, 1.0284 -0.5394 0.0, 1.0284 -0.5394 0.0079, 1.0276 -0.5472 0.0, 1.0276 -0.5472 0.0079
            ]
        }
        coordIndex [
            0,1,2,-1,3,4,5,-1,0,2,6,-1,6,2,7,-1,6,7,8,-1,8,7,9,-1,8,9,10,-1,5,11,3,-1,3,11,12,-1,3,12,1,-1,1,12,13,-1,1,13,2,-1,10,14,15,-1,15,16,10,-1,10,16,17,-1,10,17,8,-1,18,19,20,-1,20,19,21,-1,22,23,24,-1,22,24,25,-1,25,24,26,-1,25,26,27,-1,27,26,28,-1,27,28,29,-1,29,28,30,-1,29,30,31,-1,31,30,32,-1,31,32,33,-1,33,32,34,-1,33,34,35,-1,35,34,36,-1,35,36,37,-1,37,36,38,-1,38,36,39,-1,38,39,18,-1,18,39,19,-1,20,21,40,-1,40,21,41,-1,40,41,42,-1,42,41,43,-1,42,43,44,-1,42,44,45,-1,45,44,46,-1,45,46,47,-1,47,46,48,-1,47,48,49,-1,49,48,50,-1,49,50,51,-1,51,50,52,-1,51,52,53,-1,53,52,54,-1,53,54,55,-1,55,54,56,-1,55,56,57,-1,56,23,57,-1,57,23,22,-1,
        ]
    }
}
Shape{
    appearance Appearance {
        material  Material 	{
            diffuseColor 1.0 0.5019607843137255 0.0
            specularColor 0.5019607843137255 0.25098039215686274 0.0
            ambientIntensity 0.5937
            transparency 0.0
            shininess 0.5
        }
    }
    geometry IndexedFaceSet {
        ccw TRUE
        solid FALSE
        coord DEF co Coordinate {
            point [
                1.185 -0.5118 0.0, 1.185 -0.5118 0.0866, 1.185 -0.5906 0.0, 1.185 -0.5906 0.0866
            ]
        }
        coordIndex [
            0,1,2,-1,2,1,3,-1,
        ]
    }
}
Shape{
    appearance Appearance {
        material  Material 	{
            diffuseColor 0.7529411764705882 0.7529411764705882 0.7529411764705882
            specularColor 0.3764705882352941 0.3764705882352941 0.3764705882352941
            ambientIntensity 0.7529
            transparency 0.0
            shininess 0.5
        }
    }
    geometry IndexedFaceSet {
        ccw TRUE
        solid FALSE
        coord DEF co Coordinate {
            point [
                1.063 -0.5118 0.0, 1.185 -0.5118 0.0, 1.0276 -0.5472 0.0, 1.0276 -0.5551 0.0, 1.185 -0.5906 0.0, 1.063 -0.5906 0.0, 1.0551 -0.5897 0.0, 1.0476 -0.587 0.0, 1.0409 -0.5828 0.0, 1.0353 -0.5772 0.0, 1.0311 -0.5705 0.0, 1.0284 -0.563 0.0, 1.0476 -0.5153 0.0, 1.0311 -0.5319 0.0, 1.0409 -0.5195 0.0, 1.0353 -0.5252 0.0, 1.0284 -0.5394 0.0, 1.0551 -0.5127 0.0, 1.1811 -0.748 0.0866, 1.185 -0.748 0.0866, 1.1811 -0.6693 0.0866, 1.185 -0.6693 0.0866, 1.0276 -0.7126 0.0079, 1.0276 -0.7126 0.0, 1.0284 -0.7205 0.0, 1.0284 -0.7205 0.0079, 1.0311 -0.728 0.0, 1.0311 -0.728 0.0079, 1.0353 -0.7347 0.0, 1.0353 -0.7347 0.0079, 1.0409 -0.7403 0.0, 1.0409 -0.7403 0.0079, 1.0476 -0.7445 0.0, 1.0476 -0.7445 0.0079, 1.0551 -0.7471 0.0, 1.0551 -0.7471 0.0079, 1.063 -0.748 0.0, 1.063 -0.748 0.0079, 1.1811 -0.748 0.0079, 1.185 -0.748 0.0, 1.1811 -0.6693 0.0079, 1.185 -0.6693 0.0, 1.063 -0.6693 0.0079, 1.063 -0.6693 0.0, 1.0551 -0.6702 0.0, 1.0551 -0.6702 0.0079, 1.0476 -0.6728 0.0, 1.0476 -0.6728 0.0079, 1.0409 -0.677 0.0, 1.0409 -0.677 0.0079, 1.0353 -0.6826 0.0, 1.0353 -0.6826 0.0079, 1.0311 -0.6894 0.0, 1.0311 -0.6894 0.0079, 1.0284 -0.6968 0.0, 1.0284 -0.6968 0.0079, 1.0276 -0.7047 0.0, 1.0276 -0.7047 0.0079
            ]
        }
        coordIndex [
            0,1,2,-1,2,1,3,-1,3,1,4,-1,3,4,5,-1,6,7,8,-1,8,9,6,-1,6,9,10,-1,6,10,5,-1,5,10,11,-1,5,11,3,-1,12,13,14,-1,14,13,15,-1,2,16,0,-1,0,16,13,-1,0,13,17,-1,17,13,12,-1,18,19,20,-1,20,19,21,-1,22,23,24,-1,22,24,25,-1,25,24,26,-1,25,26,27,-1,27,26,28,-1,27,28,29,-1,29,28,30,-1,29,30,31,-1,31,30,32,-1,31,32,33,-1,33,32,34,-1,33,34,35,-1,35,34,36,-1,35,36,37,-1,37,36,38,-1,38,36,39,-1,38,39,18,-1,18,39,19,-1,20,21,40,-1,40,21,41,-1,40,41,42,-1,42,41,43,-1,42,43,44,-1,42,44,45,-1,45,44,46,-1,45,46,47,-1,47,46,48,-1,47,48,49,-1,49,48,50,-1,49,50,51,-1,51,50,52,-1,51,52,53,-1,53,52,54,-1,53,54,55,-1,55,54,56,-1,55,56,57,-1,56,23,57,-1,57,23,22,-1,
        ]
    }
}
Shape{
    appearance Appearance {
        material  Material 	{
            diffuseColor 1.0 0.5019607843137255 0.0
            specularColor 0.5019607843137255 0.25098039215686274 0.0
            ambientIntensity 0.5937
            transparency 0.0
            shininess 0.5
        }
    }
    geometry IndexedFaceSet {
        ccw TRUE
        solid FALSE
        coord DEF co Coordinate {
            point [
                1.185 -0.6693 0.0, 1.185 -0.6693 0.0866, 1.185 -0.748 0.0, 1.185 -0.748 0.0866
            ]
        }
        coordIndex [
            0,1,2,-1,2,1,3,-1,
        ]
    }
}
Shape{
    appearance Appearance {
        material  Material 	{
            diffuseColor 0.7529411764705882 0.7529411764705882 0.7529411764705882
            specularColor 0.3764705882352941 0.3764705882352941 0.3764705882352941
            ambientIntensity 0.7529
            transparency 0.0
            shininess 0.5
        }
    }
    geometry IndexedFaceSet {
        ccw TRUE
        solid FALSE
        coord DEF co Coordinate {
            point [
                1.0311 -0.728 0.0, 1.0284 -0.7205 0.0, 1.063 -0.748 0.0, 1.0276 -0.7126 0.0, 1.185 -0.748 0.0, 1.0551 -0.7471 0.0, 1.0476 -0.7445 0.0, 1.0353 -0.7347 0.0, 1.0409 -0.7403 0.0, 1.185 -0.6693 0.0, 1.0276 -0.7047 0.0, 1.063 -0.6693 0.0, 1.0284 -0.6968 0.0, 1.0311 -0.6894 0.0, 1.0353 -0.6826 0.0, 1.0409 -0.677 0.0, 1.0476 -0.6728 0.0, 1.0551 -0.6702 0.0, 1.1811 -0.9055 0.0866, 1.185 -0.9055 0.0866, 1.1811 -0.8268 0.0866, 1.185 -0.8268 0.0866, 1.0276 -0.8701 0.0079, 1.0276 -0.8701 0.0, 1.0284 -0.878 0.0, 1.0284 -0.878 0.0079, 1.0311 -0.8855 0.0, 1.0311 -0.8855 0.0079, 1.0353 -0.8922 0.0, 1.0353 -0.8922 0.0079, 1.0409 -0.8978 0.0, 1.0409 -0.8978 0.0079, 1.0476 -0.902 0.0, 1.0476 -0.902 0.0079, 1.0551 -0.9046 0.0, 1.0551 -0.9046 0.0079, 1.063 -0.9055 0.0, 1.063 -0.9055 0.0079, 1.1811 -0.9055 0.0079, 1.185 -0.9055 0.0, 1.1811 -0.8268 0.0079, 1.185 -0.8268 0.0, 1.063 -0.8268 0.0079, 1.063 -0.8268 0.0, 1.0551 -0.8277 0.0, 1.0551 -0.8277 0.0079, 1.0476 -0.8303 0.0, 1.0476 -0.8303 0.0079, 1.0409 -0.8345 0.0, 1.0409 -0.8345 0.0079, 1.0353 -0.8401 0.0, 1.0353 -0.8401 0.0079, 1.0311 -0.8468 0.0, 1.0311 -0.8468 0.0079, 1.0284 -0.8543 0.0, 1.0284 -0.8543 0.0079, 1.0276 -0.8622 0.0, 1.0276 -0.8622 0.0079
            ]
        }
        coordIndex [
            0,1,2,-1,2,1,3,-1,2,3,4,-1,2,5,0,-1,0,5,6,-1,0,6,7,-1,7,6,8,-1,4,3,9,-1,9,3,10,-1,9,10,11,-1,11,10,12,-1,11,12,13,-1,13,14,15,-1,15,16,13,-1,13,16,17,-1,13,17,11,-1,18,19,20,-1,20,19,21,-1,22,23,24,-1,22,24,25,-1,25,24,26,-1,25,26,27,-1,27,26,28,-1,27,28,29,-1,29,28,30,-1,29,30,31,-1,31,30,32,-1,31,32,33,-1,33,32,34,-1,33,34,35,-1,35,34,36,-1,35,36,37,-1,37,36,38,-1,38,36,39,-1,38,39,18,-1,18,39,19,-1,20,21,40,-1,40,21,41,-1,40,41,42,-1,42,41,43,-1,42,43,44,-1,42,44,45,-1,45,44,46,-1,45,46,47,-1,47,46,48,-1,47,48,49,-1,49,48,50,-1,49,50,51,-1,51,50,52,-1,51,52,53,-1,53,52,54,-1,53,54,55,-1,55,54,56,-1,55,56,57,-1,56,23,57,-1,57,23,22,-1,
        ]
    }
}
Shape{
    appearance Appearance {
        material  Material 	{
            diffuseColor 1.0 0.5019607843137255 0.0
            specularColor 0.5019607843137255 0.25098039215686274 0.0
            ambientIntensity 0.5937
            transparency 0.0
            shininess 0.5
        }
    }
    geometry IndexedFaceSet {
        ccw TRUE
        solid FALSE
        coord DEF co Coordinate {
            point [
                1.185 -0.8268 0.0, 1.185 -0.8268 0.0866, 1.185 -0.9055 0.0, 1.185 -0.9055 0.0866
            ]
        }
        coordIndex [
            0,1,2,-1,2,1,3,-1,
        ]
    }
}
Shape{
    appearance Appearance {
        material  Material 	{
            diffuseColor 0.7529411764705882 0.7529411764705882 0.7529411764705882
            specularColor 0.3764705882352941 0.3764705882352941 0.3764705882352941
            ambientIntensity 0.7529
            transparency 0.0
            shininess 0.5
        }
    }
    geometry IndexedFaceSet {
        ccw TRUE
        solid FALSE
        coord DEF co Coordinate {
            point [
                1.063 -0.8268 0.0, 1.185 -0.8268 0.0, 1.0276 -0.8622 0.0, 1.0276 -0.8701 0.0, 1.185 -0.9055 0.0, 1.063 -0.9055 0.0, 1.0551 -0.9046 0.0, 1.0476 -0.902 0.0, 1.0409 -0.8978 0.0, 1.0409 -0.8345 0.0, 1.0476 -0.8303 0.0, 1.0551 -0.8277 0.0, 1.0353 -0.8922 0.0, 1.0311 -0.8855 0.0, 1.0284 -0.878 0.0, 1.0284 -0.8543 0.0, 1.0311 -0.8468 0.0, 1.0353 -0.8401 0.0, -0.8465 0.811 0.0, -0.8465 0.811 0.0079, -0.8456 0.8189 0.0079, -0.8456 0.8189 0.0, -0.8429 0.8264 0.0079, -0.8429 0.8264 0.0, -0.8387 0.8331 0.0079, -0.8387 0.8331 0.0, -0.8331 0.8387 0.0079, -0.8331 0.8387 0.0, -0.8264 0.8429 0.0079, -0.8264 0.8429 0.0, -0.8189 0.8456 0.0079, -0.8189 0.8456 0.0, -0.811 0.8465 0.0079, -0.811 0.8465 0.0, 0.811 0.8465 0.0, 0.811 0.8465 0.0079, 0.8189 0.8456 0.0079, 0.8189 0.8456 0.0, 0.8264 0.8429 0.0079, 0.8264 0.8429 0.0, 0.8331 0.8387 0.0079, 0.8331 0.8387 0.0, 0.8387 0.8331 0.0079, 0.8387 0.8331 0.0, 0.8429 0.8264 0.0079, 0.8429 0.8264 0.0, 0.8456 0.8189 0.0079, 0.8456 0.8189 0.0, 0.8465 0.811 0.0079, 0.8465 0.811 0.0, 0.8465 -0.811 0.0, 0.8465 -0.811 0.0079, 0.8456 -0.8189 0.0079, 0.8456 -0.8189 0.0, 0.8429 -0.8264 0.0079, 0.8429 -0.8264 0.0, 0.8387 -0.8331 0.0079, 0.8387 -0.8331 0.0, 0.8331 -0.8387 0.0079, 0.8331 -0.8387 0.0, 0.8264 -0.8429 0.0079, 0.8264 -0.8429 0.0, 0.8189 -0.8456 0.0079, 0.8189 -0.8456 0.0, 0.811 -0.8465 0.0079, 0.811 -0.8465 0.0, -0.811 -0.8465 0.0, -0.811 -0.8465 0.0079, -0.8189 -0.8456 0.0079, -0.8189 -0.8456 0.0, -0.8264 -0.8429 0.0079, -0.8264 -0.8429 0.0, -0.8331 -0.8387 0.0079, -0.8331 -0.8387 0.0, -0.8387 -0.8331 0.0079, -0.8387 -0.8331 0.0, -0.8429 -0.8264 0.0079, -0.8429 -0.8264 0.0, -0.8456 -0.8189 0.0079, -0.8456 -0.8189 0.0, -0.8465 -0.811 0.0079, -0.8465 -0.811 0.0, -0.4 0.0984 0.0079, -0.4013 0.0984 0.0079, -0.4 0.0984 0.0, -0.4013 0.0984 0.0, -0.4467 -0.0 0.0079, -0.4467 0.0 0.0, -0.4371 0.0 0.0079, -0.4371 0.0 0.0, -0.4225 0.0315 0.0079, -0.4225 0.0315 0.0, -0.3779 0.0315 0.0079, -0.3779 0.0315 0.0, -0.363 -0.0 0.0079, -0.363 0.0 0.0, -0.3533 0.0 0.0079, -0.3533 0.0 0.0, -0.4179 0.0416 0.0079, -0.3827 0.0416 0.0079, -0.4005 0.0792 0.0079, -0.4179 0.0416 0.0, -0.4005 0.0792 0.0, -0.3827 0.0416 0.0, -0.2904 0.0 0.0079, -0.2599 0.0 0.0079, -0.2904 0.0 0.0, -0.2599 0.0 0.0, -0.2599 0.0984 0.0079, -0.2599 0.0984 0.0, -0.2798 0.0984 0.0079, -0.2798 0.0984 0.0, -0.311 0.0949 0.0079, -0.311 0.0949 0.0, -0.2956 0.0978 0.0, -0.2956 0.0978 0.0079, -0.3407 0.048 0.0079, -0.3407 0.048 0.0, -0.3406 0.0525 0.0, -0.3406 0.0525 0.0079, -0.3386 0.0644 0.0, -0.3386 0.0644 0.0079, -0.3345 0.0747 0.0, -0.3345 0.0747 0.0079, -0.3282 0.0836 0.0, -0.3282 0.0836 0.0079, -0.321 0.0898 0.0, -0.321 0.0898 0.0079, -0.302 0.0006 0.0, -0.302 0.0006 0.0079, -0.314 0.0034 0.0, -0.314 0.0034 0.0079, -0.3214 0.0072 0.0, -0.3214 0.0072 0.0079, -0.3288 0.0137 0.0, -0.3288 0.0137 0.0079, -0.3355 0.0238 0.0, -0.3355 0.0238 0.0079, -0.3393 0.0348 0.0, -0.3393 0.0348 0.0079, -0.2909 0.0879 0.0079, -0.3059 0.0856 0.0079, -0.3104 0.084 0.0079, -0.3177 0.0797 0.0079, -0.3234 0.0741 0.0079, -0.3279 0.0669 0.0079, -0.3308 0.0584 0.0079, -0.3319 0.048 0.0079, -0.3318 0.0452 0.0079, -0.3301 0.0348 0.0079, -0.3268 0.0274 0.0079, -0.3219 0.021 0.0079, -0.3161 0.0162 0.0079, -0.3082 0.0126 0.0079, -0.2942 0.0105 0.0079, -0.2801 0.0101 0.0079, -0.2688 0.0101 0.0079, -0.2688 0.0883 0.0079, -0.2757 0.0883 0.0079, -0.2688 0.0883 0.0, -0.2688 0.0101 0.0, -0.2757 0.0883 0.0, -0.2909 0.0879 0.0, -0.3059 0.0856 0.0, -0.3104 0.084 0.0, -0.3177 0.0797 0.0, -0.3234 0.0741 0.0, -0.3279 0.0669 0.0, -0.3308 0.0584 0.0, -0.3319 0.048 0.0, -0.3318 0.0452 0.0, -0.3301 0.0348 0.0, -0.3268 0.0274 0.0, -0.3219 0.021 0.0, -0.3161 0.0162 0.0, -0.3082 0.0126 0.0, -0.2942 0.0105 0.0, -0.2801 0.0101 0.0, -0.1868 0.0 0.0079, -0.1868 0.0984 0.0079, -0.1868 0.0 0.0, -0.1868 0.0984 0.0, -0.2423 0.0984 0.0079, -0.2423 0.0984 0.0, -0.2423 0.0883 0.0079, -0.2423 0.0883 0.0, -0.1956 0.0883 0.0079, -0.1956 0.0883 0.0, -0.1956 0.058 0.0079, -0.1956 0.058 0.0, -0.2423 0.058 0.0079, -0.2423 0.058 0.0, -0.2423 0.048 0.0079, -0.2423 0.048 0.0, -0.1956 0.048 0.0079, -0.1956 0.048 0.0, -0.1956 0.0101 0.0079, -0.1956 0.0101 0.0, -0.2423 0.0101 0.0079, -0.2423 0.0101 0.0, -0.2423 0.0 0.0079, -0.2423 0.0 0.0, -0.1666 0.0804 0.0079, -0.1666 0.0804 0.0, -0.1637 0.084 0.0, -0.1637 0.084 0.0079, -0.1576 0.0897 0.0, -0.1576 0.0897 0.0079, -0.1469 0.0962 0.0, -0.1469 0.0962 0.0079, -0.1379 0.0993 0.0, -0.1379 0.0993 0.0079, -0.1236 0.1009 0.0, -0.1236 0.1009 0.0079, -0.1588 0.0745 0.0079, -0.1588 0.0745 0.0, -0.1231 0.0909 0.0079, -0.1231 0.0909 0.0, -0.1265 0.0907 0.0, -0.1265 0.0907 0.0079, -0.1374 0.0888 0.0, -0.1374 0.0888 0.0079, -0.1417 0.0873 0.0, -0.1417 0.0873 0.0079, -0.1509 0.0821 0.0, -0.1509 0.0821 0.0079, -0.0795 0.0491 0.0079, -0.0795 0.0491 0.0, -0.0797 0.0537 0.0, -0.0797 0.0537 0.0079, -0.0818 0.0633 0.0, -0.0818 0.0633 0.0079, -0.0862 0.072 0.0, -0.0862 0.072 0.0079, -0.0923 0.0792 0.0, -0.0923 0.0792 0.0079, -0.1014 0.0855 0.0, -0.1014 0.0855 0.0079, -0.1114 0.0894 0.0, -0.1114 0.0894 0.0079, -0.1237 0.0076 0.0079, -0.1237 0.0076 0.0, -0.1159 0.0081 0.0, -0.1159 0.0081 0.0079, -0.1059 0.0107 0.0, -0.1059 0.0107 0.0079, -0.0963 0.0159 0.0, -0.0963 0.0159 0.0079, -0.0892 0.0224 0.0, -0.0892 0.0224 0.0079, -0.0839 0.0301 0.0, -0.0839 0.0301 0.0079, -0.0808 0.0383 0.0, -0.0808 0.0383 0.0079, -0.1588 0.024 0.0079, -0.1588 0.024 0.0, -0.1534 0.0185 0.0, -0.1534 0.0185 0.0079, -0.1447 0.0125 0.0, -0.1447 0.0125 0.0079, -0.1352 0.0089 0.0, -0.1352 0.0089 0.0079, -0.1666 0.0181 0.0079, -0.1666 0.0181 0.0, -0.1237 -0.0025 0.0079, -0.1237 -0.0025 0.0, -0.1287 -0.0023 0.0, -0.1287 -0.0023 0.0079, -0.1362 -0.0013 0.0, -0.1365 -0.0012 0.0079, -0.1365 -0.0012 0.0, -0.1477 0.0026 0.0, -0.1477 0.0026 0.0079, -0.1579 0.009 0.0, -0.1579 0.009 0.0079, -0.1127 -0.0013 0.0, -0.1084 -0.0008 0.0079, -0.1084 -0.0008 0.0, -0.0966 0.0038 0.0079, -0.0966 0.0038 0.0, -0.0871 0.0106 0.0079, -0.0871 0.0106 0.0, -0.0831 0.0147 0.0079, -0.0831 0.0147 0.0, -0.0707 0.0498 0.0079, -0.0707 0.0498 0.0, -0.072 0.0368 0.0, -0.072 0.0368 0.0079, -0.076 0.0255 0.0, -0.076 0.0255 0.0079, -0.1158 0.1005 0.0, -0.1158 0.1005 0.0079, -0.1037 0.0976 0.0, -0.1037 0.0976 0.0079, -0.0933 0.0923 0.0, -0.0933 0.0923 0.0079, -0.0831 0.0834 0.0, -0.0831 0.0834 0.0079, -0.0763 0.0737 0.0, -0.0763 0.0737 0.0079, -0.0723 0.0632 0.0, -0.0723 0.0632 0.0079, -0.0126 0.0 0.0079, -0.0126 0.0984 0.0079, -0.0126 0.0 0.0, -0.0126 0.0984 0.0, -0.0215 0.0984 0.0079, -0.0215 0.0984 0.0, -0.0215 0.0101 0.0079, -0.0215 0.0101 0.0, -0.0593 0.0101 0.0079, -0.0593 0.0101 0.0, -0.0593 0.0 0.0079, -0.0593 0.0 0.0
            ]
        }
        coordIndex [
            0,1,2,-1,2,1,3,-1,3,1,4,-1,3,4,5,-1,6,7,8,-1,9,10,11,-1,8,12,6,-1,6,12,13,-1,6,13,5,-1,5,13,14,-1,5,14,3,-1,2,15,0,-1,0,15,16,-1,0,16,11,-1,11,16,17,-1,11,17,9,-1,18,19,20,-1,18,20,21,-1,21,20,22,-1,21,22,23,-1,23,22,24,-1,23,24,25,-1,25,24,26,-1,25,26,27,-1,27,26,28,-1,27,28,29,-1,29,28,30,-1,29,30,31,-1,31,30,32,-1,31,32,33,-1,34,33,35,-1,35,33,32,-1,34,35,36,-1,34,36,37,-1,37,36,38,-1,37,38,39,-1,39,38,40,-1,39,40,41,-1,41,40,42,-1,41,42,43,-1,43,42,44,-1,43,44,45,-1,45,44,46,-1,45,46,47,-1,47,46,48,-1,47,48,49,-1,50,49,51,-1,51,49,48,-1,50,51,52,-1,50,52,53,-1,53,52,54,-1,53,54,55,-1,55,54,56,-1,55,56,57,-1,57,56,58,-1,57,58,59,-1,59,58,60,-1,59,60,61,-1,61,60,62,-1,61,62,63,-1,63,62,64,-1,63,64,65,-1,66,65,67,-1,67,65,64,-1,66,67,68,-1,66,68,69,-1,69,68,70,-1,69,70,71,-1,71,70,72,-1,71,72,73,-1,73,72,74,-1,73,74,75,-1,75,74,76,-1,75,76,77,-1,77,76,78,-1,77,78,79,-1,79,78,80,-1,79,80,81,-1,18,81,19,-1,19,81,80,-1,82,83,84,-1,84,83,85,-1,83,86,85,-1,85,86,87,-1,86,88,87,-1,87,88,89,-1,88,90,89,-1,89,90,91,-1,90,92,91,-1,91,92,93,-1,92,94,93,-1,93,94,95,-1,94,96,95,-1,95,96,97,-1,96,82,97,-1,97,82,84,-1,98,86,83,-1,82,99,83,-1,83,99,100,-1,83,100,98,-1,96,94,92,-1,88,86,90,-1,90,86,98,-1,90,98,92,-1,92,98,99,-1,92,99,96,-1,96,99,82,-1,98,100,101,-1,101,100,102,-1,99,98,103,-1,103,98,101,-1,100,99,102,-1,102,99,103,-1,104,105,106,-1,106,105,107,-1,105,108,107,-1,107,108,109,-1,108,110,109,-1,109,110,111,-1,112,113,114,-1,112,114,115,-1,115,114,111,-1,115,111,110,-1,116,117,118,-1,116,118,119,-1,119,118,120,-1,119,120,121,-1,121,120,122,-1,121,122,123,-1,123,122,124,-1,123,124,125,-1,125,124,126,-1,125,126,127,-1,127,126,113,-1,127,113,112,-1,104,106,128,-1,104,128,129,-1,129,128,130,-1,129,130,131,-1,131,130,132,-1,131,132,133,-1,133,132,134,-1,133,134,135,-1,135,134,136,-1,135,136,137,-1,137,136,138,-1,137,138,139,-1,139,138,117,-1,139,117,116,-1,140,141,112,-1,112,141,142,-1,112,142,127,-1,127,142,143,-1,127,143,125,-1,125,143,144,-1,125,144,123,-1,123,144,145,-1,123,145,121,-1,121,145,146,-1,121,146,119,-1,119,146,147,-1,119,147,116,-1,116,147,148,-1,116,148,139,-1,139,148,149,-1,139,149,137,-1,137,149,150,-1,137,150,135,-1,135,150,151,-1,135,151,133,-1,133,151,152,-1,133,152,131,-1,131,152,153,-1,131,153,129,-1,129,153,154,-1,129,154,104,-1,104,154,155,-1,104,155,105,-1,105,155,156,-1,105,156,108,-1,108,156,157,-1,108,157,110,-1,110,157,158,-1,110,158,115,-1,115,158,140,-1,115,140,112,-1,157,156,159,-1,159,156,160,-1,158,157,161,-1,161,157,159,-1,158,161,162,-1,158,162,140,-1,140,162,163,-1,140,163,141,-1,141,163,164,-1,141,164,142,-1,142,164,165,-1,142,165,143,-1,143,165,166,-1,143,166,144,-1,144,166,167,-1,144,167,145,-1,145,167,168,-1,145,168,146,-1,146,168,169,-1,146,169,147,-1,147,169,170,-1,147,170,148,-1,148,170,171,-1,148,171,149,-1,149,171,172,-1,149,172,150,-1,150,172,173,-1,150,173,151,-1,151,173,174,-1,151,174,152,-1,152,174,175,-1,152,175,153,-1,153,175,176,-1,153,176,154,-1,154,176,177,-1,154,177,155,-1,156,155,160,-1,160,155,177,-1,178,179,180,-1,180,179,181,-1,179,182,181,-1,181,182,183,-1,182,184,183,-1,183,184,185,-1,184,186,185,-1,185,186,187,-1,186,188,187,-1,187,188,189,-1,188,190,189,-1,189,190,191,-1,190,192,191,-1,191,192,193,-1,192,194,193,-1,193,194,195,-1,194,196,195,-1,195,196,197,-1,196,198,197,-1,197,198,199,-1,198,200,199,-1,199,200,201,-1,200,178,201,-1,201,178,180,-1,178,200,198,-1,198,196,178,-1,178,196,194,-1,178,194,179,-1,184,182,186,-1,186,182,179,-1,186,179,188,-1,188,179,194,-1,188,194,190,-1,190,194,192,-1,202,203,204,-1,202,204,205,-1,205,204,206,-1,205,206,207,-1,207,206,208,-1,207,208,209,-1,209,208,210,-1,209,210,211,-1,211,210,212,-1,211,212,213,-1,202,214,203,-1,203,214,215,-1,216,217,218,-1,216,218,219,-1,219,218,220,-1,219,220,221,-1,221,220,222,-1,221,222,223,-1,223,222,224,-1,223,224,225,-1,225,224,215,-1,225,215,214,-1,226,227,228,-1,226,228,229,-1,229,228,230,-1,229,230,231,-1,231,230,232,-1,231,232,233,-1,233,232,234,-1,233,234,235,-1,235,234,236,-1,235,236,237,-1,237,236,238,-1,237,238,239,-1,239,238,217,-1,239,217,216,-1,240,241,242,-1,240,242,243,-1,243,242,244,-1,243,244,245,-1,245,244,246,-1,245,246,247,-1,247,246,248,-1,247,248,249,-1,249,248,250,-1,249,250,251,-1,251,250,252,-1,251,252,253,-1,253,252,227,-1,253,227,226,-1,254,255,256,-1,254,256,257,-1,257,256,258,-1,257,258,259,-1,259,258,260,-1,259,260,261,-1,261,260,241,-1,261,241,240,-1,254,262,255,-1,255,262,263,-1,264,265,266,-1,264,266,267,-1,267,266,268,-1,267,268,269,-1,268,270,269,-1,269,270,271,-1,269,271,272,-1,272,271,273,-1,272,273,274,-1,274,273,263,-1,274,263,262,-1,265,264,275,-1,275,264,276,-1,275,276,277,-1,277,276,278,-1,277,278,279,-1,279,278,280,-1,279,280,281,-1,281,280,282,-1,281,282,283,-1,284,285,286,-1,284,286,287,-1,287,286,288,-1,287,288,289,-1,289,288,283,-1,289,283,282,-1,213,212,290,-1,213,290,291,-1,291,290,292,-1,291,292,293,-1,293,292,294,-1,293,294,295,-1,295,294,296,-1,295,296,297,-1,297,296,298,-1,297,298,299,-1,299,298,300,-1,299,300,301,-1,301,300,285,-1,301,285,284,-1,214,202,205,-1,262,254,274,-1,274,254,257,-1,274,257,272,-1,272,257,259,-1,272,259,269,-1,269,259,261,-1,269,261,267,-1,267,261,240,-1,214,205,225,-1,225,205,207,-1,225,207,223,-1,223,207,209,-1,223,209,221,-1,221,209,211,-1,221,211,219,-1,219,211,213,-1,219,213,216,-1,216,213,291,-1,216,291,239,-1,239,291,293,-1,239,293,237,-1,237,293,295,-1,237,295,235,-1,235,295,297,-1,235,297,233,-1,233,297,299,-1,233,299,231,-1,231,299,301,-1,231,301,229,-1,229,301,284,-1,229,284,226,-1,226,284,253,-1,253,284,287,-1,253,287,251,-1,251,287,289,-1,251,289,249,-1,249,289,282,-1,249,282,247,-1,247,282,280,-1,247,280,245,-1,245,280,278,-1,245,278,243,-1,243,278,276,-1,243,276,240,-1,240,276,264,-1,240,264,267,-1,302,303,304,-1,304,303,305,-1,303,306,305,-1,305,306,307,-1,306,308,307,-1,307,308,309,-1,308,310,309,-1,309,310,311,-1,310,312,311,-1,311,312,313,-1,312,302,313,-1,313,302,304,-1,306,303,308,-1,308,303,302,-1,308,302,310,-1,310,302,312,-1,102,103,101,-1,159,160,161,-1,161,160,177,-1,161,177,162,-1,162,177,176,-1,162,176,163,-1,172,171,176,-1,176,171,170,-1,176,170,169,-1,175,174,176,-1,176,174,173,-1,176,173,172,-1,169,168,176,-1,176,168,167,-1,176,167,166,-1,166,165,176,-1,176,165,164,-1,176,164,163,-1,
        ]
    }
}