#VRML V2.0 utf8
# 3D model generated by easyeda2kicad.py (https://github.com/uPesy/easyeda2kicad.py)

Shape{
    appearance Appearance {
        material  Material 	{
            diffuseColor 0.7764705882352941 0.7568627450980392 0.7372549019607844
            specularColor 0.38823529411764707 0.3764705882352941 0.3686274509803922
            ambientIntensity 0.7605
            transparency 0.0
            shininess 0.5
        }
    }
    geometry IndexedFaceSet {
        ccw TRUE
        solid FALSE
        coord DEF co Coordinate {
            point [
                2.0571 -5.3338 2.4744, 2.0571 -5.3761 2.4744, 2.0571 -5.3338 1.0295, 2.0571 -5.3761 1.0295, 1.3127 -4.0714 1.128, 1.3127 -4.0714 2.376, 1.3451 -4.0443 1.128, 1.3451 -4.0443 2.376, 1.8096 -5.3338 1.0295, 1.8096 -5.3761 1.0295, 1.8096 -5.3761 2.4744, 1.8096 -5.3338 2.4744, 1.7963 -5.3323 1.0295, 1.7866 -5.3734 1.0295, 1.7838 -5.3277 1.0295, 1.7648 -5.3654 1.0295, 1.7726 -5.3203 1.0295, 1.7454 -5.3527 1.0295, 1.7634 -5.3106 1.0295, 1.7295 -5.3358 1.0295, 1.7567 -5.299 1.0295, 1.7179 -5.3158 1.0295, 1.7529 -5.2862 1.0295, 1.7113 -5.2935 1.0295, 1.7113 -5.2935 2.4744, 1.7179 -5.3158 2.4744, 1.7295 -5.3358 2.4744, 1.7454 -5.3527 2.4744, 1.7648 -5.3654 2.4744, 1.7866 -5.3734 2.4744, 1.7529 -5.2862 2.4744, 1.7567 -5.299 2.4744, 1.7634 -5.3106 2.4744, 1.7726 -5.3203 2.4744, 1.7838 -5.3277 2.4744, 1.7963 -5.3323 2.4744, 1.5888 -4.3555 1.0295, 1.5472 -4.3628 1.0295, 1.5472 -4.3628 2.4744, 1.5888 -4.3555 2.4744, 1.5399 -4.3433 1.0295, 1.5725 -4.316 1.0295, 1.5426 -4.3485 1.0295, 1.5809 -4.3306 1.0295, 1.5426 -4.3485 2.4744, 1.5399 -4.3433 2.4744, 1.5346 -4.3358 1.0321, 1.5346 -4.3358 2.4718, 1.5809 -4.3306 2.4744, 1.5725 -4.316 2.4744, 1.5669 -4.3086 1.0321, 1.5669 -4.3086 2.4718, -2.0571 -5.3761 2.4744, -2.0571 -5.3338 2.4744, -2.0571 -5.3761 1.0295, -2.0571 -5.3338 1.0295, -1.3127 -4.0714 2.376, -1.3127 -4.0714 1.128, -1.3451 -4.0443 2.376, -1.3451 -4.0443 1.128, -1.8096 -5.3338 1.0295, -1.8096 -5.3761 1.0295, -1.8096 -5.3761 2.4744, -1.8096 -5.3338 2.4744, -1.7529 -5.2862 1.0295, -1.7113 -5.2935 1.0295, -1.7567 -5.299 1.0295, -1.7179 -5.3158 1.0295, -1.7634 -5.3106 1.0295, -1.7295 -5.3358 1.0295, -1.7726 -5.3203 1.0295, -1.7454 -5.3527 1.0295, -1.7838 -5.3277 1.0295, -1.7648 -5.3654 1.0295, -1.7963 -5.3323 1.0295, -1.7866 -5.3734 1.0295, -1.7866 -5.3734 2.4744, -1.7648 -5.3654 2.4744, -1.7454 -5.3527 2.4744, -1.7295 -5.3358 2.4744, -1.7179 -5.3158 2.4744, -1.7113 -5.2935 2.4744, -1.7963 -5.3323 2.4744, -1.7838 -5.3277 2.4744, -1.7726 -5.3203 2.4744, -1.7634 -5.3106 2.4744, -1.7567 -5.299 2.4744, -1.7529 -5.2862 2.4744, -1.5888 -4.3555 1.0295, -1.5472 -4.3628 1.0295, -1.5472 -4.3628 2.4744, -1.5888 -4.3555 2.4744, -1.5426 -4.3485 1.0295, -1.5809 -4.3306 1.0295, -1.5399 -4.3433 1.0295, -1.5725 -4.316 1.0295, -1.5426 -4.3485 2.4744, -1.5399 -4.3433 2.4744, -1.5346 -4.3358 1.0321, -1.5346 -4.3358 2.4718, -1.5725 -4.316 2.4744, -1.5809 -4.3306 2.4744, -1.5669 -4.3086 2.4718, -1.5669 -4.3086 1.0321, -2.4743 -1.4041 -1.1127, -2.4743 -1.2377 -1.1127, -2.4408 -1.408 -1.092, -2.4408 -1.2339 -1.092, -2.3228 -1.8131 0.1772, -2.3228 -1.7862 0.0326, -2.3228 -0.8288 0.1772, -2.3228 -0.8557 0.0326, -2.3622 -1.7862 0.0326, -2.3622 -1.8131 0.1772, -2.3622 -0.8557 0.0326, -2.3622 -0.8288 0.1772, -2.407 -1.7543 -0.1388, -2.407 -0.8876 -0.1388, -2.3781 -0.8826 -0.1119, -2.3781 -1.7593 -0.1119, -2.3545 -0.8767 -0.0802, -2.3545 -1.7652 -0.0802, -2.3371 -0.8701 -0.0447, -2.3371 -1.7718 -0.0447, -2.3264 -0.863 -0.0067, -2.3264 -1.7789 -0.0067, -2.3652 -0.8617 0.0004, -2.3652 -1.7802 0.0004, -2.3739 -0.8675 -0.0307, -2.3739 -1.7744 -0.0307, -2.3881 -0.8729 -0.0597, -2.3881 -1.769 -0.0597, -2.4074 -0.8777 -0.0856, -2.4074 -1.7642 -0.0856, -2.4311 -0.8818 -0.1076, -2.4311 -1.7601 -0.1076, -2.702 -1.712 -0.3666, -2.702 -0.9299 -0.3666, -2.7261 -1.7178 -0.3354, -2.7261 -0.9241 -0.3354, -2.7445 -1.6686 -0.5998, -2.7445 -0.9733 -0.5998, -2.7606 -0.9671 -0.5665, -2.7606 -1.6748 -0.5665, -2.7693 -0.9604 -0.5305, -2.7693 -1.6815 -0.5305, -2.7704 -0.9535 -0.4934, -2.7704 -1.6884 -0.4934, -2.7638 -0.9467 -0.457, -2.7638 -1.6951 -0.457, -2.7497 -0.9404 -0.4227, -2.7497 -1.7015 -0.4227, -2.7288 -0.9347 -0.3922, -2.7288 -1.7072 -0.3922, -2.7551 -0.9292 -0.3624, -2.7551 -1.7127 -0.3624, -2.7787 -0.9351 -0.3942, -2.7787 -1.7068 -0.3942, -2.7961 -0.9417 -0.4298, -2.7961 -1.7002 -0.4298, -2.8068 -0.9488 -0.468, -2.8068 -1.6931 -0.468, -2.8103 -0.9561 -0.5075, -2.8103 -1.6858 -0.5075, -2.8065 -0.9635 -0.5469, -2.8065 -1.6784 -0.5469, -2.7956 -0.9705 -0.585, -2.7956 -1.6713 -0.585, -2.778 -0.9771 -0.6205, -2.778 -1.6647 -0.6205, -2.5281 -1.0385 -0.9506, -2.5281 -1.6034 -0.9506, -2.4592 -1.5207 -1.0622, -2.4491 -1.4858 -1.0785, -2.4429 -1.4477 -1.0886, -2.4429 -1.1942 -1.0886, -2.4491 -1.1561 -1.0785, -2.4592 -1.1212 -1.0622, -2.4728 -1.0909 -1.0402, -2.4892 -1.0664 -1.0135, -2.5079 -1.0487 -0.9832, -2.5079 -1.5932 -0.9832, -2.4892 -1.5755 -1.0135, -2.4728 -1.551 -1.0402, -2.5616 -1.5995 -0.9712, -2.5616 -1.0424 -0.9712, -2.4927 -1.125 -1.0828, -2.4826 -1.16 -1.0992, -2.4764 -1.198 -1.1093, -2.4764 -1.4438 -1.1093, -2.4826 -1.4819 -1.0992, -2.4927 -1.5168 -1.0828, -2.5063 -1.5472 -1.0609, -2.5227 -1.5717 -1.0342, -2.5414 -1.5894 -1.0039, -2.5414 -1.0525 -1.0039, -2.5227 -1.0702 -1.0342, -2.5063 -1.0947 -1.0609, 2.4743 -1.2377 -1.1127, 2.4743 -1.4041 -1.1127, 2.4408 -1.2339 -1.092, 2.4408 -1.408 -1.092, 2.3228 -1.7862 0.0326, 2.3228 -1.8131 0.1772, 2.3228 -0.8557 0.0326, 2.3228 -0.8288 0.1772, 2.3622 -1.8131 0.1772, 2.3622 -1.7862 0.0326, 2.3622 -0.8288 0.1772, 2.3622 -0.8557 0.0326, 2.3264 -0.863 -0.0067, 2.3264 -1.7789 -0.0067, 2.3371 -0.8701 -0.0447, 2.3371 -1.7718 -0.0447, 2.3545 -0.8767 -0.0802, 2.3545 -1.7652 -0.0802, 2.3781 -0.8826 -0.1119, 2.3781 -1.7593 -0.1119, 2.407 -0.8876 -0.1388, 2.407 -1.7543 -0.1388, 2.4311 -1.7601 -0.1076, 2.4311 -0.8818 -0.1076, 2.4074 -0.8777 -0.0856, 2.4074 -1.7642 -0.0856, 2.3881 -0.8729 -0.0597, 2.3881 -1.769 -0.0597, 2.3739 -0.8675 -0.0307, 2.3739 -1.7744 -0.0307, 2.3652 -0.8617 0.0004, 2.3652 -1.7802 0.0004, 2.702 -1.712 -0.3666, 2.702 -0.9299 -0.3666, 2.7261 -1.7178 -0.3354, 2.7261 -0.9241 -0.3354, 2.7288 -0.9347 -0.3922, 2.7288 -1.7072 -0.3922, 2.7497 -0.9404 -0.4227, 2.7497 -1.7015 -0.4227, 2.7638 -0.9467 -0.457, 2.7638 -1.6951 -0.457, 2.7704 -0.9535 -0.4934, 2.7704 -1.6884 -0.4934, 2.7693 -0.9604 -0.5305, 2.7693 -1.6815 -0.5305, 2.7606 -0.9671 -0.5665, 2.7606 -1.6748 -0.5665, 2.7445 -0.9733 -0.5998, 2.7445 -1.6686 -0.5998, 2.778 -1.6647 -0.6205, 2.778 -0.9771 -0.6205, 2.7956 -0.9705 -0.585, 2.7956 -1.6713 -0.585, 2.8065 -0.9635 -0.5469, 2.8065 -1.6784 -0.5469, 2.8103 -0.9561 -0.5075, 2.8103 -1.6858 -0.5075, 2.8068 -0.9488 -0.468, 2.8068 -1.6931 -0.468, 2.7961 -0.9417 -0.4298, 2.7961 -1.7002 -0.4298, 2.7787 -0.9351 -0.3942, 2.7787 -1.7068 -0.3942, 2.7551 -0.9292 -0.3624, 2.7551 -1.7127 -0.3624, 2.5281 -1.0385 -0.9506, 2.5281 -1.6034 -0.9506, 2.4592 -1.1212 -1.0622, 2.4491 -1.1561 -1.0785, 2.4429 -1.1942 -1.0886, 2.4429 -1.4477 -1.0886, 2.4491 -1.4858 -1.0785, 2.4592 -1.5207 -1.0622, 2.5079 -1.0487 -0.9832, 2.4892 -1.0664 -1.0135, 2.4728 -1.0909 -1.0402, 2.4728 -1.551 -1.0402, 2.4892 -1.5755 -1.0135, 2.5079 -1.5932 -0.9832, 2.5616 -1.5995 -0.9712, 2.5616 -1.0424 -0.9712, 2.4927 -1.5168 -1.0828, 2.4826 -1.4819 -1.0992, 2.4764 -1.4438 -1.1093, 2.4764 -1.198 -1.1093, 2.4826 -1.16 -1.0992, 2.4927 -1.125 -1.0828, 2.5414 -1.5894 -1.0039, 2.5227 -1.5717 -1.0342, 2.5063 -1.5472 -1.0609, 2.5063 -1.0947 -1.0609, 2.5227 -1.0702 -1.0342, 2.5414 -1.0525 -1.0039
            ]
        }
        coordIndex [
            0,1,2,-1,2,1,3,-1,4,5,6,-1,6,5,7,-1,8,2,9,-1,9,2,3,-1,9,3,10,-1,10,3,1,-1,10,1,11,-1,11,1,0,-1,0,2,11,-1,11,2,8,-1,8,9,12,-1,12,9,13,-1,12,13,14,-1,14,13,15,-1,14,15,16,-1,16,15,17,-1,16,17,18,-1,18,17,19,-1,18,19,20,-1,20,19,21,-1,20,21,22,-1,22,21,23,-1,24,23,21,-1,24,21,25,-1,25,21,19,-1,25,19,26,-1,26,19,17,-1,26,17,27,-1,27,17,15,-1,27,15,28,-1,28,15,13,-1,28,13,29,-1,29,13,9,-1,29,9,10,-1,30,24,31,-1,31,24,25,-1,31,25,32,-1,32,25,26,-1,32,26,33,-1,33,26,27,-1,33,27,34,-1,34,27,28,-1,34,28,35,-1,35,28,29,-1,35,29,11,-1,11,29,10,-1,11,8,35,-1,35,8,12,-1,35,12,34,-1,34,12,14,-1,34,14,33,-1,33,14,16,-1,33,16,32,-1,32,16,18,-1,32,18,31,-1,31,18,20,-1,31,20,30,-1,30,20,22,-1,36,22,37,-1,37,22,23,-1,37,23,38,-1,38,23,24,-1,38,24,39,-1,39,24,30,-1,30,22,39,-1,39,22,36,-1,40,41,42,-1,42,41,43,-1,42,43,37,-1,37,43,36,-1,37,38,42,-1,42,38,44,-1,42,44,40,-1,40,44,45,-1,40,45,46,-1,46,45,47,-1,38,39,44,-1,44,39,48,-1,44,48,45,-1,45,48,49,-1,50,51,41,-1,41,51,49,-1,41,49,43,-1,49,48,43,-1,43,48,39,-1,43,39,36,-1,46,47,4,-1,4,47,5,-1,6,7,50,-1,50,7,51,-1,4,6,46,-1,46,6,50,-1,46,50,40,-1,40,50,41,-1,45,49,47,-1,47,49,51,-1,47,51,5,-1,5,51,7,-1,52,53,54,-1,54,53,55,-1,56,57,58,-1,58,57,59,-1,55,60,54,-1,54,60,61,-1,54,61,52,-1,52,61,62,-1,52,62,53,-1,53,62,63,-1,55,53,60,-1,60,53,63,-1,64,65,66,-1,66,65,67,-1,66,67,68,-1,68,67,69,-1,68,69,70,-1,70,69,71,-1,70,71,72,-1,72,71,73,-1,72,73,74,-1,74,73,75,-1,74,75,60,-1,60,75,61,-1,62,61,75,-1,62,75,76,-1,76,75,73,-1,76,73,77,-1,77,73,71,-1,77,71,78,-1,78,71,69,-1,78,69,79,-1,79,69,67,-1,79,67,80,-1,80,67,65,-1,80,65,81,-1,63,62,82,-1,82,62,76,-1,82,76,83,-1,83,76,77,-1,83,77,84,-1,84,77,78,-1,84,78,85,-1,85,78,79,-1,85,79,86,-1,86,79,80,-1,86,80,87,-1,87,80,81,-1,87,64,86,-1,86,64,66,-1,86,66,85,-1,85,66,68,-1,85,68,84,-1,84,68,70,-1,84,70,83,-1,83,70,72,-1,83,72,82,-1,82,72,74,-1,82,74,63,-1,63,74,60,-1,64,88,65,-1,65,88,89,-1,65,89,81,-1,81,89,90,-1,81,90,87,-1,87,90,91,-1,64,87,88,-1,88,87,91,-1,89,88,92,-1,92,88,93,-1,92,93,94,-1,94,93,95,-1,96,94,97,-1,97,94,98,-1,97,98,99,-1,90,89,96,-1,96,89,92,-1,96,92,94,-1,97,100,96,-1,96,100,101,-1,96,101,90,-1,90,101,91,-1,102,103,95,-1,102,95,100,-1,100,95,93,-1,100,93,101,-1,101,93,88,-1,101,88,91,-1,99,98,56,-1,56,98,57,-1,58,59,102,-1,102,59,103,-1,94,95,98,-1,98,95,103,-1,98,103,57,-1,57,103,59,-1,56,58,99,-1,99,58,102,-1,99,102,97,-1,97,102,100,-1,104,105,106,-1,106,105,107,-1,108,109,110,-1,110,109,111,-1,112,113,114,-1,114,113,115,-1,116,117,118,-1,116,118,119,-1,119,118,120,-1,119,120,121,-1,121,120,122,-1,121,122,123,-1,123,122,124,-1,123,124,125,-1,125,124,111,-1,125,111,109,-1,112,114,126,-1,112,126,127,-1,127,126,128,-1,127,128,129,-1,129,128,130,-1,129,130,131,-1,131,130,132,-1,131,132,133,-1,133,132,134,-1,133,134,135,-1,116,136,117,-1,117,136,137,-1,138,135,139,-1,139,135,134,-1,140,141,142,-1,140,142,143,-1,143,142,144,-1,143,144,145,-1,145,144,146,-1,145,146,147,-1,147,146,148,-1,147,148,149,-1,149,148,150,-1,149,150,151,-1,151,150,152,-1,151,152,153,-1,153,152,137,-1,153,137,136,-1,138,139,154,-1,138,154,155,-1,155,154,156,-1,155,156,157,-1,157,156,158,-1,157,158,159,-1,159,158,160,-1,159,160,161,-1,161,160,162,-1,161,162,163,-1,163,162,164,-1,163,164,165,-1,165,164,166,-1,165,166,167,-1,167,166,168,-1,167,168,169,-1,170,141,107,-1,107,141,106,-1,106,141,140,-1,106,140,171,-1,172,173,171,-1,171,173,174,-1,171,174,106,-1,107,175,170,-1,170,175,176,-1,170,176,177,-1,177,178,170,-1,170,178,179,-1,170,179,180,-1,181,182,171,-1,171,182,183,-1,171,183,172,-1,184,169,104,-1,104,169,105,-1,105,169,168,-1,105,168,185,-1,186,187,185,-1,185,187,188,-1,185,188,105,-1,104,189,184,-1,184,189,190,-1,184,190,191,-1,191,192,184,-1,184,192,193,-1,184,193,194,-1,195,196,185,-1,185,196,197,-1,185,197,186,-1,108,110,113,-1,113,110,115,-1,108,113,109,-1,109,113,112,-1,109,112,125,-1,125,112,127,-1,125,127,123,-1,123,127,129,-1,123,129,121,-1,121,129,131,-1,121,131,119,-1,119,131,133,-1,119,133,116,-1,116,133,135,-1,116,135,136,-1,136,135,138,-1,136,138,153,-1,153,138,155,-1,153,155,151,-1,151,155,157,-1,151,157,149,-1,184,171,169,-1,169,171,140,-1,169,140,167,-1,167,140,143,-1,167,143,165,-1,165,143,145,-1,165,145,163,-1,163,145,147,-1,163,147,161,-1,161,147,149,-1,161,149,159,-1,159,149,157,-1,170,185,141,-1,141,185,168,-1,141,168,142,-1,142,168,166,-1,142,166,144,-1,144,166,164,-1,144,164,146,-1,115,110,114,-1,114,110,111,-1,114,111,126,-1,126,111,124,-1,126,124,128,-1,128,124,122,-1,128,122,130,-1,130,122,120,-1,130,120,132,-1,132,120,118,-1,132,118,134,-1,134,118,117,-1,134,117,139,-1,139,117,137,-1,139,137,154,-1,154,137,152,-1,154,152,156,-1,156,152,150,-1,156,150,158,-1,158,150,148,-1,158,148,160,-1,160,148,146,-1,160,146,162,-1,162,146,164,-1,104,106,174,-1,104,174,189,-1,189,174,173,-1,189,173,190,-1,190,173,172,-1,190,172,191,-1,191,172,183,-1,191,183,192,-1,192,183,182,-1,192,182,193,-1,193,182,181,-1,193,181,194,-1,194,181,171,-1,194,171,184,-1,107,105,188,-1,107,188,175,-1,175,188,187,-1,175,187,176,-1,176,187,186,-1,176,186,177,-1,177,186,197,-1,177,197,178,-1,178,197,196,-1,178,196,179,-1,179,196,195,-1,179,195,180,-1,180,195,185,-1,180,185,170,-1,198,199,200,-1,200,199,201,-1,202,203,204,-1,204,203,205,-1,206,207,208,-1,208,207,209,-1,202,204,210,-1,202,210,211,-1,211,210,212,-1,211,212,213,-1,213,212,214,-1,213,214,215,-1,215,214,216,-1,215,216,217,-1,217,216,218,-1,217,218,219,-1,220,221,222,-1,220,222,223,-1,223,222,224,-1,223,224,225,-1,225,224,226,-1,225,226,227,-1,227,226,228,-1,227,228,229,-1,229,228,209,-1,229,209,207,-1,230,219,231,-1,231,219,218,-1,220,232,221,-1,221,232,233,-1,230,231,234,-1,230,234,235,-1,235,234,236,-1,235,236,237,-1,237,236,238,-1,237,238,239,-1,239,238,240,-1,239,240,241,-1,241,240,242,-1,241,242,243,-1,243,242,244,-1,243,244,245,-1,245,244,246,-1,245,246,247,-1,248,249,250,-1,248,250,251,-1,251,250,252,-1,251,252,253,-1,253,252,254,-1,253,254,255,-1,255,254,256,-1,255,256,257,-1,257,256,258,-1,257,258,259,-1,259,258,260,-1,259,260,261,-1,261,260,262,-1,261,262,263,-1,263,262,233,-1,263,233,232,-1,200,246,264,-1,246,200,247,-1,247,200,201,-1,247,201,265,-1,266,267,264,-1,264,267,268,-1,264,268,200,-1,201,269,265,-1,265,269,270,-1,265,270,271,-1,272,273,264,-1,264,273,274,-1,264,274,266,-1,271,275,265,-1,265,275,276,-1,265,276,277,-1,199,248,278,-1,248,199,249,-1,249,199,198,-1,249,198,279,-1,280,281,278,-1,278,281,282,-1,278,282,199,-1,198,283,279,-1,279,283,284,-1,279,284,285,-1,286,287,278,-1,278,287,288,-1,278,288,280,-1,285,289,279,-1,279,289,290,-1,279,290,291,-1,205,203,208,-1,208,203,206,-1,265,278,247,-1,247,278,248,-1,247,248,245,-1,245,248,251,-1,245,251,243,-1,243,251,253,-1,243,253,241,-1,206,203,207,-1,207,203,202,-1,207,202,229,-1,229,202,211,-1,229,211,227,-1,227,211,213,-1,227,213,225,-1,225,213,215,-1,225,215,223,-1,223,215,217,-1,223,217,220,-1,220,217,219,-1,220,219,232,-1,232,219,230,-1,232,230,263,-1,263,230,235,-1,263,235,261,-1,261,235,237,-1,261,237,259,-1,259,237,239,-1,259,239,257,-1,257,239,241,-1,257,241,255,-1,255,241,253,-1,205,208,204,-1,204,208,209,-1,204,209,210,-1,210,209,228,-1,210,228,212,-1,212,228,226,-1,212,226,214,-1,214,226,224,-1,214,224,216,-1,216,224,222,-1,216,222,218,-1,218,222,221,-1,218,221,231,-1,231,221,233,-1,231,233,234,-1,234,233,262,-1,234,262,236,-1,236,262,260,-1,236,260,238,-1,279,264,249,-1,249,264,246,-1,249,246,250,-1,250,246,244,-1,250,244,252,-1,252,244,242,-1,252,242,254,-1,254,242,240,-1,254,240,256,-1,256,240,238,-1,256,238,258,-1,258,238,260,-1,278,265,277,-1,278,277,286,-1,286,277,276,-1,286,276,287,-1,287,276,275,-1,287,275,288,-1,288,275,271,-1,288,271,280,-1,280,271,270,-1,280,270,281,-1,281,270,269,-1,281,269,282,-1,282,269,201,-1,282,201,199,-1,264,279,291,-1,264,291,272,-1,272,291,290,-1,272,290,273,-1,273,290,289,-1,273,289,274,-1,274,289,285,-1,274,285,266,-1,266,285,284,-1,266,284,267,-1,267,284,283,-1,267,283,268,-1,268,283,198,-1,268,198,200,-1,
        ]
    }
}
Shape{
    appearance Appearance {
        material  Material 	{
            diffuseColor 0.0 0.5882352941176471 0.9803921568627451
            specularColor 0.0 0.17647058823529413 0.29411764705882354
            ambientIntensity 0.4571
            transparency 0.0
            shininess 0.5
        }
    }
    geometry IndexedFaceSet {
        ccw TRUE
        solid FALSE
        coord DEF co Coordinate {
            point [
                1.7678 -0.6455 0.0591, 2.1074 -0.6455 0.0591, 2.1074 -1.9422 0.0591, -0.1136 -1.9418 0.0591, -0.0909 -1.9356 0.0591, -0.0525 -1.941 0.0591, -0.137 -1.9218 0.0591, -0.0944 -1.774 0.0591, -0.113 -1.9187 0.0591, -0.0909 -1.776 0.0591, -0.0909 -1.9092 0.0591, -0.1198 -1.9422 0.0591, 0.0532 -1.7658 0.0591, 0.0724 -1.9422 0.0591, 0.0484 -1.9194 0.0591, 0.0484 -1.941 0.0591, -0.026 -1.833 0.0591, -0.026 -1.7658 0.0591, 0.0436 -1.833 0.0591, 0.0436 -1.8546 0.0591, -0.026 -1.8546 0.0591, -0.026 -1.9194 0.0591, -0.0525 -1.7442 0.0591, -0.3285 -1.941 0.0591, -0.3285 -1.7658 0.0591, -0.2541 -1.7658 0.0591, -0.2151 -1.9079 0.0591, -0.198 -1.9244 0.0591, -0.1796 -1.9351 0.0591, -0.2043 -1.7611 0.0591, -0.2188 -1.7763 0.0591, -0.2293 -1.7948 0.0591, -0.2354 -1.8159 0.0591, -0.1563 -1.9196 0.0591, -0.171 -1.9143 0.0591, -0.1849 -1.905 0.0591, -0.1968 -1.8918 0.0591, -0.2048 -1.8766 0.0591, -0.21 -1.8553 0.0591, -0.2109 -1.8405 0.0591, -0.2089 -1.8192 0.0591, -0.2036 -1.8023 0.0591, -0.1414 -1.7634 0.0591, -0.1862 -1.7789 0.0591, -0.1597 -1.7654 0.0591, -0.1741 -1.7707 0.0591, -0.1954 -1.7886 0.0591, -0.1153 -1.7663 0.0591, -0.158 -1.9416 0.0591, -0.1511 -1.9422 0.0591, -0.3549 -1.941 0.0591, -0.2373 -1.8389 0.0591, -0.2345 -1.8668 0.0591, -0.2269 -1.8893 0.0591, -1.4306 -1.9422 0.0591, -1.4306 -0.6496 0.0591, -0.3549 -1.7442 0.0591, -0.145 -1.7418 0.0591, -0.2541 -1.7442 0.0591, -0.1692 -1.7443 0.0591, -0.1884 -1.7508 0.0591, -0.0909 -1.7544 0.0591, -0.1118 -1.7458 0.0591, -0.1396 -1.7419 0.0591, -1.4306 -3.1757 0.0591, 0.0724 -3.1757 0.0591, -0.1372 -1.9434 0.0591, 0.0532 -1.7442 0.0591, 0.0724 -0.6455 0.0591, -2.0877 -0.6455 0.0591, -1.7828 -0.6496 0.0591, -2.0877 -1.9422 0.0591, -1.7828 -1.9422 0.0591, -2.0877 -3.1757 0.0591, -1.7828 -3.1757 0.0591, 0.1451 -1.7442 0.0591, 0.0916 -1.7442 0.0591, 0.4421 -1.7442 0.0591, 1.4156 -0.6455 0.0591, 0.3653 -1.941 0.0591, 1.4334 -1.9422 0.0591, 0.3388 -1.941 0.0591, 0.1986 -1.9299 0.0591, 0.2181 -1.9172 0.0591, 0.2644 -1.7442 0.0591, 0.1927 -1.7533 0.0591, 0.1701 -1.7464 0.0591, 1.4501 -3.1559 0.0591, 2.1074 -3.1757 0.0591, 1.8023 -3.151 0.0591, 1.7857 -1.9422 0.0591, 0.3933 -1.7994 0.0591, 0.312 -1.7994 0.0591, 0.4133 -1.7442 0.0591, 0.2932 -1.7442 0.0591, 0.2402 -1.7982 0.0591, 0.2292 -1.7809 0.0591, 0.2131 -1.7653 0.0591, 0.0916 -1.941 0.0591, 0.1471 -1.941 0.0591, 0.1756 -1.938 0.0591, 0.2258 -1.9101 0.0591, 0.2376 -1.8947 0.0591, 0.2459 -1.8756 0.0591, 0.2496 -1.8548 0.0591, 0.25 -1.8451 0.0591, 0.2473 -1.8187 0.0591, 0.7439 1.3577 -0.0197, 0.7439 1.8483 -0.0197, 1.3372 1.8483 -0.0197, 1.5832 1.2814 -0.0197, 1.3372 1.2785 -0.0197, 1.5832 1.3577 -0.0197, 1.3372 1.3577 -0.0197, 1.5832 1.3602 -0.0197, 2.3228 1.2785 -0.0197, 1.7801 1.2814 -0.0197, 2.3228 1.3577 -0.0197, 1.7801 1.3577 -0.0197, 2.3228 1.8483 -0.0197, 1.7801 1.3602 -0.0197, -0.09 1.2814 -0.0197, 0.1068 1.2814 -0.0197, 0.2517 1.2785 -0.0197, -0.2393 1.2785 -0.0197, -0.2393 1.3577 -0.0197, -0.09 1.3577 -0.0197, 0.2517 1.3577 -0.0197, 0.1068 1.3577 -0.0197, 0.1068 1.3602 -0.0197, -0.09 1.3602 -0.0197, -0.2393 1.8483 -0.0197, 0.2517 1.8483 -0.0197, -1.0743 1.2814 -0.0197, -0.8774 1.2814 -0.0197, -0.7314 1.2785 -0.0197, -1.3203 1.2785 -0.0197, -1.3203 1.3577 -0.0197, -1.0743 1.3577 -0.0197, -0.7314 1.3577 -0.0197, -0.8774 1.3577 -0.0197, -0.8774 1.3602 -0.0197, -1.0743 1.3602 -0.0197, -1.3203 1.8483 -0.0197, -0.7314 1.8483 -0.0197, 0.894 1.2766 -0.0197, 1.0908 1.2755 -0.0197, 1.3372 0.9257 -0.0197, 1.0909 1.2785 -0.0197, 1.0913 1.3542 -0.0197, 0.8944 1.3553 -0.0197, -2.3031 1.2785 -0.0197, -2.3031 1.3577 -0.0197, -1.7633 1.3577 -0.0197, -1.7633 1.3602 -0.0197, -2.3031 1.8483 -0.0197, -1.5664 1.3602 -0.0197, -1.5664 1.3577 -0.0197, -1.5664 1.2814 -0.0197, -1.7633 1.2814 -0.0197, -0.2393 0.9257 -0.0197, -0.2393 0.4951 -0.0197, -0.3885 0.4951 -0.0197, -0.3885 0.494 -0.0197, -0.2393 0.1397 -0.0197, -0.5854 0.494 -0.0197, -0.7314 0.1397 -0.0197, -0.5854 0.4951 -0.0197, -0.7314 0.4951 -0.0197, -0.5854 0.5728 -0.0197, -0.7314 0.9257 -0.0197, -0.3885 0.5728 -0.0197, 0.7439 0.1397 -0.0197, 0.7439 -0.295 -0.0197, 0.5933 -0.295 -0.0197, 0.5933 -0.2966 -0.0197, 0.7439 -0.6455 -0.0197, 0.3965 -0.2955 -0.0197, 0.2517 -0.6455 -0.0197, 0.3965 -0.295 -0.0197, 0.2517 -0.295 -0.0197, 0.3969 -0.2168 -0.0197, 0.2517 0.1397 -0.0197, 0.5938 -0.2179 -0.0197, 2.3228 -0.6455 -0.0197, 1.7678 -0.6455 -0.0197, 1.3372 -0.295 -0.0197, 1.3372 -0.6455 -0.0197, 1.4156 -0.6455 -0.0197, 1.4501 -3.1559 -0.0197, 1.8023 -3.151 -0.0197, -0.2393 -0.295 -0.0197, -0.2393 -0.6455 -0.0197, -0.7314 -0.6455 -0.0197, 0.7439 1.2785 -0.0197, 0.894 1.2785 -0.0197, 0.7439 0.9257 -0.0197, 0.2517 0.9257 -0.0197, 0.2517 0.4951 -0.0197, 0.3965 0.5749 -0.0197, 0.5933 0.576 -0.0197, 0.5938 0.4972 -0.0197, 0.7439 0.4951 -0.0197, 0.3969 0.4962 -0.0197, -2.3031 0.9257 -0.0197, -1.3203 0.9257 -0.0197, -2.3031 0.4951 -0.0197, -1.3203 0.4951 -0.0197, -2.3031 0.1397 -0.0197, -1.3203 0.1397 -0.0197, -2.3031 -0.295 -0.0197, -1.3203 -0.295 -0.0197, -2.3031 -0.6455 -0.0197, -1.3203 -0.6455 -0.0197, -0.7314 -0.295 -0.0197, -0.5854 -0.2934 -0.0197, -0.3885 -0.2934 -0.0197, -0.5854 -0.2146 -0.0197, -0.3885 -0.2146 -0.0197, 1.3372 0.4951 -0.0197, 1.3372 0.1397 -0.0197, 2.3228 0.9257 -0.0197, 2.3228 0.4951 -0.0197, 2.3228 0.1397 -0.0197, 2.3228 -0.295 -0.0197, -2.0877 -0.6455 0.1772, -2.3031 -0.6455 0.1772, -2.3031 1.8483 0.1772, 2.3228 1.8483 0.1772, 2.3228 -0.6455 0.1772, 2.1074 -0.6455 0.1772, 2.1074 -1.7977 0.1772, 2.1074 -3.1757 0.0984, -2.0877 -3.1757 0.0984, -1.7828 -3.1757 -0.0197, -1.4306 -3.1757 -0.0197, -2.0877 -1.7977 0.1772
            ]
        }
        coordIndex [
            0,1,2,-1,3,4,5,-1,6,7,8,-1,8,7,9,-1,8,9,10,-1,3,5,11,-1,12,13,14,-1,14,13,15,-1,16,17,18,-1,18,17,12,-1,18,12,19,-1,19,12,14,-1,19,14,20,-1,20,14,21,-1,4,10,5,-1,5,10,9,-1,5,9,22,-1,23,24,25,-1,26,27,23,-1,23,27,28,-1,29,30,25,-1,25,30,31,-1,25,31,32,-1,6,33,7,-1,7,33,34,-1,7,34,35,-1,35,36,7,-1,7,36,37,-1,7,37,38,-1,38,39,7,-1,7,39,40,-1,7,40,41,-1,42,43,44,-1,44,43,45,-1,41,46,7,-1,7,46,43,-1,7,43,47,-1,47,43,42,-1,28,48,23,-1,23,48,49,-1,23,49,50,-1,32,51,25,-1,25,51,52,-1,25,52,23,-1,23,52,53,-1,23,53,26,-1,54,55,56,-1,56,55,57,-1,56,57,58,-1,58,57,59,-1,58,59,25,-1,25,59,60,-1,25,60,29,-1,9,61,22,-1,22,61,62,-1,22,62,55,-1,55,62,63,-1,55,63,57,-1,56,50,54,-1,54,50,49,-1,54,49,64,-1,64,49,65,-1,49,66,65,-1,65,66,11,-1,65,11,13,-1,13,11,5,-1,13,5,15,-1,67,22,68,-1,68,22,55,-1,68,55,69,-1,69,55,70,-1,69,70,71,-1,71,70,72,-1,71,72,73,-1,73,72,74,-1,75,76,68,-1,68,76,13,-1,68,13,67,-1,67,13,12,-1,77,78,79,-1,79,78,80,-1,81,82,83,-1,84,85,86,-1,81,79,13,-1,13,79,80,-1,13,80,65,-1,65,80,87,-1,65,87,88,-1,88,87,89,-1,88,89,2,-1,2,89,90,-1,2,90,0,-1,91,92,93,-1,93,92,94,-1,86,75,84,-1,84,75,68,-1,84,68,94,-1,94,68,78,-1,94,78,93,-1,93,78,77,-1,95,96,84,-1,84,96,97,-1,84,97,85,-1,76,98,13,-1,13,98,99,-1,13,99,81,-1,81,99,100,-1,81,100,82,-1,83,101,81,-1,81,101,102,-1,81,102,103,-1,103,104,81,-1,81,104,105,-1,81,105,84,-1,84,105,106,-1,84,106,95,-1,107,108,109,-1,110,111,112,-1,112,111,113,-1,112,113,114,-1,115,116,117,-1,117,116,118,-1,117,118,119,-1,119,118,120,-1,119,120,109,-1,121,122,123,-1,124,125,126,-1,123,122,127,-1,127,122,128,-1,127,128,129,-1,126,125,130,-1,130,125,131,-1,130,131,129,-1,129,131,132,-1,129,132,127,-1,133,134,135,-1,136,137,138,-1,135,134,139,-1,139,134,140,-1,139,140,141,-1,138,137,142,-1,142,137,143,-1,142,143,141,-1,141,143,144,-1,141,144,139,-1,145,146,147,-1,147,146,111,-1,111,146,148,-1,111,148,113,-1,113,148,149,-1,113,149,150,-1,151,152,153,-1,153,152,154,-1,154,152,155,-1,154,155,156,-1,156,155,143,-1,156,143,157,-1,157,143,137,-1,157,137,158,-1,158,137,136,-1,158,136,159,-1,160,161,162,-1,162,161,163,-1,163,161,164,-1,163,164,165,-1,165,164,166,-1,165,166,167,-1,167,166,168,-1,167,168,169,-1,169,168,170,-1,169,170,171,-1,172,173,174,-1,174,173,175,-1,175,173,176,-1,175,176,177,-1,177,176,178,-1,177,178,179,-1,179,178,180,-1,179,180,181,-1,181,180,182,-1,181,182,183,-1,184,185,186,-1,187,186,188,-1,188,186,185,-1,188,185,189,-1,189,185,190,-1,191,192,193,-1,120,114,109,-1,109,114,113,-1,109,113,107,-1,107,113,150,-1,107,150,194,-1,194,150,195,-1,194,195,196,-1,144,131,139,-1,139,131,125,-1,139,125,135,-1,135,125,124,-1,135,124,170,-1,170,124,160,-1,170,160,171,-1,171,160,162,-1,132,108,127,-1,127,108,107,-1,127,107,123,-1,123,107,194,-1,123,194,197,-1,197,194,196,-1,198,197,199,-1,199,197,200,-1,200,197,196,-1,200,196,201,-1,201,196,202,-1,201,202,203,-1,199,203,198,-1,198,203,202,-1,198,202,182,-1,182,202,172,-1,182,172,183,-1,183,172,174,-1,153,159,151,-1,151,159,136,-1,151,136,204,-1,204,136,205,-1,204,205,206,-1,206,205,207,-1,206,207,208,-1,208,207,209,-1,208,209,210,-1,210,209,211,-1,210,211,212,-1,212,211,213,-1,138,133,136,-1,136,133,135,-1,136,135,205,-1,205,135,170,-1,205,170,207,-1,207,170,168,-1,207,168,209,-1,209,168,166,-1,209,166,211,-1,211,166,214,-1,211,214,213,-1,214,215,216,-1,215,214,217,-1,217,214,166,-1,217,166,218,-1,218,166,164,-1,218,164,216,-1,216,164,191,-1,216,191,214,-1,214,191,193,-1,214,193,213,-1,126,121,124,-1,124,121,123,-1,124,123,160,-1,160,123,197,-1,160,197,161,-1,161,197,198,-1,161,198,164,-1,164,198,182,-1,164,182,191,-1,191,182,180,-1,191,180,192,-1,192,180,178,-1,195,145,196,-1,196,145,147,-1,196,147,202,-1,202,147,219,-1,202,219,172,-1,172,219,220,-1,172,220,173,-1,173,220,186,-1,173,186,176,-1,176,186,187,-1,110,116,111,-1,111,116,115,-1,111,115,147,-1,147,115,221,-1,147,221,219,-1,219,221,222,-1,219,222,220,-1,220,222,223,-1,220,223,186,-1,186,223,224,-1,186,224,184,-1,225,226,69,-1,69,226,212,-1,212,213,69,-1,69,213,193,-1,69,193,68,-1,68,193,192,-1,192,178,68,-1,68,178,176,-1,68,176,78,-1,78,176,187,-1,78,187,188,-1,210,212,226,-1,155,152,227,-1,227,152,151,-1,151,204,227,-1,227,204,206,-1,227,206,226,-1,226,206,208,-1,226,208,210,-1,228,119,109,-1,131,227,132,-1,132,227,228,-1,132,228,108,-1,108,228,109,-1,131,144,227,-1,227,144,143,-1,227,143,155,-1,229,184,224,-1,221,228,222,-1,222,228,229,-1,222,229,223,-1,223,229,224,-1,221,115,228,-1,228,115,117,-1,228,117,119,-1,0,185,1,-1,1,185,184,-1,1,184,230,-1,230,184,229,-1,1,230,2,-1,2,230,231,-1,2,231,88,-1,88,231,232,-1,232,233,74,-1,74,233,73,-1,234,235,74,-1,74,235,64,-1,74,64,232,-1,232,64,65,-1,232,65,88,-1,73,233,71,-1,71,233,236,-1,71,236,69,-1,69,236,225,-1,230,229,228,-1,227,226,225,-1,236,231,225,-1,225,231,230,-1,225,230,227,-1,227,230,228,-1,
        ]
    }
}
Shape{
    appearance Appearance {
        material  Material 	{
            diffuseColor 1.0 1.0 1.0
            specularColor 0.8784313725490196 0.8784313725490196 0.8784313725490196
            ambientIntensity 1.0
            transparency 0.0
            shininess 0.5
        }
    }
    geometry IndexedFaceSet {
        ccw TRUE
        solid FALSE
        coord DEF co Coordinate {
            point [
                2.1074 -3.1757 0.0984, 2.1074 -1.7977 0.1772, -2.0877 -3.1757 0.0984, -2.0877 -1.7977 0.1772
            ]
        }
        coordIndex [
            0,1,2,-1,2,1,3,-1,
        ]
    }
}
Shape{
    appearance Appearance {
        material  Material 	{
            diffuseColor 0.0 0.5882352941176471 0.9803921568627451
            specularColor 0.0 0.17647058823529413 0.29411764705882354
            ambientIntensity 0.4571
            transparency 0.0
            shininess 0.5
        }
    }
    geometry IndexedFaceSet {
        ccw TRUE
        solid FALSE
        coord DEF co Coordinate {
            point [
                -1.4306 -3.1757 0.0591, -1.4306 -3.1757 -0.0197, -1.4306 -1.9422 0.0591, -1.4306 -0.6496 -0.0197, -1.4306 -0.6496 0.0591, -1.7828 -0.6496 0.0591, -1.7828 -0.6496 -0.0197, -1.7828 -1.9422 0.0591, -1.7828 -3.1757 -0.0197, -1.7828 -3.1757 0.0591, 1.4156 -0.6455 0.0591, 1.4156 -0.6455 -0.0197, 1.4334 -1.9422 0.0591, 1.4501 -3.1559 -0.0197, 1.4501 -3.1559 0.0591, 1.8023 -3.151 0.0591, 1.8023 -3.151 -0.0197, 1.7857 -1.9422 0.0591, 1.7678 -0.6455 -0.0197, 1.7678 -0.6455 0.0591
            ]
        }
        coordIndex [
            0,1,2,-1,2,1,3,-1,2,3,4,-1,5,6,7,-1,7,6,8,-1,7,8,9,-1,3,6,4,-1,4,6,5,-1,8,6,1,-1,1,6,3,-1,10,11,12,-1,12,11,13,-1,12,13,14,-1,15,16,17,-1,17,16,18,-1,17,18,19,-1,13,16,14,-1,14,16,15,-1,
        ]
    }
}
Shape{
    appearance Appearance {
        material  Material 	{
            diffuseColor 0.7764705882352941 0.7568627450980392 0.7372549019607844
            specularColor 0.38823529411764707 0.3764705882352941 0.3686274509803922
            ambientIntensity 0.7605
            transparency 0.0
            shininess 0.5
        }
    }
    geometry IndexedFaceSet {
        ccw TRUE
        solid FALSE
        coord DEF co Coordinate {
            point [
                -0.3885 -0.2146 -1.063, -0.3885 -0.2146 -0.0197, -0.3885 -0.2934 -1.063, -0.3885 -0.2934 -0.0197, -0.5854 -0.2934 -0.0197, -0.5854 -0.2934 -1.063, -0.4279 -0.2934 -1.2598, -0.546 -0.2934 -1.2598, -0.5854 -0.2146 -1.063, -0.5854 -0.2146 -0.0197, -0.4279 -0.2146 -1.2598, -0.546 -0.2146 -1.2598, 0.5933 -0.2966 -0.0197, 0.5933 -0.2966 -1.063, 0.5933 -0.295 -0.0197, 0.5938 -0.2179 -1.063, 0.5938 -0.2179 -0.0197, 0.3965 -0.2955 -0.0197, 0.3965 -0.2955 -1.063, 0.554 -0.2964 -1.2598, 0.4359 -0.2958 -1.2598, 0.3969 -0.2168 -1.063, 0.3965 -0.295 -0.0197, 0.3969 -0.2168 -0.0197, 0.5544 -0.2177 -1.2598, 0.4363 -0.217 -1.2598, 0.3965 0.5749 -0.0197, 0.5933 0.576 -0.0197, 0.3965 0.5749 -1.063, 0.5933 0.576 -1.063, 0.4359 0.5751 -1.2598, 0.554 0.5758 -1.2598, 0.5938 0.4972 -1.063, 0.5938 0.4972 -0.0197, 0.4363 0.4964 -1.2598, 0.5544 0.497 -1.2598, 0.3969 0.4962 -1.063, 0.3969 0.4962 -0.0197, -0.5854 0.494 -1.063, -0.5854 0.494 -0.0197, -0.5854 0.5728 -1.063, -0.5854 0.4951 -0.0197, -0.5854 0.5728 -0.0197, -0.4279 0.5728 -1.2598, -0.546 0.5728 -1.2598, -0.3885 0.5728 -1.063, -0.3885 0.5728 -0.0197, -0.3885 0.494 -0.0197, -0.3885 0.494 -1.063, -0.3885 0.4951 -0.0197, -0.4279 0.494 -1.2598, -0.546 0.494 -1.2598, -1.5664 1.3602 -1.063, -1.5664 1.3602 -0.0197, -1.5664 1.2814 -1.063, -1.5664 1.3577 -0.0197, -1.5664 1.2814 -0.0197, -1.7633 1.2814 -0.0197, -1.7633 1.2814 -1.063, -1.6058 1.2814 -1.2598, -1.7239 1.2814 -1.2598, -1.7633 1.3602 -0.0197, -1.7633 1.3602 -1.063, -1.7633 1.3577 -0.0197, -1.6058 1.3602 -1.2598, -1.7239 1.3602 -1.2598, 1.0908 1.2755 -0.0197, 1.0908 1.2755 -1.063, 1.0909 1.2785 -0.0197, 1.0913 1.3542 -1.063, 1.0913 1.3542 -0.0197, 0.894 1.2766 -0.0197, 0.894 1.2766 -1.063, 1.0515 1.2757 -1.2598, 0.9334 1.2764 -1.2598, 0.8944 1.3553 -1.063, 0.894 1.2785 -0.0197, 0.8944 1.3553 -0.0197, 1.0519 1.3544 -1.2598, 0.9338 1.3551 -1.2598, -0.9168 1.3602 -1.2598, -1.0349 1.3602 -1.2598, -0.8774 1.3602 -1.063, -1.0743 1.3602 -1.063, -0.8774 1.3602 -0.0197, -1.0743 1.3602 -0.0197, -0.8774 1.2814 -1.063, -0.8774 1.3577 -0.0197, -0.8774 1.2814 -0.0197, -1.0743 1.2814 -0.0197, -1.0743 1.2814 -1.063, -0.9168 1.2814 -1.2598, -1.0349 1.2814 -1.2598, -1.0743 1.3577 -0.0197, 0.0675 1.3602 -1.2598, -0.0507 1.3602 -1.2598, 0.1068 1.3602 -1.063, -0.09 1.3602 -1.063, 0.1068 1.3602 -0.0197, -0.09 1.3602 -0.0197, 0.1068 1.2814 -1.063, 0.1068 1.3577 -0.0197, 0.1068 1.2814 -0.0197, -0.09 1.2814 -0.0197, -0.09 1.2814 -1.063, 0.0675 1.2814 -1.2598, -0.0507 1.2814 -1.2598, -0.09 1.3577 -0.0197, 1.7407 1.3602 -1.2598, 1.6226 1.3602 -1.2598, 1.7801 1.3602 -1.063, 1.5832 1.3602 -1.063, 1.7801 1.3602 -0.0197, 1.5832 1.3602 -0.0197, 1.7801 1.2814 -1.063, 1.7801 1.3577 -0.0197, 1.7801 1.2814 -0.0197, 1.5832 1.2814 -0.0197, 1.5832 1.2814 -1.063, 1.7407 1.2814 -1.2598, 1.6226 1.2814 -1.2598, 1.5832 1.3577 -0.0197
            ]
        }
        coordIndex [
            0,1,2,-1,2,1,3,-1,3,4,2,-1,2,4,5,-1,2,5,6,-1,6,5,7,-1,5,4,8,-1,8,4,9,-1,10,11,0,-1,0,11,8,-1,0,8,1,-1,1,8,9,-1,6,7,10,-1,10,7,11,-1,12,13,14,-1,14,13,15,-1,14,15,16,-1,12,17,13,-1,13,17,18,-1,13,18,19,-1,19,18,20,-1,18,17,21,-1,21,17,22,-1,21,22,23,-1,24,25,15,-1,15,25,21,-1,15,21,16,-1,16,21,23,-1,19,20,24,-1,24,20,25,-1,26,27,28,-1,28,27,29,-1,28,29,30,-1,30,29,31,-1,29,27,32,-1,32,27,33,-1,34,35,36,-1,36,35,32,-1,36,32,37,-1,37,32,33,-1,36,37,28,-1,28,37,26,-1,35,34,31,-1,31,34,30,-1,38,39,40,-1,40,39,41,-1,40,41,42,-1,43,44,45,-1,45,44,40,-1,45,40,46,-1,46,40,42,-1,47,48,49,-1,49,48,45,-1,49,45,46,-1,47,39,48,-1,48,39,38,-1,48,38,50,-1,50,38,51,-1,50,51,43,-1,43,51,44,-1,52,53,54,-1,54,53,55,-1,54,55,56,-1,56,57,54,-1,54,57,58,-1,54,58,59,-1,59,58,60,-1,61,62,63,-1,63,62,58,-1,63,58,57,-1,64,65,52,-1,52,65,62,-1,52,62,53,-1,53,62,61,-1,59,60,64,-1,64,60,65,-1,66,67,68,-1,68,67,69,-1,68,69,70,-1,66,71,67,-1,67,71,72,-1,67,72,73,-1,73,72,74,-1,72,71,75,-1,75,71,76,-1,75,76,77,-1,78,79,69,-1,69,79,75,-1,69,75,70,-1,70,75,77,-1,73,74,78,-1,78,74,79,-1,80,81,82,-1,82,81,83,-1,82,83,84,-1,84,83,85,-1,82,84,86,-1,86,84,87,-1,86,87,88,-1,88,89,86,-1,86,89,90,-1,86,90,91,-1,91,90,92,-1,85,83,93,-1,93,83,90,-1,93,90,89,-1,91,92,80,-1,80,92,81,-1,94,95,96,-1,96,95,97,-1,96,97,98,-1,98,97,99,-1,96,98,100,-1,100,98,101,-1,100,101,102,-1,102,103,100,-1,100,103,104,-1,100,104,105,-1,105,104,106,-1,99,97,107,-1,107,97,104,-1,107,104,103,-1,105,106,94,-1,94,106,95,-1,108,109,110,-1,110,109,111,-1,110,111,112,-1,112,111,113,-1,110,112,114,-1,114,112,115,-1,114,115,116,-1,116,117,114,-1,114,117,118,-1,114,118,119,-1,119,118,120,-1,113,111,121,-1,121,111,118,-1,121,118,117,-1,119,120,108,-1,108,120,109,-1,114,119,110,-1,110,119,108,-1,111,109,118,-1,118,109,120,-1,67,73,69,-1,69,73,78,-1,75,79,72,-1,72,79,74,-1,100,105,96,-1,96,105,94,-1,97,95,104,-1,104,95,106,-1,32,35,29,-1,29,35,31,-1,28,30,36,-1,36,30,34,-1,13,19,15,-1,15,19,24,-1,21,25,18,-1,18,25,20,-1,48,50,45,-1,45,50,43,-1,2,6,0,-1,0,6,10,-1,8,11,5,-1,5,11,7,-1,40,44,38,-1,38,44,51,-1,86,91,82,-1,82,91,80,-1,83,81,90,-1,90,81,92,-1,54,59,52,-1,52,59,64,-1,62,65,58,-1,58,65,60,-1,
        ]
    }
}
Shape{
    appearance Appearance {
        material  Material 	{
            diffuseColor 1.0 1.0 1.0
            specularColor 0.8784313725490196 0.8784313725490196 0.8784313725490196
            ambientIntensity 1.0
            transparency 0.0
            shininess 0.5
        }
    }
    geometry IndexedFaceSet {
        ccw TRUE
        solid FALSE
        coord DEF co Coordinate {
            point [
                0.3933 -1.7994 0.063, 0.3933 -1.7994 0.0591, 0.4133 -1.7442 0.063, 0.4133 -1.7442 0.0591, 0.312 -1.7994 0.063, 0.312 -1.7994 0.0591, 0.2932 -1.7442 0.063, 0.2932 -1.7442 0.0591, 0.2644 -1.7442 0.063, 0.2644 -1.7442 0.0591, 0.3388 -1.941 0.063, 0.3388 -1.941 0.0591, 0.3653 -1.941 0.063, 0.3653 -1.941 0.0591, 0.4421 -1.7442 0.063, 0.4421 -1.7442 0.0591, 0.3187 -1.821 0.063, 0.3845 -1.821 0.063, 0.348 -1.9032 0.063, 0.3499 -1.91 0.063, 0.3512 -1.917 0.063, 0.3518 -1.917 0.063, 0.3531 -1.9101 0.063, 0.3549 -1.9032 0.063, 0.3518 -1.917 0.0591, 0.3531 -1.9101 0.0591, 0.3549 -1.9032 0.0591, 0.3512 -1.917 0.0591, 0.348 -1.9032 0.0591, 0.3499 -1.91 0.0591, 0.3187 -1.821 0.0591, 0.3845 -1.821 0.0591, 0.1471 -1.941 0.063, 0.1471 -1.941 0.0591, 0.0916 -1.941 0.063, 0.0916 -1.941 0.0591, 0.25 -1.8451 0.063, 0.25 -1.8451 0.0591, 0.2496 -1.8548 0.0591, 0.2496 -1.8548 0.063, 0.2459 -1.8756 0.0591, 0.2459 -1.8756 0.063, 0.2376 -1.8947 0.0591, 0.2376 -1.8947 0.063, 0.2258 -1.9101 0.0591, 0.2258 -1.9101 0.063, 0.2181 -1.9172 0.0591, 0.2181 -1.9172 0.063, 0.1986 -1.9299 0.0591, 0.1986 -1.9299 0.063, 0.1756 -1.938 0.0591, 0.1756 -1.938 0.063, 0.1451 -1.7442 0.063, 0.1451 -1.7442 0.0591, 0.1701 -1.7464 0.0591, 0.1701 -1.7464 0.063, 0.1927 -1.7533 0.0591, 0.1927 -1.7533 0.063, 0.2131 -1.7653 0.0591, 0.2131 -1.7653 0.063, 0.2292 -1.7809 0.0591, 0.2292 -1.7809 0.063, 0.2402 -1.7982 0.0591, 0.2402 -1.7982 0.063, 0.2473 -1.8187 0.0591, 0.2473 -1.8187 0.063, 0.0916 -1.7442 0.063, 0.0916 -1.7442 0.0591, 0.2236 -1.8445 0.063, 0.2219 -1.8641 0.063, 0.2173 -1.8797 0.063, 0.2106 -1.8917 0.063, 0.2011 -1.9019 0.063, 0.1867 -1.9112 0.063, 0.1705 -1.9169 0.063, 0.147 -1.9194 0.063, 0.118 -1.9194 0.063, 0.118 -1.7658 0.063, 0.1459 -1.7658 0.063, 0.1667 -1.7677 0.063, 0.1833 -1.7729 0.063, 0.1966 -1.7808 0.063, 0.2077 -1.7917 0.063, 0.216 -1.8052 0.063, 0.2212 -1.8208 0.063, 0.1459 -1.7658 0.0591, 0.118 -1.7658 0.0591, 0.2236 -1.8445 0.0591, 0.2212 -1.8208 0.0591, 0.216 -1.8052 0.0591, 0.2077 -1.7917 0.0591, 0.1966 -1.7808 0.0591, 0.1833 -1.7729 0.0591, 0.1667 -1.7677 0.0591, 0.147 -1.9194 0.0591, 0.1705 -1.9169 0.0591, 0.1867 -1.9112 0.0591, 0.2011 -1.9019 0.0591, 0.2106 -1.8917 0.0591, 0.2173 -1.8797 0.0591, 0.2219 -1.8641 0.0591, 0.118 -1.9194 0.0591, -0.0525 -1.941 0.063, -0.0525 -1.941 0.0591, -0.0525 -1.7442 0.063, -0.0525 -1.7442 0.0591, 0.0484 -1.941 0.063, 0.0484 -1.941 0.0591, 0.0484 -1.9194 0.063, 0.0484 -1.9194 0.0591, -0.026 -1.9194 0.063, -0.026 -1.9194 0.0591, -0.026 -1.8546 0.063, -0.026 -1.8546 0.0591, 0.0436 -1.8546 0.063, 0.0436 -1.8546 0.0591, 0.0436 -1.833 0.063, 0.0436 -1.833 0.0591, -0.026 -1.833 0.063, -0.026 -1.833 0.0591, -0.026 -1.7658 0.063, -0.026 -1.7658 0.0591, 0.0532 -1.7658 0.063, 0.0532 -1.7658 0.0591, 0.0532 -1.7442 0.063, 0.0532 -1.7442 0.0591, -0.2373 -1.8389 0.063, -0.2373 -1.8389 0.0591, -0.2354 -1.8159 0.0591, -0.2354 -1.8159 0.063, -0.2293 -1.7948 0.0591, -0.2293 -1.7948 0.063, -0.2188 -1.7763 0.0591, -0.2188 -1.7763 0.063, -0.2043 -1.7611 0.0591, -0.2043 -1.7611 0.063, -0.1884 -1.7508 0.0591, -0.1884 -1.7508 0.063, -0.1692 -1.7443 0.0591, -0.1692 -1.7443 0.063, -0.145 -1.7418 0.0591, -0.145 -1.7418 0.063, -0.1372 -1.9434 0.063, -0.1372 -1.9434 0.0591, -0.158 -1.9416 0.063, -0.1511 -1.9422 0.0591, -0.158 -1.9416 0.0591, -0.1796 -1.9351 0.0591, -0.1796 -1.9351 0.063, -0.198 -1.9244 0.0591, -0.198 -1.9244 0.063, -0.2151 -1.9079 0.0591, -0.2151 -1.9079 0.063, -0.2269 -1.8893 0.0591, -0.2269 -1.8893 0.063, -0.2345 -1.8668 0.0591, -0.2345 -1.8668 0.063, -0.1198 -1.9422 0.0591, -0.1136 -1.9418 0.063, -0.1136 -1.9418 0.0591, -0.0909 -1.9356 0.063, -0.0909 -1.9356 0.0591, -0.0909 -1.9092 0.063, -0.0909 -1.9092 0.0591, -0.137 -1.9218 0.063, -0.137 -1.9218 0.0591, -0.113 -1.9187 0.0591, -0.113 -1.9187 0.063, -0.2109 -1.8405 0.063, -0.2109 -1.8405 0.0591, -0.21 -1.8553 0.0591, -0.21 -1.8553 0.063, -0.2048 -1.8766 0.0591, -0.2048 -1.8766 0.063, -0.1968 -1.8918 0.0591, -0.1968 -1.8918 0.063, -0.1849 -1.905 0.0591, -0.1849 -1.905 0.063, -0.171 -1.9143 0.0591, -0.171 -1.9143 0.063, -0.1563 -1.9196 0.0591, -0.1563 -1.9196 0.063, -0.1414 -1.7634 0.063, -0.1414 -1.7634 0.0591, -0.1597 -1.7654 0.0591, -0.1597 -1.7654 0.063, -0.1741 -1.7707 0.0591, -0.1741 -1.7707 0.063, -0.1862 -1.7789 0.0591, -0.1862 -1.7789 0.063, -0.1954 -1.7886 0.0591, -0.1954 -1.7886 0.063, -0.2036 -1.8023 0.0591, -0.2036 -1.8023 0.063, -0.2089 -1.8192 0.0591, -0.2089 -1.8192 0.063, -0.0909 -1.776 0.063, -0.0909 -1.776 0.0591, -0.0944 -1.774 0.0591, -0.0944 -1.774 0.063, -0.1153 -1.7663 0.0591, -0.1153 -1.7663 0.063, -0.0909 -1.7544 0.063, -0.0909 -1.7544 0.0591, -0.1396 -1.7419 0.0591, -0.1396 -1.7419 0.063, -0.1118 -1.7458 0.0591, -0.1118 -1.7458 0.063, -0.3549 -1.941 0.063, -0.3549 -1.941 0.0591, -0.3549 -1.7442 0.063, -0.3549 -1.7442 0.0591, -0.3285 -1.941 0.063, -0.3285 -1.941 0.0591, -0.3285 -1.7658 0.063, -0.3285 -1.7658 0.0591, -0.2541 -1.7658 0.063, -0.2541 -1.7658 0.0591, -0.2541 -1.7442 0.063, -0.2541 -1.7442 0.0591
            ]
        }
        coordIndex [
            0,1,2,-1,2,1,3,-1,4,5,0,-1,0,5,1,-1,6,7,4,-1,4,7,5,-1,8,9,6,-1,6,9,7,-1,10,11,8,-1,8,11,9,-1,12,13,10,-1,10,13,11,-1,14,15,12,-1,12,15,13,-1,14,2,15,-1,15,2,3,-1,16,4,17,-1,17,4,0,-1,18,10,16,-1,16,10,8,-1,16,8,4,-1,4,8,6,-1,18,19,10,-1,10,19,20,-1,10,20,12,-1,12,20,21,-1,12,21,22,-1,22,23,12,-1,12,23,17,-1,12,17,14,-1,14,17,0,-1,14,0,2,-1,21,24,25,-1,21,25,22,-1,22,25,26,-1,22,26,23,-1,20,27,21,-1,21,27,24,-1,18,28,29,-1,18,29,19,-1,19,29,27,-1,19,27,20,-1,16,30,18,-1,18,30,28,-1,17,31,16,-1,16,31,30,-1,26,31,23,-1,23,31,17,-1,32,33,34,-1,34,33,35,-1,36,37,38,-1,36,38,39,-1,39,38,40,-1,39,40,41,-1,41,40,42,-1,41,42,43,-1,43,42,44,-1,43,44,45,-1,45,44,46,-1,45,46,47,-1,47,46,48,-1,47,48,49,-1,49,48,50,-1,49,50,51,-1,51,50,33,-1,51,33,32,-1,52,53,54,-1,52,54,55,-1,55,54,56,-1,55,56,57,-1,57,56,58,-1,57,58,59,-1,59,58,60,-1,59,60,61,-1,61,60,62,-1,61,62,63,-1,63,62,64,-1,63,64,65,-1,65,64,37,-1,65,37,36,-1,66,67,52,-1,52,67,53,-1,66,34,67,-1,67,34,35,-1,65,36,68,-1,68,36,39,-1,68,39,69,-1,69,39,41,-1,69,41,70,-1,70,41,43,-1,70,43,71,-1,71,43,45,-1,71,45,72,-1,72,45,47,-1,72,47,73,-1,73,47,49,-1,73,49,74,-1,74,49,51,-1,74,51,75,-1,75,51,32,-1,75,32,76,-1,76,32,34,-1,76,34,77,-1,77,34,66,-1,77,66,78,-1,78,66,52,-1,78,52,79,-1,79,52,55,-1,79,55,80,-1,80,55,57,-1,80,57,81,-1,81,57,59,-1,81,59,82,-1,82,59,61,-1,82,61,83,-1,83,61,63,-1,83,63,84,-1,84,63,65,-1,84,65,68,-1,78,85,77,-1,77,85,86,-1,68,87,88,-1,68,88,84,-1,84,88,89,-1,84,89,83,-1,83,89,90,-1,83,90,82,-1,82,90,91,-1,82,91,81,-1,81,91,92,-1,81,92,80,-1,80,92,93,-1,80,93,79,-1,79,93,85,-1,79,85,78,-1,75,94,95,-1,75,95,74,-1,74,95,96,-1,74,96,73,-1,73,96,97,-1,73,97,72,-1,72,97,98,-1,72,98,71,-1,71,98,99,-1,71,99,70,-1,70,99,100,-1,70,100,69,-1,69,100,87,-1,69,87,68,-1,76,101,75,-1,75,101,94,-1,86,101,77,-1,77,101,76,-1,102,103,104,-1,104,103,105,-1,106,107,102,-1,102,107,103,-1,108,109,106,-1,106,109,107,-1,110,111,108,-1,108,111,109,-1,112,113,110,-1,110,113,111,-1,114,115,112,-1,112,115,113,-1,116,117,114,-1,114,117,115,-1,118,119,116,-1,116,119,117,-1,120,121,118,-1,118,121,119,-1,122,123,120,-1,120,123,121,-1,124,125,122,-1,122,125,123,-1,124,104,125,-1,125,104,105,-1,104,124,122,-1,122,120,104,-1,104,120,118,-1,104,118,102,-1,108,106,110,-1,110,106,102,-1,110,102,112,-1,112,102,118,-1,112,118,114,-1,114,118,116,-1,126,127,128,-1,126,128,129,-1,129,128,130,-1,129,130,131,-1,131,130,132,-1,131,132,133,-1,133,132,134,-1,133,134,135,-1,135,134,136,-1,135,136,137,-1,137,136,138,-1,137,138,139,-1,139,138,140,-1,139,140,141,-1,142,143,144,-1,144,143,145,-1,145,146,144,-1,144,146,147,-1,144,147,148,-1,148,147,149,-1,148,149,150,-1,150,149,151,-1,150,151,152,-1,152,151,153,-1,152,153,154,-1,154,153,155,-1,154,155,156,-1,156,155,127,-1,156,127,126,-1,143,142,157,-1,157,142,158,-1,157,158,159,-1,159,158,160,-1,159,160,161,-1,162,163,160,-1,160,163,161,-1,164,165,166,-1,164,166,167,-1,167,166,163,-1,167,163,162,-1,168,169,170,-1,168,170,171,-1,171,170,172,-1,171,172,173,-1,173,172,174,-1,173,174,175,-1,175,174,176,-1,175,176,177,-1,177,176,178,-1,177,178,179,-1,179,178,180,-1,179,180,181,-1,181,180,165,-1,181,165,164,-1,182,183,184,-1,182,184,185,-1,185,184,186,-1,185,186,187,-1,187,186,188,-1,187,188,189,-1,189,188,190,-1,189,190,191,-1,191,190,192,-1,191,192,193,-1,193,192,194,-1,193,194,195,-1,195,194,169,-1,195,169,168,-1,196,197,198,-1,196,198,199,-1,199,198,200,-1,199,200,201,-1,201,200,183,-1,201,183,182,-1,202,203,196,-1,196,203,197,-1,141,140,204,-1,141,204,205,-1,205,204,206,-1,205,206,207,-1,207,206,203,-1,207,203,202,-1,185,141,182,-1,182,141,205,-1,182,205,201,-1,201,205,207,-1,201,207,199,-1,199,207,202,-1,199,202,196,-1,162,160,167,-1,167,160,158,-1,167,158,164,-1,164,158,142,-1,164,142,181,-1,181,142,144,-1,181,144,179,-1,179,144,148,-1,179,148,177,-1,177,148,150,-1,177,150,175,-1,175,150,152,-1,175,152,173,-1,173,152,154,-1,173,154,171,-1,171,154,156,-1,171,156,168,-1,168,156,126,-1,168,126,195,-1,195,126,129,-1,195,129,193,-1,193,129,131,-1,193,131,191,-1,191,131,133,-1,191,133,189,-1,189,133,135,-1,189,135,187,-1,187,135,137,-1,187,137,185,-1,185,137,139,-1,185,139,141,-1,208,209,210,-1,210,209,211,-1,212,213,208,-1,208,213,209,-1,214,215,212,-1,212,215,213,-1,216,217,214,-1,214,217,215,-1,218,219,216,-1,216,219,217,-1,218,210,219,-1,219,210,211,-1,212,208,214,-1,214,208,210,-1,214,210,216,-1,216,210,218,-1,
        ]
    }
}
Shape{
    appearance Appearance {
        material  Material 	{
            diffuseColor 0.0 0.5882352941176471 0.9803921568627451
            specularColor 0.0 0.17647058823529413 0.29411764705882354
            ambientIntensity 0.4571
            transparency 0.0
            shininess 0.5
        }
    }
    geometry IndexedFaceSet {
        ccw TRUE
        solid FALSE
        coord DEF co Coordinate {
            point [
                0.3187 -1.821 0.0591, 0.3845 -1.821 0.0591, 0.348 -1.9032 0.0591, 0.3549 -1.9032 0.0591, 0.3499 -1.91 0.0591, 0.3531 -1.9101 0.0591, 0.3512 -1.917 0.0591, 0.3518 -1.917 0.0591, 0.118 -1.9194 0.0591, 0.118 -1.7658 0.0591, 0.147 -1.9194 0.0591, 0.1459 -1.7658 0.0591, 0.2212 -1.8208 0.0591, 0.2236 -1.8445 0.0591, 0.2219 -1.8641 0.0591, 0.2173 -1.8797 0.0591, 0.1705 -1.9169 0.0591, 0.1667 -1.7677 0.0591, 0.1833 -1.7729 0.0591, 0.1966 -1.7808 0.0591, 0.2106 -1.8917 0.0591, 0.2011 -1.9019 0.0591, 0.1867 -1.9112 0.0591, 0.2077 -1.7917 0.0591, 0.216 -1.8052 0.0591
            ]
        }
        coordIndex [
            0,1,2,-1,2,1,3,-1,2,3,4,-1,4,3,5,-1,4,5,6,-1,6,5,7,-1,8,9,10,-1,10,9,11,-1,12,13,10,-1,13,14,10,-1,10,14,15,-1,10,15,16,-1,11,17,10,-1,10,17,18,-1,10,18,19,-1,20,21,15,-1,15,21,22,-1,15,22,16,-1,19,23,10,-1,10,23,24,-1,10,24,12,-1,
        ]
    }
}
Shape{
    appearance Appearance {
        material  Material 	{
            diffuseColor 0.7764705882352941 0.7568627450980392 0.7372549019607844
            specularColor 0.38823529411764707 0.3764705882352941 0.3686274509803922
            ambientIntensity 0.7605
            transparency 0.0
            shininess 0.5
        }
    }
    geometry IndexedFaceSet {
        ccw TRUE
        solid FALSE
        coord DEF co Coordinate {
            point [
                2.3031 -5.3367 5.0276, 2.3031 -5.3367 5.0669, 1.378 -5.3367 5.0276, 1.378 -5.3367 5.0669, -2.3622 -5.317 0.1969, -2.3622 -2.0493 0.1969, -2.3607 -2.0493 0.1837, -2.3607 -5.317 0.1837, -2.3564 -2.0493 0.1712, -2.3564 -5.317 0.1712, -2.3493 -2.0493 0.16, -2.3493 -5.317 0.16, -2.34 -2.0493 0.1507, -2.34 -5.317 0.1507, -2.3288 -2.0493 0.1436, -2.3288 -5.317 0.1436, -2.3163 -2.0493 0.1393, -2.3163 -5.317 0.1393, -2.3031 -2.0493 0.1378, -2.3031 -5.317 0.1378, 2.3622 -2.0493 0.1969, 2.3622 -5.317 0.1969, 2.3602 -5.317 0.1816, 2.3602 -2.0493 0.1816, 2.3543 -5.317 0.1673, 2.3543 -2.0493 0.1673, 2.3449 -5.317 0.1551, 2.3449 -2.0493 0.1551, 2.3327 -5.317 0.1457, 2.3327 -2.0493 0.1457, 2.3184 -5.317 0.1398, 2.3184 -2.0493 0.1398, 2.3031 -5.317 0.1378, 2.3031 -2.0493 0.1378, -2.3031 -5.317 0.1772, -2.3031 -2.0493 0.1772, -2.3075 -5.317 0.1777, -2.3075 -2.0493 0.1777, -2.3117 -5.317 0.1791, -2.3117 -2.0493 0.1791, -2.3154 -5.317 0.1815, -2.3154 -2.0493 0.1815, -2.3185 -5.317 0.1846, -2.3185 -2.0493 0.1846, -2.3209 -5.317 0.1883, -2.3209 -2.0493 0.1883, -2.3223 -5.317 0.1925, -2.3223 -2.0493 0.1925, -2.3228 -5.317 0.1969, -2.3228 -2.0493 0.1969, 2.3031 -2.0493 0.1772, 2.3031 -5.317 0.1772, 2.3082 -2.0493 0.1778, 2.3082 -5.317 0.1778, 2.313 -2.0493 0.1798, 2.313 -5.317 0.1798, 2.3171 -2.0493 0.1829, 2.3171 -5.317 0.1829, 2.3202 -2.0493 0.187, 2.3202 -5.317 0.187, 2.3222 -2.0493 0.1918, 2.3222 -5.317 0.1918, 2.3228 -2.0493 0.1969, 2.3228 -5.317 0.1969, -0.0039 -5.317 0.1378, -1.6575 -5.317 0.1378, -0.0039 -2.0493 0.1378, -1.6575 -5.2973 0.1378, -1.6772 -5.2973 0.1378, -1.6772 -5.3367 0.1378, -2.3031 -5.3367 0.1378, -2.3031 -5.3367 0.1772, -1.6772 -5.3367 0.1772, -1.6772 -5.2973 0.1772, -1.6575 -5.317 0.1772, -0.0039 -5.317 0.1772, -1.6575 -5.2973 0.1772, -0.0039 -2.0493 0.1772, -2.3622 -1.9312 0.1969, -2.3622 1.8483 0.1969, -2.3614 1.8483 0.1869, -2.3614 -1.9312 0.1869, -2.3588 1.8483 0.1772, -2.3588 -1.9312 0.1772, 1.6575 -5.317 0.1378, 0.0039 -5.317 0.1378, 1.6575 -5.2973 0.1378, 0.0039 -2.0493 0.1378, 1.6772 -5.2973 0.1378, 2.3031 -5.3367 0.1378, 1.6772 -5.3367 0.1378, 0.0039 -5.317 0.1772, 1.6575 -5.317 0.1772, 0.0039 -2.0493 0.1772, 1.6575 -5.2973 0.1772, 1.6772 -5.2973 0.1772, 1.6772 -5.3367 0.1772, 2.3031 -5.3367 0.1772, 2.3622 1.8483 0.1969, 2.3622 -1.9312 0.1969, 2.3614 -1.9312 0.1869, 2.3614 1.8483 0.1869, 2.3588 -1.9312 0.1772, 2.3588 1.8483 0.1772, -2.3228 1.8483 0.1969, -2.3607 1.8483 0.1837, -2.3223 1.8483 0.1925, -2.3209 1.8483 0.1883, -2.3185 1.8483 0.1846, -2.3154 1.8483 0.1815, -2.3117 1.8483 0.1791, -2.3075 1.8483 0.1777, -2.3031 1.8483 0.1772, 2.3031 1.8483 0.1772, 2.3075 1.8483 0.1777, 2.3117 1.8483 0.1791, 2.3154 1.8483 0.1815, 2.3228 1.8483 0.1969, 2.3223 1.8483 0.1925, 2.3602 1.8483 0.1816, 2.3209 1.8483 0.1883, 2.3185 1.8483 0.1846, -1.9685 1.8287 5.0669, -1.6535 1.8287 5.0669, -1.6535 1.8439 5.0649, -1.9685 1.8439 5.0649, -1.6535 1.8582 5.059, -1.9685 1.8582 5.059, -1.6535 1.8704 5.0496, -1.9685 1.8704 5.0496, -1.6535 1.8798 5.0374, -1.9685 1.8798 5.0374, -1.6535 1.8857 5.0232, -1.9685 1.8857 5.0232, -1.6535 1.8877 5.0079, -1.9685 1.8877 5.0079, -0.1575 1.8287 5.0669, 0.1575 1.8287 5.0669, 0.1575 1.8439 5.0649, -0.1575 1.8439 5.0649, 0.1575 1.8582 5.059, -0.1575 1.8582 5.059, 0.1575 1.8704 5.0496, -0.1575 1.8704 5.0496, 0.1575 1.8798 5.0374, -0.1575 1.8798 5.0374, 0.1575 1.8857 5.0232, -0.1575 1.8857 5.0232, 0.1575 1.8877 5.0079, -0.1575 1.8877 5.0079, -1.9685 1.8483 5.0079, -1.6535 1.8483 5.0079, -1.9685 1.8477 5.013, -1.6535 1.8477 5.013, -1.9685 1.8457 5.0177, -1.6535 1.8457 5.0177, -1.9685 1.8426 5.0218, -1.6535 1.8426 5.0218, -1.9685 1.8385 5.0249, -1.6535 1.8385 5.0249, -1.9685 1.8338 5.0269, -1.6535 1.8338 5.0269, -1.9685 1.8287 5.0276, -1.6535 1.8287 5.0276, -0.1575 1.8483 5.0079, 0.1575 1.8483 5.0079, -0.1575 1.8477 5.013, 0.1575 1.8477 5.013, -0.1575 1.8457 5.0177, 0.1575 1.8457 5.0177, -0.1575 1.8426 5.0218, 0.1575 1.8426 5.0218, -0.1575 1.8385 5.0249, 0.1575 1.8385 5.0249, -0.1575 1.8338 5.0269, 0.1575 1.8338 5.0269, -0.1575 1.8287 5.0276, 0.1575 1.8287 5.0276, 2.3622 1.6318 3.8086, 2.3622 1.6271 3.8067, 2.3622 0.7458 2.8392, 2.3622 0.7458 2.0518, 2.3622 1.0905 1.3808, 2.3622 1.6359 0.6976, 2.3622 1.6318 0.6945, 2.3622 1.6271 0.6925, 2.3622 1.622 0.6918, 2.3622 1.0948 0.6992, 2.3622 1.0924 0.703, 2.3622 0.0962 2.0518, 2.3622 1.091 0.7071, 2.3622 1.0905 0.7115, 2.3622 1.1102 0.6918, 2.3622 1.1058 0.6923, 2.3622 1.1016 0.6938, 2.3622 1.0979 0.6961, 2.3622 0.0809 2.0538, 2.3622 0.0391 2.0955, 2.3622 -5.317 5.0079, 2.3622 0.0371 2.1108, 2.3622 0.0371 2.7801, 2.3622 0.0391 2.7954, 2.3622 0.045 2.8097, 2.3622 1.6417 0.7115, 2.3622 1.641 0.7064, 2.3622 1.639 0.7017, 2.3622 1.641 3.8206, 2.3622 1.639 3.8158, 2.3622 1.6359 3.8118, 2.3622 1.6374 1.3931, 2.3622 1.6397 1.3893, 2.3622 1.6412 1.3852, 2.3622 1.6417 1.3808, 2.3622 -2.0493 0.276, 2.3622 -2.0473 0.2912, 2.3622 -2.0414 0.3053, 2.3622 -1.939 0.3053, 2.3622 -1.9332 0.2912, 2.3622 0.0544 2.0691, 2.3622 1.0924 4.5035, 2.3622 1.0948 4.5072, 2.3622 1.1102 3.806, 2.3622 1.1058 3.8065, 2.3622 1.1016 3.8079, 2.3622 0.0962 2.8392, 2.3622 1.0979 3.8103, 2.3622 0.0809 2.8372, 2.3622 1.0948 3.8134, 2.3622 1.0924 3.8171, 2.3622 1.091 3.8213, 2.3622 1.0905 3.8257, 2.3622 1.0905 4.495, 2.3622 1.6264 1.4, 2.3622 1.6305 1.3985, 2.3622 1.6342 1.3962, 2.3622 -1.9906 0.3346, 2.3622 -1.9898 0.3346, 2.3622 -1.9747 0.3326, 2.3622 -1.9605 0.3268, 2.3622 -1.9484 0.3175, 2.3622 0.0667 2.0597, 2.3622 -1.9312 0.276, 2.3622 1.091 1.3852, 2.3622 1.622 3.806, 2.3622 1.0948 1.3931, 2.3622 1.0979 1.3962, 2.3622 1.1016 1.3985, 2.3622 1.1058 1.4, 2.3622 -2.0321 0.3175, 2.3622 -2.02 0.3268, 2.3622 -2.0058 0.3326, 2.3622 1.091 4.4994, 2.3622 0.0667 2.8313, 2.3622 0.0544 2.8219, 2.3622 1.0924 1.3893, 2.3622 1.1102 1.4005, 2.3622 1.622 1.4005, 2.3622 0.045 2.0813, 2.3622 1.6305 4.5127, 2.3622 1.8483 5.0079, 2.3622 1.6264 4.5142, 2.3622 1.6909 5.0079, 2.3622 1.622 4.5147, 2.3622 1.1102 4.5147, 2.3622 1.6342 4.5104, 2.3622 1.6374 4.5072, 2.3622 1.6397 4.5035, 2.3622 1.0979 4.5104, 2.3622 1.1016 4.5127, 2.3622 1.1058 4.5142, 2.3622 1.6412 4.4994, 2.3622 1.6417 4.495, 2.3622 1.6417 3.8257, -2.3622 1.622 4.5147, -2.3622 1.1102 4.5147, -2.3622 1.6909 5.0079, -2.3622 1.1058 4.5142, -2.3622 -5.317 5.0079, -2.3622 1.1016 4.5127, -2.3622 1.0979 4.5104, -2.3622 1.0948 4.5072, -2.3622 1.0924 4.5035, -2.3622 1.6359 3.8118, -2.3622 1.6318 3.8086, -2.3622 1.6271 3.8067, -2.3622 1.091 4.4994, -2.3622 0.7458 2.8392, -2.3622 0.0962 2.8392, -2.3622 0.0371 2.1108, -2.3622 0.0391 2.0955, -2.3622 -2.0493 0.276, -2.3622 1.6417 4.495, -2.3622 1.6412 4.4994, -2.3622 1.8483 5.0079, -2.3622 1.6397 4.5035, -2.3622 1.6374 4.5072, -2.3622 0.0809 2.8372, -2.3622 0.0667 2.8313, -2.3622 0.0544 2.8219, -2.3622 0.045 2.8097, -2.3622 0.0391 2.7954, -2.3622 0.0371 2.7801, -2.3622 1.639 3.8158, -2.3622 1.641 3.8206, -2.3622 1.6417 3.8257, -2.3622 1.6342 4.5104, -2.3622 1.6305 4.5127, -2.3622 1.6264 4.5142, -2.3622 1.1102 1.4005, -2.3622 0.7458 2.0518, -2.3622 1.1058 1.4, -2.3622 1.6374 0.6992, -2.3622 1.6397 0.703, -2.3622 1.6412 0.7071, -2.3622 1.6397 1.3893, -2.3622 1.1016 3.8079, -2.3622 1.1058 3.8065, -2.3622 -2.0321 0.3175, -2.3622 -2.0414 0.3053, -2.3622 -2.0473 0.2912, -2.3622 1.6264 0.6923, -2.3622 1.6305 0.6938, -2.3622 1.6342 0.6961, -2.3622 1.6417 0.7115, -2.3622 1.6417 1.3808, -2.3622 1.6412 1.3852, -2.3622 1.0979 3.8103, -2.3622 1.6264 1.4, -2.3622 1.091 3.8213, -2.3622 1.6305 1.3985, -2.3622 1.6342 1.3962, -2.3622 1.1102 3.806, -2.3622 1.622 3.806, -2.3622 0.0667 2.0597, -2.3622 0.0544 2.0691, -2.3622 -1.9312 0.276, -2.3622 0.0809 2.0538, -2.3622 1.091 1.3852, -2.3622 1.0905 1.3808, -2.3622 1.0905 0.7115, -2.3622 1.091 0.7071, -2.3622 1.0924 0.703, -2.3622 1.6374 1.3931, -2.3622 1.0924 3.8171, -2.3622 1.0948 3.8134, -2.3622 1.0905 4.495, -2.3622 1.0905 3.8257, -2.3622 1.622 1.4005, -2.3622 1.0948 0.6992, -2.3622 1.0979 0.6961, -2.3622 1.1016 0.6938, -2.3622 1.1058 0.6923, -2.3622 1.1102 0.6918, -2.3622 1.622 0.6918, -2.3622 -1.9332 0.2912, -2.3622 -1.939 0.3053, -2.3622 0.045 2.0813, -2.3622 -1.9484 0.3175, -2.3622 -1.9605 0.3268, -2.3622 -1.9747 0.3326, -2.3622 -2.0058 0.3326, -2.3622 -2.02 0.3268, -2.3622 1.1016 1.3985, -2.3622 1.0979 1.3962, -2.3622 0.0962 2.0518, -2.3622 1.0948 1.3931, -2.3622 1.0924 1.3893, -2.3622 -1.9898 0.3346, -2.3622 -1.9906 0.3346, 2.3228 1.6909 5.0079, 2.3228 1.8483 5.0079, 2.3031 1.6909 5.0669, 2.3031 -5.317 5.0669, 2.3184 -5.317 5.0649, 2.3184 1.6909 5.0649, 2.3327 -5.317 5.059, 2.3327 1.6909 5.059, 2.3449 -5.317 5.0496, 2.3449 1.6909 5.0496, 2.3543 -5.317 5.0374, 2.3543 1.6909 5.0374, 2.3602 -5.317 5.0232, 2.3602 1.6909 5.0232, -2.3228 1.6909 5.0079, -2.3228 1.8483 5.0079, -2.3031 -5.317 5.0669, -2.3031 1.6909 5.0669, -2.3184 1.6909 5.0649, -2.3184 -5.317 5.0649, -2.3327 1.6909 5.059, -2.3327 -5.317 5.059, -2.3449 1.6909 5.0496, -2.3449 -5.317 5.0496, -2.3543 1.6909 5.0374, -2.3543 -5.317 5.0374, -2.3602 1.6909 5.0232, -2.3602 -5.317 5.0232, -1.9685 1.6909 5.0669, -1.3765 -5.2248 5.0669, -1.3721 -5.2124 5.0669, 0.1575 1.6909 5.0669, 1.6535 1.6909 5.0669, 1.9685 1.6909 5.0669, 1.6535 1.8287 5.0669, 1.9685 1.8287 5.0669, -2.3031 -5.3367 5.0669, -1.378 -5.3367 5.0669, -1.378 -5.2379 5.0669, -1.3447 -5.185 5.0669, -1.3559 -5.192 5.0669, -1.3652 -5.2013 5.0669, 1.2931 -5.185 5.0669, 1.3055 -5.1807 5.0669, 1.3323 -5.1807 5.0669, 1.3447 -5.185 5.0669, 1.3652 -5.2013 5.0669, 1.3721 -5.2124 5.0669, 1.378 -5.2379 5.0669, 1.3765 -5.2248 5.0669, -1.6535 1.6909 5.0669, 1.3559 -5.192 5.0669, -0.1575 1.6909 5.0669, 1.2657 -5.2124 5.0669, 1.2726 -5.2013 5.0669, -1.2613 -5.2248 5.0669, 1.3185 -5.1792 5.0669, 1.3193 -5.1792 5.0669, -1.3323 -5.1807 5.0669, -1.3193 -5.1792 5.0669, -1.3185 -5.1792 5.0669, -1.3055 -5.1807 5.0669, -1.2931 -5.185 5.0669, -1.2819 -5.192 5.0669, -1.2726 -5.2013 5.0669, -1.2657 -5.2124 5.0669, 1.2819 -5.192 5.0669, -1.2598 -5.3367 5.0669, 1.2598 -5.3367 5.0669, -1.2598 -5.2379 5.0669, 1.2598 -5.2379 5.0669, 1.2613 -5.2248 5.0669, -0.1575 1.6909 5.0276, -2.3031 -5.317 5.0276, 0.1575 1.6909 5.0276, 1.6535 1.6909 5.0276, 2.3031 -5.317 5.0276, 1.378 -5.2379 5.0276, -2.3031 1.6909 5.0276, -1.9685 1.6909 5.0276, -1.6535 1.6909 5.0276, 1.2657 -5.2124 5.0276, 1.2613 -5.2248 5.0276, -1.2931 -5.185 5.0276, -1.378 -5.3367 5.0276, -2.3031 -5.3367 5.0276, -1.378 -5.2379 5.0276, -1.3765 -5.2248 5.0276, 1.3765 -5.2248 5.0276, 1.3721 -5.2124 5.0276, 2.3031 1.6909 5.0276, 1.3652 -5.2013 5.0276, 1.3559 -5.192 5.0276, 1.3447 -5.185 5.0276, 1.9685 1.6909 5.0276, 1.3323 -5.1807 5.0276, 1.3193 -5.1792 5.0276, 1.6535 1.8287 5.0276, 1.9685 1.8287 5.0276, -1.3447 -5.185 5.0276, -1.3559 -5.192 5.0276, -1.3652 -5.2013 5.0276, -1.3721 -5.2124 5.0276, 1.3185 -5.1792 5.0276, 1.3055 -5.1807 5.0276, 1.2931 -5.185 5.0276, -1.3185 -5.1792 5.0276, -1.3193 -5.1792 5.0276, -1.3323 -5.1807 5.0276, 1.2819 -5.192 5.0276, 1.2726 -5.2013 5.0276, -1.2657 -5.2124 5.0276, -1.2726 -5.2013 5.0276, -1.2819 -5.192 5.0276, -1.3055 -5.1807 5.0276, 1.2598 -5.3367 5.0276, -1.2598 -5.3367 5.0276, 1.2598 -5.2379 5.0276, -1.2598 -5.2379 5.0276, -1.2613 -5.2248 5.0276, -1.8209 -5.3761 0.1969, -2.3031 -5.3761 0.1969, -1.8209 -5.3367 0.1969, -2.3031 -5.3367 0.1969, -1.9987 -5.3761 2.6154, -1.9783 -5.3761 2.6181, -1.7421 -5.3761 2.8716, -1.8209 -5.3761 2.6181, -1.7421 -5.3761 2.6969, -2.0465 -5.3761 2.5787, -1.378 -5.3761 5.0079, -2.3031 -5.3761 5.0079, -1.378 -5.3761 3.6626, -2.034 -5.3761 2.5951, -2.0177 -5.3761 2.6076, -2.0177 -5.3761 0.8964, -2.034 -5.3761 0.9089, -2.0465 -5.3761 0.9252, -2.0544 -5.3761 0.9442, -2.0571 -5.3761 0.9646, -2.0571 -5.3761 2.5394, -2.0544 -5.3761 2.5598, -1.7815 -5.3761 2.6287, -1.7652 -5.3761 2.6412, -1.7527 -5.3761 2.6575, -1.8005 -5.3761 2.6208, -1.7448 -5.3761 2.6765, -1.9783 -5.3761 0.8858, -1.9987 -5.3761 0.8885, -1.7867 -5.3761 0.2047, -1.7718 -5.3761 0.214, -1.7593 -5.3761 0.2265, -1.7499 -5.3761 0.2414, -1.8033 -5.3761 0.1988, -1.7441 -5.3761 0.2581, -1.7421 -5.3761 0.2756, -1.7421 -5.3761 0.8071, -1.8209 -5.3761 0.8858, -1.7448 -5.3761 0.8275, -1.7527 -5.3761 0.8465, -1.7652 -5.3761 0.8628, -1.7815 -5.3761 0.8753, -1.8005 -5.3761 0.8831, -1.7421 -5.3367 2.8716, -1.9987 -5.3367 2.6154, -2.0177 -5.3367 2.6076, -2.034 -5.3367 2.5951, -2.0465 -5.3367 2.5787, -2.3031 -5.3367 5.0079, -2.034 -5.3367 0.9089, -2.0465 -5.3367 0.9252, -2.0544 -5.3367 0.9442, -1.9783 -5.3367 2.6181, -1.7421 -5.3367 2.6969, -1.8209 -5.3367 2.6181, -2.0544 -5.3367 2.5598, -2.0571 -5.3367 2.5394, -2.0571 -5.3367 0.9646, -1.378 -5.3367 5.0079, -1.378 -5.3367 3.6626, -2.0177 -5.3367 0.8964, -1.9987 -5.3367 0.8885, -1.9783 -5.3367 0.8858, -1.7527 -5.3367 2.6575, -1.7652 -5.3367 2.6412, -1.7815 -5.3367 2.6287, -1.7448 -5.3367 2.6765, -1.8005 -5.3367 2.6208, -1.7448 -5.3367 0.8275, -1.7421 -5.3367 0.8071, -1.8209 -5.3367 0.8858, -1.7448 -5.3367 0.2552, -1.7527 -5.3367 0.2362, -1.7652 -5.3367 0.2199, -1.8005 -5.3367 0.1995, -1.7815 -5.3367 0.2074, -1.7815 -5.3367 0.8753, -1.7652 -5.3367 0.8628, -1.7527 -5.3367 0.8465, -1.7421 -5.3367 0.2756, -1.8005 -5.3367 0.8831, -2.3082 -5.317 5.0269, -2.313 -5.317 5.0249, -2.3171 -5.317 5.0218, -2.3202 -5.317 5.0177, -2.3222 -5.317 5.013, -2.3228 -5.317 5.0079, -2.3228 0.7458 2.8392, -2.3228 0.7458 2.0518, -2.3228 -1.9312 0.1969, -2.3228 0.0962 2.0518, -2.3228 0.0809 2.0538, -2.3228 0.0391 2.0955, -2.3228 0.0371 2.1108, -2.3228 0.0371 2.7801, -2.3228 0.0391 2.7954, -2.3228 0.045 2.8097, -2.3228 0.0544 2.8219, -2.3228 0.0667 2.8313, -2.3228 0.0809 2.8372, -2.3228 0.0962 2.8392, -2.3228 -2.0493 0.276, -2.3228 -2.0473 0.2912, -2.3228 -2.0414 0.3053, -2.3228 -1.9605 0.3268, -2.3228 -1.9484 0.3175, -2.3228 -1.939 0.3053, -2.3228 -1.9332 0.2912, -2.3228 0.0544 2.0691, -2.3228 0.0667 2.0597, -2.3228 -1.9312 0.276, -2.3228 -1.9906 0.3346, -2.3228 -1.9898 0.3346, -2.3228 -1.9747 0.3326, -2.3228 0.045 2.0813, -2.3228 -2.0321 0.3175, -2.3228 -2.02 0.3268, -2.3228 -2.0058 0.3326, 2.3075 -5.317 0.1777, 2.3117 -5.317 0.1791, 2.3154 -5.317 0.1815, 2.3223 -5.317 0.1925, 2.3209 -5.317 0.1883, 2.3185 -5.317 0.1846, 2.3228 -1.9312 0.1969, 2.3228 0.0809 2.0538, 2.3228 0.0371 2.1108, 2.3228 0.0391 2.0955, 2.3228 0.0962 2.0518, 2.3228 0.7458 2.0518, 2.3228 0.7458 2.8392, 2.3228 0.0962 2.8392, 2.3228 0.0809 2.8372, 2.3228 -5.317 5.0079, 2.3228 0.0667 2.8313, 2.3228 0.0544 2.8219, 2.3228 0.045 2.8097, 2.3228 0.0391 2.7954, 2.3228 0.0371 2.7801, 2.3228 -1.9312 0.276, 2.3228 0.0544 2.0691, 2.3228 0.0667 2.0597, 2.3228 -2.0321 0.3175, 2.3228 -2.0414 0.3053, 2.3228 -2.0473 0.2912, 2.3228 -2.0493 0.276, 2.3228 -1.9747 0.3326, 2.3228 -1.9898 0.3346, 2.3228 -1.9332 0.2912, 2.3228 -1.939 0.3053, 2.3228 0.045 2.0813, 2.3228 -1.9484 0.3175, 2.3228 -1.9605 0.3268, 2.3228 -1.9906 0.3346, 2.3228 -2.0058 0.3326, 2.3228 -2.02 0.3268, 2.3222 -5.317 5.013, 2.3202 -5.317 5.0177, 2.3171 -5.317 5.0218, 2.313 -5.317 5.0249, 2.3082 -5.317 5.0269, 2.3222 1.6909 5.013, 2.3202 1.6909 5.0177, 2.3171 1.6909 5.0218, 2.313 1.6909 5.0249, 2.3082 1.6909 5.0269, -2.3222 1.6909 5.013, -2.3202 1.6909 5.0177, -2.3171 1.6909 5.0218, -2.313 1.6909 5.0249, -2.3082 1.6909 5.0269, -2.3031 -1.9312 0.1772, -2.3075 -1.9312 0.1777, -2.3117 -1.9312 0.1791, -2.3154 -1.9312 0.1815, -2.3185 -1.9312 0.1846, -2.3209 -1.9312 0.1883, -2.3223 -1.9312 0.1925, 2.3031 -1.9312 0.1772, 2.3075 -1.9312 0.1777, 2.3117 -1.9312 0.1791, 2.3154 -1.9312 0.1815, 2.3185 -1.9312 0.1846, 2.3209 -1.9312 0.1883, 2.3223 -1.9312 0.1925, 2.3222 -5.3221 0.1969, 2.3602 -5.3323 0.1969, 2.3202 -5.3268 0.1969, 2.3543 -5.3465 0.1969, 2.3171 -5.3309 0.1969, 2.3449 -5.3588 0.1969, 2.313 -5.3341 0.1969, 2.3327 -5.3681 0.1969, 2.3082 -5.336 0.1969, 2.3184 -5.374 0.1969, 2.3031 -5.3367 0.1969, 2.3031 -5.3761 0.1969, 2.3031 -5.3367 5.0079, 2.3031 -5.3761 5.0079, 2.3082 -5.336 5.0079, 2.3184 -5.374 5.0079, 2.313 -5.3341 5.0079, 2.3327 -5.3681 5.0079, 2.3171 -5.3309 5.0079, 2.3449 -5.3588 5.0079, 2.3202 -5.3268 5.0079, 2.3543 -5.3465 5.0079, 2.3222 -5.3221 5.0079, 2.3602 -5.3323 5.0079, 1.378 -5.3367 5.0079, 1.378 -5.3761 5.0079, 1.8209 -5.3367 0.1969, 1.8209 -5.3761 0.1969, 2.034 -5.3761 2.5951, 2.0465 -5.3761 2.5787, 1.7421 -5.3761 2.8716, 1.9987 -5.3761 2.6154, 2.0177 -5.3761 2.6076, 1.9783 -5.3761 2.6181, 1.7421 -5.3761 2.6969, 1.8209 -5.3761 2.6181, 2.0544 -5.3761 2.5598, 2.0571 -5.3761 2.5394, 2.0571 -5.3761 0.9646, 2.0544 -5.3761 0.9442, 2.0465 -5.3761 0.9252, 2.034 -5.3761 0.9089, 1.378 -5.3761 3.6626, 2.0177 -5.3761 0.8964, 1.9987 -5.3761 0.8885, 1.9783 -5.3761 0.8858, 1.7527 -5.3761 2.6575, 1.7652 -5.3761 2.6412, 1.7815 -5.3761 2.6287, 1.7448 -5.3761 2.6765, 1.8005 -5.3761 2.6208, 1.7448 -5.3761 0.8275, 1.7421 -5.3761 0.8071, 1.8209 -5.3761 0.8858, 1.7421 -5.3761 0.2756, 1.7441 -5.3761 0.2581, 1.7593 -5.3761 0.2265, 1.7718 -5.3761 0.214, 1.7867 -5.3761 0.2047, 1.7815 -5.3761 0.8753, 1.7652 -5.3761 0.8628, 1.7527 -5.3761 0.8465, 1.7499 -5.3761 0.2414, 1.8033 -5.3761 0.1988, 1.8005 -5.3761 0.8831, 1.9987 -5.3367 2.6154, 1.9783 -5.3367 2.6181, 1.7421 -5.3367 2.8716, 1.8209 -5.3367 2.6181, 1.7421 -5.3367 2.6969, 2.0177 -5.3367 0.8964, 2.034 -5.3367 0.9089, 2.0465 -5.3367 0.9252, 2.0544 -5.3367 0.9442, 2.0465 -5.3367 2.5787, 1.378 -5.3367 3.6626, 2.034 -5.3367 2.5951, 2.0177 -5.3367 2.6076, 1.9783 -5.3367 0.8858, 1.9987 -5.3367 0.8885, 2.0571 -5.3367 0.9646, 2.0571 -5.3367 2.5394, 2.0544 -5.3367 2.5598, 1.7815 -5.3367 2.6287, 1.7652 -5.3367 2.6412, 1.7527 -5.3367 2.6575, 1.7867 -5.3367 0.2047, 1.7718 -5.3367 0.214, 1.7593 -5.3367 0.2265, 1.8005 -5.3367 2.6208, 1.7448 -5.3367 2.6765, 1.7499 -5.3367 0.2414, 1.8033 -5.3367 0.1988, 1.7441 -5.3367 0.2581, 1.7421 -5.3367 0.2756, 1.7421 -5.3367 0.8071, 1.8209 -5.3367 0.8858, 1.7448 -5.3367 0.8275, 1.7527 -5.3367 0.8465, 1.7652 -5.3367 0.8628, 1.7815 -5.3367 0.8753, 1.8005 -5.3367 0.8831, 0.0039 -5.3221 0.1778, 0.0039 -5.3323 0.1398, 0.0039 -5.3268 0.1798, 0.0039 -5.3465 0.1457, 0.0039 -5.3309 0.1829, 0.0039 -5.3588 0.1551, 0.0039 -5.3341 0.187, 0.0039 -5.3681 0.1673, 0.0039 -5.336 0.1918, 0.0039 -5.374 0.1816, 0.0039 -5.3367 0.1969, 0.0039 -5.3761 0.1969, 1.6575 -5.3367 0.1969, 1.6575 -5.3761 0.1969, 1.6575 -5.336 0.1918, 1.6575 -5.374 0.1816, 1.6575 -5.3341 0.187, 1.6575 -5.3681 0.1673, 1.6575 -5.3309 0.1829, 1.6575 -5.3588 0.1551, 1.6575 -5.3268 0.1798, 1.6575 -5.3465 0.1457, 1.6575 -5.3221 0.1778, 1.6575 -5.3323 0.1398, 1.6575 -5.3761 0.2953, 1.6575 -5.3367 0.2953, 0.0039 -5.3761 0.5315, 0.0039 -5.3367 0.5315, 1.4606 -5.3761 0.5315, 1.4606 -5.3367 0.5315, -2.3222 -5.3221 5.0079, -2.3602 -5.3323 5.0079, -2.3202 -5.3268 5.0079, -2.3543 -5.3465 5.0079, -2.3171 -5.3309 5.0079, -2.3449 -5.3588 5.0079, -2.313 -5.3341 5.0079, -2.3327 -5.3681 5.0079, -2.3082 -5.336 5.0079, -2.3184 -5.374 5.0079, -2.3082 -5.336 0.1969, -2.3184 -5.374 0.1969, -2.313 -5.3341 0.1969, -2.3327 -5.3681 0.1969, -2.3171 -5.3309 0.1969, -2.3449 -5.3588 0.1969, -2.3202 -5.3268 0.1969, -2.3543 -5.3465 0.1969, -2.3222 -5.3221 0.1969, -2.3602 -5.3323 0.1969, -1.6575 -5.3221 0.1778, -1.6575 -5.3323 0.1398, -1.6575 -5.3268 0.1798, -1.6575 -5.3465 0.1457, -1.6575 -5.3309 0.1829, -1.6575 -5.3588 0.1551, -1.6575 -5.3341 0.187, -1.6575 -5.3681 0.1673, -1.6575 -5.336 0.1918, -1.6575 -5.374 0.1816, -1.6575 -5.3367 0.1969, -1.6575 -5.3761 0.1969, -0.0039 -5.3367 0.1969, -0.0039 -5.3761 0.1969, -0.0039 -5.336 0.1918, -0.0039 -5.374 0.1816, -0.0039 -5.3341 0.187, -0.0039 -5.3681 0.1673, -0.0039 -5.3309 0.1829, -0.0039 -5.3588 0.1551, -0.0039 -5.3268 0.1798, -0.0039 -5.3465 0.1457, -0.0039 -5.3221 0.1778, -0.0039 -5.3323 0.1398, -0.0039 -5.3367 0.5315, -0.0039 -5.3761 0.5315, -1.6575 -5.3367 0.2953, -1.6575 -5.3761 0.2953, -1.4606 -5.3761 0.5315, -1.4606 -5.3367 0.5315, -1.8033 -5.3367 0.1988, -1.7867 -5.3367 0.2047, -1.7718 -5.3367 0.214, -1.7593 -5.3367 0.2265, -1.7499 -5.3367 0.2414, -1.7441 -5.3367 0.2581, 1.9685 1.8439 5.0649, 1.6535 1.8439 5.0649, 1.9685 1.8582 5.059, 1.6535 1.8582 5.059, 1.9685 1.8704 5.0496, 1.6535 1.8704 5.0496, 1.9685 1.8798 5.0374, 1.6535 1.8798 5.0374, 1.9685 1.8857 5.0232, 1.6535 1.8857 5.0232, 1.9685 1.8877 5.0079, 1.6535 1.8877 5.0079, 1.6535 1.8483 5.0079, 1.9685 1.8483 5.0079, 1.6535 1.8477 5.013, 1.9685 1.8477 5.013, 1.6535 1.8457 5.0177, 1.9685 1.8457 5.0177, 1.6535 1.8426 5.0218, 1.9685 1.8426 5.0218, 1.6535 1.8385 5.0249, 1.9685 1.8385 5.0249, 1.6535 1.8338 5.0269, 1.9685 1.8338 5.0269, 1.4764 1.8877 1.815, 2.3622 1.8877 5.0079, 2.3622 1.8877 0.1969, -1.4764 1.8877 3.7835, -2.3622 1.8877 5.0079, -1.4764 1.8877 3.3898, -2.3622 1.8877 0.1969, 1.4764 1.8877 3.7835, 1.4764 1.8877 3.3898, -1.4764 1.8877 1.815, -1.4764 1.8877 1.4213, 1.4764 1.8877 1.4213, -2.3666 1.8479 5.0079, -2.3753 1.8862 5.0079, -2.3707 1.8464 5.0079, -2.3878 1.8819 5.0079, -2.3745 1.8441 5.0079, -2.399 1.8748 5.0079, -2.3776 1.8409 5.0079, -2.4084 1.8655 5.0079, -2.3799 1.8372 5.0079, -2.4154 1.8543 5.0079, -2.3814 1.833 5.0079, -2.4198 1.8418 5.0079, -2.3819 1.8287 5.0079, -2.4213 1.8287 5.0079, 2.3819 1.8287 5.0079, 2.4213 1.8287 5.0079, 2.3814 1.833 5.0079, 2.4198 1.8418 5.0079, 2.3799 1.8372 5.0079, 2.4154 1.8543 5.0079, 2.3776 1.8409 5.0079, 2.4084 1.8655 5.0079, 2.3745 1.8441 5.0079, 2.399 1.8748 5.0079, 2.3707 1.8464 5.0079, 2.3878 1.8819 5.0079, 2.3666 1.8479 5.0079, 2.3753 1.8862 5.0079, -2.3819 1.8287 0.1969, -2.4213 1.8287 0.1969, -2.3814 1.833 0.1969, -2.4198 1.8418 0.1969, -2.3799 1.8372 0.1969, -2.4154 1.8543 0.1969, -2.3776 1.8409 0.1969, -2.4084 1.8655 0.1969, -2.3745 1.8441 0.1969, -2.399 1.8748 0.1969, -2.3707 1.8464 0.1969, -2.3878 1.8819 0.1969, -2.3666 1.8479 0.1969, -2.3753 1.8862 0.1969, -2.4213 0.9035 0.1969, -2.3819 0.9035 0.1969, -2.3819 0.9035 5.0079, -2.4213 0.9035 5.0079, -2.4213 1.059 3.7944, -2.4213 1.0684 3.7822, -2.4213 0.7066 0.3937, -2.4213 1.622 3.7649, -2.4213 1.6373 3.7669, -2.4213 1.6731 0.682, -2.4213 1.679 0.6962, -2.4213 1.679 4.5085, -2.4213 1.6731 4.5227, -2.4213 1.6637 4.535, -2.4213 1.6515 4.5444, -2.4213 1.6515 3.7728, -2.4213 1.6637 3.7822, -2.4213 1.6731 3.7944, -2.4213 1.0684 4.535, -2.4213 1.059 4.5227, -2.4213 0.7066 4.811, -2.4213 1.0511 3.8239, -2.4213 1.0531 3.8086, -2.4213 1.679 3.8086, -2.4213 1.681 3.8239, -2.4213 1.681 4.4932, -2.4213 1.0531 4.5085, -2.4213 1.0511 4.4932, -2.4213 1.0949 3.7669, -2.4213 1.679 1.3961, -2.4213 1.0806 3.7728, -2.4213 1.6731 1.4103, -2.4213 1.6637 1.4226, -2.4213 1.6515 1.4319, -2.4213 1.6373 0.6545, -2.4213 1.6515 0.6604, -2.4213 1.6637 0.6697, -2.4213 1.6373 4.5503, -2.4213 1.622 4.5523, -2.4213 0.7643 4.9502, -2.4213 1.0806 4.5444, -2.4213 0.733 4.9095, -2.4213 0.7133 4.862, -2.4213 1.6373 1.4378, -2.4213 1.622 1.4399, -2.4213 1.1102 1.4399, -2.4213 1.0949 1.4378, -2.4213 1.0806 1.4319, -2.4213 1.0684 1.4226, -2.4213 1.059 1.4103, -2.4213 1.0531 1.3961, -2.4213 1.0511 1.3808, -2.4213 1.0511 0.7115, -2.4213 0.805 4.9815, -2.4213 0.8525 5.0012, -2.4213 1.0949 4.5503, -2.4213 1.1102 4.5523, -2.4213 1.1102 3.7649, -2.4213 1.681 1.3808, -2.4213 1.681 0.7115, -2.4213 1.0531 0.6962, -2.4213 1.059 0.682, -2.4213 0.7133 0.3428, -2.4213 1.0684 0.6697, -2.4213 0.733 0.2953, -2.4213 1.0806 0.6604, -2.4213 0.7643 0.2545, -2.4213 0.805 0.2232, -2.4213 0.8525 0.2036, -2.4213 1.0949 0.6545, -2.4213 1.1102 0.6525, -2.4213 1.622 0.6525, -2.3819 1.679 3.8086, -2.3819 1.681 3.8239, -2.3819 1.6515 3.7728, -2.3819 1.6373 3.7669, -2.3819 1.0531 1.3961, -2.3819 1.6373 4.5503, -2.3819 1.6515 4.5444, -2.3819 1.6637 4.535, -2.3819 1.6731 4.5227, -2.3819 1.679 4.5085, -2.3819 1.681 4.4932, -2.3819 1.6515 1.4319, -2.3819 1.6637 1.4226, -2.3819 1.6731 1.4103, -2.3819 1.679 1.3961, -2.3819 1.681 1.3808, -2.3819 1.681 0.7115, -2.3819 1.679 0.6962, -2.3819 1.0684 1.4226, -2.3819 1.0806 1.4319, -2.3819 1.6637 3.7822, -2.3819 1.0949 1.4378, -2.3819 1.6731 3.7944, -2.3819 1.059 1.4103, -2.3819 1.6731 0.682, -2.3819 1.6637 0.6697, -2.3819 1.6515 0.6604, -2.3819 0.7066 0.3937, -2.3819 1.0511 0.7115, -2.3819 1.0511 1.3808, -2.3819 1.0684 3.7822, -2.3819 1.059 3.7944, -2.3819 1.1102 1.4399, -2.3819 1.622 1.4399, -2.3819 1.6373 1.4378, -2.3819 1.0531 3.8086, -2.3819 1.0511 3.8239, -2.3819 0.7066 4.811, -2.3819 1.0511 4.4932, -2.3819 1.0684 0.6697, -2.3819 1.059 0.682, -2.3819 1.0531 0.6962, -2.3819 0.805 4.9815, -2.3819 1.0806 4.5444, -2.3819 0.8525 5.0012, -2.3819 1.0949 4.5503, -2.3819 1.1102 4.5523, -2.3819 1.622 4.5523, -2.3819 0.7643 0.2545, -2.3819 1.0806 0.6604, -2.3819 0.733 0.2953, -2.3819 0.7133 0.3428, -2.3819 1.622 3.7649, -2.3819 1.1102 3.7649, -2.3819 1.0949 3.7669, -2.3819 1.0806 3.7728, -2.3819 1.0531 4.5085, -2.3819 1.059 4.5227, -2.3819 0.7133 4.862, -2.3819 1.0684 4.535, -2.3819 0.733 4.9095, -2.3819 0.7643 4.9502, -2.3819 1.0949 0.6545, -2.3819 0.8525 0.2036, -2.3819 0.805 0.2232, -2.3819 1.6373 0.6545, -2.3819 1.622 0.6525, -2.3819 1.1102 0.6525, 2.3666 1.8479 0.1969, 2.3753 1.8862 0.1969, 2.3707 1.8464 0.1969, 2.3878 1.8819 0.1969, 2.3745 1.8441 0.1969, 2.399 1.8748 0.1969, 2.3776 1.8409 0.1969, 2.4084 1.8655 0.1969, 2.3799 1.8372 0.1969, 2.4154 1.8543 0.1969, 2.3814 1.833 0.1969, 2.4198 1.8418 0.1969, 2.3819 1.8287 0.1969, 2.4213 1.8287 0.1969, 2.3819 0.9035 0.1969, 2.4213 0.9035 0.1969, 2.4213 0.9035 5.0079, 2.3819 0.9035 5.0079, 2.4213 1.6515 3.7728, 2.4213 1.6373 3.7669, 2.4213 1.0531 1.3961, 2.4213 1.6515 1.4319, 2.4213 1.6637 1.4226, 2.4213 1.679 3.8086, 2.4213 1.6373 4.5503, 2.4213 1.6515 4.5444, 2.4213 1.6637 4.535, 2.4213 1.6731 4.5227, 2.4213 1.679 4.5085, 2.4213 1.681 4.4932, 2.4213 1.681 3.8239, 2.4213 1.6731 1.4103, 2.4213 1.679 1.3961, 2.4213 1.681 1.3808, 2.4213 1.681 0.7115, 2.4213 1.679 0.6962, 2.4213 1.0684 1.4226, 2.4213 1.0806 1.4319, 2.4213 1.6637 3.7822, 2.4213 1.0949 1.4378, 2.4213 1.6731 3.7944, 2.4213 1.059 1.4103, 2.4213 1.6731 0.682, 2.4213 1.6637 0.6697, 2.4213 1.6515 0.6604, 2.4213 1.059 0.682, 2.4213 1.0531 0.6962, 2.4213 0.7066 0.3937, 2.4213 1.0511 0.7115, 2.4213 1.0511 1.3808, 2.4213 1.0684 3.7822, 2.4213 1.059 3.7944, 2.4213 1.1102 1.4399, 2.4213 1.622 1.4399, 2.4213 1.6373 1.4378, 2.4213 1.0531 3.8086, 2.4213 1.0511 3.8239, 2.4213 0.7066 4.811, 2.4213 1.0511 4.4932, 2.4213 1.622 3.7649, 2.4213 1.1102 3.7649, 2.4213 1.0949 3.7669, 2.4213 1.0806 3.7728, 2.4213 0.805 4.9815, 2.4213 1.0806 4.5444, 2.4213 0.8525 5.0012, 2.4213 1.0949 4.5503, 2.4213 1.1102 4.5523, 2.4213 1.622 4.5523, 2.4213 1.0531 4.5085, 2.4213 1.059 4.5227, 2.4213 0.7133 4.862, 2.4213 1.0684 4.535, 2.4213 0.733 4.9095, 2.4213 0.7643 4.9502, 2.4213 1.0684 0.6697, 2.4213 0.7133 0.3428, 2.4213 1.0806 0.6604, 2.4213 0.733 0.2953, 2.4213 0.7643 0.2545, 2.4213 1.0949 0.6545, 2.4213 0.8525 0.2036, 2.4213 0.805 0.2232, 2.4213 1.6373 0.6545, 2.4213 1.622 0.6525, 2.4213 1.1102 0.6525, 2.3819 1.679 4.5085, 2.3819 1.6731 4.5227, 2.3819 1.6637 4.535, 2.3819 1.6515 4.5444, 2.3819 1.059 3.7944, 2.3819 1.0684 3.7822, 2.3819 0.7066 0.3937, 2.3819 1.0806 3.7728, 2.3819 1.0949 3.7669, 2.3819 1.6637 3.7822, 2.3819 1.6731 3.7944, 2.3819 1.6373 0.6545, 2.3819 1.6515 0.6604, 2.3819 1.6637 0.6697, 2.3819 1.6731 0.682, 2.3819 1.679 0.6962, 2.3819 1.6373 3.7669, 2.3819 1.6515 3.7728, 2.3819 1.679 1.3961, 2.3819 1.681 1.3808, 2.3819 1.681 0.7115, 2.3819 1.679 3.8086, 2.3819 1.681 3.8239, 2.3819 1.681 4.4932, 2.3819 1.0684 4.535, 2.3819 1.059 4.5227, 2.3819 0.7066 4.811, 2.3819 1.0531 4.5085, 2.3819 1.0511 4.4932, 2.3819 1.0511 3.8239, 2.3819 1.0531 3.8086, 2.3819 1.6731 1.4103, 2.3819 1.6637 1.4226, 2.3819 1.6515 1.4319, 2.3819 1.6373 4.5503, 2.3819 1.622 4.5523, 2.3819 0.7643 4.9502, 2.3819 1.0806 4.5444, 2.3819 0.733 4.9095, 2.3819 0.7133 4.862, 2.3819 0.805 4.9815, 2.3819 0.8525 5.0012, 2.3819 1.0949 4.5503, 2.3819 1.1102 4.5523, 2.3819 1.0684 1.4226, 2.3819 1.059 1.4103, 2.3819 1.0531 1.3961, 2.3819 1.0511 1.3808, 2.3819 1.0511 0.7115, 2.3819 1.0531 0.6962, 2.3819 1.059 0.682, 2.3819 0.7133 0.3428, 2.3819 1.0684 0.6697, 2.3819 0.733 0.2953, 2.3819 1.0806 0.6604, 2.3819 0.7643 0.2545, 2.3819 0.805 0.2232, 2.3819 1.6373 1.4378, 2.3819 1.622 1.4399, 2.3819 1.622 3.7649, 2.3819 1.1102 3.7649, 2.3819 0.8525 0.2036, 2.3819 1.0949 0.6545, 2.3819 1.1102 0.6525, 2.3819 1.622 0.6525, 2.3819 1.1102 1.4399, 2.3819 1.0949 1.4378, 2.3819 1.0806 1.4319
            ]
        }
        coordIndex [
            0,1,2,-1,2,1,3,-1,4,5,6,-1,4,6,7,-1,7,6,8,-1,7,8,9,-1,9,8,10,-1,9,10,11,-1,11,10,12,-1,11,12,13,-1,13,12,14,-1,13,14,15,-1,15,14,16,-1,15,16,17,-1,17,16,18,-1,17,18,19,-1,20,21,22,-1,20,22,23,-1,23,22,24,-1,23,24,25,-1,25,24,26,-1,25,26,27,-1,27,26,28,-1,27,28,29,-1,29,28,30,-1,29,30,31,-1,31,30,32,-1,31,32,33,-1,34,35,36,-1,36,35,37,-1,36,37,38,-1,38,37,39,-1,38,39,40,-1,40,39,41,-1,40,41,42,-1,42,41,43,-1,42,43,44,-1,44,43,45,-1,44,45,46,-1,46,45,47,-1,46,47,48,-1,48,47,49,-1,50,51,52,-1,52,51,53,-1,52,53,54,-1,54,53,55,-1,54,55,56,-1,56,55,57,-1,56,57,58,-1,58,57,59,-1,58,59,60,-1,60,59,61,-1,60,61,62,-1,62,61,63,-1,64,65,66,-1,66,65,67,-1,66,67,18,-1,18,67,68,-1,18,68,19,-1,19,68,69,-1,19,69,70,-1,71,72,34,-1,34,72,73,-1,74,75,76,-1,76,75,77,-1,76,77,73,-1,73,77,35,-1,73,35,34,-1,77,75,66,-1,66,75,64,-1,78,79,80,-1,78,80,81,-1,81,80,82,-1,81,82,83,-1,84,85,86,-1,86,85,87,-1,86,87,88,-1,89,90,32,-1,32,90,88,-1,32,88,33,-1,33,88,87,-1,91,92,93,-1,93,92,94,-1,93,94,50,-1,50,94,95,-1,50,95,51,-1,51,95,96,-1,51,96,97,-1,98,99,100,-1,98,100,101,-1,101,100,102,-1,101,102,103,-1,79,104,105,-1,105,104,106,-1,105,106,82,-1,106,107,82,-1,82,107,108,-1,82,108,109,-1,109,110,82,-1,82,110,111,-1,82,111,112,-1,113,114,103,-1,103,114,115,-1,103,115,116,-1,117,98,118,-1,118,98,119,-1,118,119,120,-1,120,119,103,-1,120,103,121,-1,121,103,116,-1,87,85,93,-1,93,85,91,-1,122,123,124,-1,122,124,125,-1,125,124,126,-1,125,126,127,-1,127,126,128,-1,127,128,129,-1,129,128,130,-1,129,130,131,-1,131,130,132,-1,131,132,133,-1,133,132,134,-1,133,134,135,-1,136,137,138,-1,136,138,139,-1,139,138,140,-1,139,140,141,-1,141,140,142,-1,141,142,143,-1,143,142,144,-1,143,144,145,-1,145,144,146,-1,145,146,147,-1,147,146,148,-1,147,148,149,-1,150,151,152,-1,152,151,153,-1,152,153,154,-1,154,153,155,-1,154,155,156,-1,156,155,157,-1,156,157,158,-1,158,157,159,-1,158,159,160,-1,160,159,161,-1,160,161,162,-1,162,161,163,-1,164,165,166,-1,166,165,167,-1,166,167,168,-1,168,167,169,-1,168,169,170,-1,170,169,171,-1,170,171,172,-1,172,171,173,-1,172,173,174,-1,174,173,175,-1,174,175,176,-1,176,175,177,-1,178,179,98,-1,180,181,182,-1,183,184,98,-1,98,184,185,-1,98,185,186,-1,187,188,189,-1,189,188,190,-1,189,190,181,-1,181,190,191,-1,181,191,182,-1,186,192,98,-1,98,192,193,-1,98,193,99,-1,99,193,194,-1,194,195,99,-1,99,195,187,-1,99,187,196,-1,196,187,189,-1,21,197,198,-1,198,197,199,-1,199,200,198,-1,198,200,201,-1,198,201,202,-1,203,204,98,-1,98,204,205,-1,98,205,183,-1,206,207,98,-1,98,207,208,-1,98,208,178,-1,209,210,179,-1,179,210,211,-1,179,211,98,-1,98,211,212,-1,98,212,203,-1,20,213,21,-1,21,213,214,-1,21,214,215,-1,216,217,218,-1,219,220,198,-1,221,222,180,-1,180,222,223,-1,180,223,224,-1,224,223,225,-1,224,225,226,-1,226,225,227,-1,226,227,228,-1,228,229,226,-1,226,229,230,-1,226,230,231,-1,232,233,179,-1,179,233,234,-1,179,234,209,-1,235,236,197,-1,236,237,197,-1,197,237,238,-1,197,238,239,-1,196,240,99,-1,99,240,218,-1,99,218,241,-1,241,218,217,-1,180,182,221,-1,221,182,242,-1,221,242,243,-1,244,245,179,-1,179,245,246,-1,179,246,247,-1,215,248,21,-1,21,248,249,-1,21,249,197,-1,197,249,250,-1,197,250,235,-1,231,251,226,-1,226,251,219,-1,226,219,252,-1,252,219,198,-1,252,198,253,-1,253,198,202,-1,243,242,179,-1,179,242,254,-1,179,254,244,-1,247,255,179,-1,179,255,256,-1,179,256,232,-1,216,218,239,-1,239,218,257,-1,239,257,197,-1,258,259,260,-1,260,259,261,-1,260,261,262,-1,262,261,263,-1,258,264,259,-1,259,264,265,-1,259,265,266,-1,220,267,198,-1,198,267,268,-1,198,268,261,-1,261,268,269,-1,261,269,263,-1,266,270,259,-1,259,270,271,-1,259,271,98,-1,98,271,272,-1,98,272,206,-1,273,274,275,-1,275,274,276,-1,275,276,277,-1,277,276,278,-1,278,279,277,-1,277,279,280,-1,277,280,281,-1,282,79,283,-1,283,79,284,-1,281,285,277,-1,277,285,286,-1,277,286,287,-1,288,289,4,-1,290,5,4,-1,291,292,293,-1,293,292,294,-1,293,294,295,-1,287,296,277,-1,277,296,297,-1,277,297,298,-1,298,299,277,-1,277,299,300,-1,277,300,4,-1,4,300,301,-1,4,301,288,-1,282,302,79,-1,79,302,303,-1,79,303,293,-1,293,303,304,-1,293,304,291,-1,295,305,293,-1,293,305,306,-1,293,306,275,-1,275,306,307,-1,275,307,273,-1,286,308,309,-1,309,308,310,-1,311,312,79,-1,79,312,313,-1,314,315,316,-1,317,318,4,-1,4,318,319,-1,4,319,290,-1,320,321,79,-1,79,321,322,-1,79,322,311,-1,313,323,79,-1,79,323,324,-1,79,324,284,-1,284,324,325,-1,284,325,314,-1,315,314,326,-1,327,328,329,-1,329,328,330,-1,316,331,314,-1,314,331,332,-1,314,332,284,-1,333,78,334,-1,334,78,335,-1,333,336,78,-1,78,336,337,-1,78,337,338,-1,338,339,78,-1,78,339,340,-1,78,340,341,-1,330,328,342,-1,342,328,343,-1,342,343,314,-1,314,343,344,-1,314,344,326,-1,285,345,286,-1,286,345,346,-1,286,346,308,-1,308,346,328,-1,308,328,347,-1,347,328,327,-1,341,348,78,-1,78,348,349,-1,78,349,79,-1,79,349,350,-1,79,350,351,-1,351,352,79,-1,79,352,353,-1,79,353,320,-1,335,354,334,-1,334,354,355,-1,334,355,356,-1,356,355,357,-1,356,357,289,-1,289,357,358,-1,289,358,359,-1,289,360,4,-1,4,360,361,-1,4,361,317,-1,310,362,309,-1,309,362,363,-1,309,363,364,-1,364,363,365,-1,364,365,336,-1,336,365,366,-1,336,366,337,-1,359,367,289,-1,289,367,368,-1,289,368,360,-1,261,259,369,-1,369,259,370,-1,371,372,373,-1,371,373,374,-1,374,373,375,-1,374,375,376,-1,376,375,377,-1,376,377,378,-1,378,377,379,-1,378,379,380,-1,380,379,381,-1,380,381,382,-1,382,381,198,-1,382,198,261,-1,383,384,275,-1,275,384,293,-1,385,386,387,-1,385,387,388,-1,388,387,389,-1,388,389,390,-1,390,389,391,-1,390,391,392,-1,392,391,393,-1,392,393,394,-1,394,393,395,-1,394,395,396,-1,396,395,275,-1,396,275,277,-1,397,386,385,-1,385,398,399,-1,400,385,401,-1,401,385,402,-1,401,402,403,-1,403,402,404,-1,405,406,385,-1,385,406,407,-1,385,407,398,-1,408,402,409,-1,409,402,385,-1,409,385,410,-1,410,385,399,-1,402,411,371,-1,371,411,412,-1,413,414,371,-1,415,416,372,-1,3,1,417,-1,417,1,372,-1,417,372,418,-1,418,372,416,-1,419,123,122,-1,371,414,372,-1,372,414,420,-1,372,420,415,-1,122,397,419,-1,419,397,385,-1,419,385,421,-1,421,385,400,-1,421,400,136,-1,136,400,137,-1,422,423,424,-1,412,425,371,-1,371,425,426,-1,371,426,413,-1,408,427,402,-1,402,427,428,-1,402,428,429,-1,429,430,402,-1,402,430,431,-1,402,431,411,-1,411,431,432,-1,411,432,433,-1,433,434,411,-1,411,434,424,-1,411,424,435,-1,435,424,423,-1,436,437,438,-1,438,437,439,-1,438,439,424,-1,424,439,440,-1,424,440,422,-1,441,176,177,-1,442,443,444,-1,0,2,445,-1,445,2,446,-1,442,447,448,-1,162,163,448,-1,448,163,449,-1,448,449,442,-1,442,449,441,-1,442,441,443,-1,443,441,177,-1,450,451,452,-1,453,454,455,-1,455,454,442,-1,455,442,456,-1,446,457,445,-1,445,457,458,-1,445,458,459,-1,459,458,460,-1,460,461,459,-1,459,461,462,-1,459,462,463,-1,463,462,464,-1,463,464,465,-1,466,467,444,-1,444,467,463,-1,444,463,442,-1,442,463,468,-1,442,468,469,-1,469,470,442,-1,442,470,471,-1,442,471,456,-1,465,472,463,-1,463,472,473,-1,463,473,474,-1,475,476,463,-1,463,476,477,-1,463,477,468,-1,474,478,452,-1,452,478,479,-1,452,479,450,-1,480,481,451,-1,451,481,482,-1,451,482,452,-1,474,452,463,-1,463,452,483,-1,463,483,475,-1,484,485,486,-1,486,485,487,-1,486,487,451,-1,451,487,488,-1,451,488,480,-1,72,71,69,-1,69,71,70,-1,489,490,491,-1,491,490,492,-1,493,494,495,-1,495,494,496,-1,495,496,497,-1,498,499,500,-1,499,498,501,-1,501,498,502,-1,501,502,495,-1,495,502,503,-1,495,503,493,-1,504,505,490,-1,490,505,506,-1,490,506,507,-1,507,508,490,-1,490,508,509,-1,490,509,500,-1,500,509,510,-1,500,510,498,-1,511,512,513,-1,496,514,497,-1,497,514,511,-1,497,511,515,-1,515,511,513,-1,489,516,490,-1,490,516,517,-1,490,517,504,-1,518,519,520,-1,521,489,520,-1,520,489,522,-1,520,522,518,-1,521,523,489,-1,489,523,524,-1,489,524,516,-1,516,524,525,-1,516,525,526,-1,526,525,527,-1,526,527,528,-1,529,530,528,-1,528,530,531,-1,528,531,526,-1,532,533,534,-1,535,536,537,-1,538,492,539,-1,539,492,540,-1,533,532,541,-1,541,532,542,-1,541,542,543,-1,536,544,537,-1,537,544,545,-1,537,545,492,-1,492,545,546,-1,492,546,540,-1,547,548,537,-1,537,548,532,-1,537,532,535,-1,535,532,534,-1,538,549,492,-1,492,549,550,-1,492,550,491,-1,491,550,551,-1,552,553,554,-1,542,555,543,-1,543,555,552,-1,543,552,556,-1,556,552,554,-1,557,558,559,-1,559,558,551,-1,560,561,491,-1,491,561,562,-1,491,562,563,-1,563,562,564,-1,565,566,567,-1,551,558,491,-1,491,558,568,-1,491,568,560,-1,557,559,567,-1,567,559,569,-1,567,569,565,-1,547,499,548,-1,548,499,501,-1,70,71,19,-1,19,71,34,-1,454,405,442,-1,442,405,385,-1,442,385,570,-1,570,385,388,-1,570,388,571,-1,571,388,390,-1,571,390,572,-1,572,390,392,-1,572,392,573,-1,573,392,394,-1,573,394,574,-1,574,394,396,-1,574,396,575,-1,575,396,277,-1,384,576,104,-1,104,576,577,-1,104,577,578,-1,578,577,579,-1,578,579,580,-1,48,581,575,-1,575,581,582,-1,582,583,575,-1,575,583,584,-1,575,584,585,-1,585,586,575,-1,575,586,587,-1,575,587,383,-1,383,587,588,-1,383,588,384,-1,384,588,589,-1,384,589,576,-1,49,590,48,-1,48,590,591,-1,48,591,592,-1,593,594,581,-1,595,596,597,-1,580,598,578,-1,578,598,597,-1,578,597,599,-1,599,597,596,-1,600,601,581,-1,581,601,602,-1,581,602,593,-1,595,597,594,-1,594,597,603,-1,594,603,581,-1,592,604,48,-1,48,604,605,-1,48,605,581,-1,581,605,606,-1,581,606,600,-1,90,89,96,-1,96,89,97,-1,1,0,372,-1,372,0,445,-1,97,89,51,-1,51,89,32,-1,51,32,607,-1,607,32,30,-1,607,30,608,-1,608,30,28,-1,608,28,609,-1,609,28,26,-1,21,63,22,-1,22,63,610,-1,22,610,24,-1,24,610,611,-1,24,611,26,-1,26,611,612,-1,26,612,609,-1,117,613,614,-1,615,616,63,-1,614,617,117,-1,117,617,618,-1,117,618,370,-1,370,618,619,-1,370,619,369,-1,619,620,369,-1,369,620,621,-1,369,621,622,-1,622,621,623,-1,622,623,624,-1,624,625,622,-1,622,625,626,-1,622,626,63,-1,63,626,627,-1,63,627,615,-1,628,629,613,-1,613,629,630,-1,613,630,614,-1,631,632,63,-1,632,633,63,-1,63,633,634,-1,63,634,62,-1,616,635,636,-1,628,637,629,-1,629,637,638,-1,629,638,639,-1,639,638,640,-1,639,640,616,-1,616,640,641,-1,616,641,635,-1,636,642,616,-1,616,642,643,-1,616,643,63,-1,63,643,644,-1,63,644,631,-1,293,384,79,-1,79,384,104,-1,405,454,406,-1,406,454,453,-1,622,198,645,-1,645,198,381,-1,645,381,646,-1,646,381,379,-1,646,379,647,-1,647,379,377,-1,647,377,648,-1,648,377,375,-1,648,375,649,-1,649,375,373,-1,649,373,445,-1,445,373,372,-1,369,622,650,-1,650,622,645,-1,650,645,651,-1,651,645,646,-1,651,646,652,-1,652,646,647,-1,652,647,653,-1,653,647,648,-1,653,648,654,-1,654,648,649,-1,654,649,459,-1,459,649,445,-1,370,259,117,-1,117,259,98,-1,575,383,574,-1,574,383,655,-1,574,655,573,-1,573,655,656,-1,573,656,572,-1,572,656,657,-1,572,657,571,-1,571,657,658,-1,571,658,570,-1,570,658,659,-1,570,659,442,-1,442,659,447,-1,48,4,46,-1,46,4,7,-1,46,7,44,-1,44,7,9,-1,44,9,42,-1,42,9,11,-1,42,11,40,-1,40,11,13,-1,40,13,38,-1,38,13,15,-1,38,15,36,-1,36,15,17,-1,36,17,34,-1,34,17,19,-1,660,112,661,-1,661,112,111,-1,661,111,662,-1,662,111,110,-1,662,110,663,-1,663,110,109,-1,663,109,664,-1,664,109,108,-1,664,108,665,-1,665,108,107,-1,665,107,666,-1,666,107,106,-1,666,106,578,-1,578,106,104,-1,113,667,114,-1,114,667,668,-1,114,668,115,-1,115,668,669,-1,115,669,116,-1,116,669,670,-1,116,670,121,-1,121,670,671,-1,121,671,120,-1,120,671,672,-1,120,672,118,-1,118,672,673,-1,118,673,117,-1,117,673,613,-1,63,21,674,-1,674,21,675,-1,674,675,676,-1,676,675,677,-1,676,677,678,-1,678,677,679,-1,678,679,680,-1,680,679,681,-1,680,681,682,-1,682,681,683,-1,682,683,684,-1,684,683,685,-1,686,687,688,-1,688,687,689,-1,688,689,690,-1,690,689,691,-1,690,691,692,-1,692,691,693,-1,692,693,694,-1,694,693,695,-1,694,695,696,-1,696,695,697,-1,696,697,622,-1,622,697,198,-1,21,198,697,-1,21,697,675,-1,675,697,695,-1,675,695,677,-1,677,695,693,-1,677,693,679,-1,679,693,691,-1,679,691,681,-1,681,691,689,-1,681,689,683,-1,683,689,687,-1,683,687,685,-1,684,686,682,-1,682,686,688,-1,682,688,680,-1,680,688,690,-1,680,690,678,-1,678,690,692,-1,678,692,676,-1,676,692,694,-1,676,694,674,-1,674,694,696,-1,674,696,63,-1,63,696,622,-1,686,698,687,-1,687,698,699,-1,700,684,701,-1,701,684,685,-1,702,703,687,-1,704,705,706,-1,705,704,707,-1,707,704,708,-1,707,708,709,-1,703,710,687,-1,687,710,711,-1,687,711,685,-1,685,711,712,-1,712,713,685,-1,685,713,714,-1,685,714,715,-1,699,716,687,-1,687,716,704,-1,687,704,702,-1,702,704,706,-1,715,717,685,-1,685,717,718,-1,685,718,701,-1,701,718,719,-1,720,721,722,-1,708,723,709,-1,709,723,720,-1,709,720,724,-1,724,720,722,-1,725,726,727,-1,727,726,719,-1,719,726,701,-1,701,726,728,-1,701,728,729,-1,730,731,732,-1,733,734,735,-1,729,736,701,-1,701,736,730,-1,701,730,737,-1,737,730,732,-1,725,727,735,-1,735,727,738,-1,735,738,733,-1,739,740,741,-1,741,740,742,-1,741,742,743,-1,744,745,684,-1,684,745,746,-1,684,746,747,-1,748,698,686,-1,698,748,749,-1,749,748,750,-1,749,750,741,-1,741,750,751,-1,741,751,739,-1,700,752,684,-1,684,752,753,-1,684,753,744,-1,747,754,684,-1,684,754,755,-1,684,755,686,-1,686,755,756,-1,686,756,748,-1,757,758,759,-1,760,761,762,-1,742,763,743,-1,743,763,757,-1,743,757,764,-1,764,757,759,-1,765,700,762,-1,762,700,766,-1,762,766,760,-1,765,767,700,-1,700,767,768,-1,700,768,752,-1,752,768,769,-1,752,769,770,-1,770,769,771,-1,770,771,772,-1,773,774,772,-1,772,774,775,-1,772,775,770,-1,699,698,716,-1,716,698,749,-1,741,704,749,-1,749,704,716,-1,708,704,743,-1,743,704,741,-1,742,740,709,-1,709,740,707,-1,755,754,711,-1,711,754,712,-1,752,770,719,-1,719,770,727,-1,769,768,726,-1,726,768,728,-1,90,96,88,-1,88,96,95,-1,88,95,86,-1,86,95,94,-1,86,94,84,-1,84,94,92,-1,91,85,776,-1,776,85,777,-1,776,777,778,-1,778,777,779,-1,778,779,780,-1,780,779,781,-1,780,781,782,-1,782,781,783,-1,782,783,784,-1,784,783,785,-1,784,785,786,-1,786,785,787,-1,788,789,790,-1,790,789,791,-1,790,791,792,-1,792,791,793,-1,792,793,794,-1,794,793,795,-1,794,795,796,-1,796,795,797,-1,796,797,798,-1,798,797,799,-1,798,799,92,-1,92,799,84,-1,85,84,799,-1,85,799,777,-1,777,799,797,-1,777,797,779,-1,779,797,795,-1,779,795,781,-1,781,795,793,-1,781,793,783,-1,783,793,791,-1,783,791,785,-1,785,791,789,-1,785,789,787,-1,786,788,784,-1,784,788,790,-1,784,790,782,-1,782,790,792,-1,782,792,780,-1,780,792,794,-1,780,794,778,-1,778,794,796,-1,778,796,776,-1,776,796,798,-1,776,798,91,-1,91,798,92,-1,800,789,801,-1,801,789,788,-1,787,802,786,-1,786,802,803,-1,804,802,800,-1,800,802,787,-1,800,787,789,-1,803,805,786,-1,786,805,801,-1,786,801,788,-1,805,803,804,-1,804,803,802,-1,575,277,806,-1,806,277,807,-1,806,807,808,-1,808,807,809,-1,808,809,810,-1,810,809,811,-1,810,811,812,-1,812,811,813,-1,812,813,814,-1,814,813,815,-1,814,815,537,-1,537,815,500,-1,492,490,816,-1,816,490,817,-1,816,817,818,-1,818,817,819,-1,818,819,820,-1,820,819,821,-1,820,821,822,-1,822,821,823,-1,822,823,824,-1,824,823,825,-1,824,825,48,-1,48,825,4,-1,277,4,825,-1,277,825,807,-1,807,825,823,-1,807,823,809,-1,809,823,821,-1,809,821,811,-1,811,821,819,-1,811,819,813,-1,813,819,817,-1,813,817,815,-1,815,817,490,-1,815,490,500,-1,537,492,814,-1,814,492,816,-1,814,816,812,-1,812,816,818,-1,812,818,810,-1,810,818,820,-1,810,820,808,-1,808,820,822,-1,808,822,806,-1,806,822,824,-1,806,824,575,-1,575,824,48,-1,499,547,500,-1,500,547,537,-1,495,532,501,-1,501,532,548,-1,568,558,524,-1,524,558,525,-1,559,551,526,-1,526,551,516,-1,546,545,508,-1,508,545,509,-1,541,543,494,-1,494,543,496,-1,542,532,497,-1,497,532,495,-1,74,76,65,-1,65,76,67,-1,76,73,67,-1,67,73,68,-1,73,72,68,-1,68,72,69,-1,74,65,826,-1,826,65,827,-1,826,827,828,-1,828,827,829,-1,828,829,830,-1,830,829,831,-1,830,831,832,-1,832,831,833,-1,832,833,834,-1,834,833,835,-1,834,835,836,-1,836,835,837,-1,838,839,840,-1,840,839,841,-1,840,841,842,-1,842,841,843,-1,842,843,844,-1,844,843,845,-1,844,845,846,-1,846,845,847,-1,846,847,848,-1,848,847,849,-1,848,849,75,-1,75,849,64,-1,65,64,849,-1,65,849,827,-1,827,849,847,-1,827,847,829,-1,829,847,845,-1,829,845,831,-1,831,845,843,-1,831,843,833,-1,833,843,841,-1,833,841,835,-1,835,841,839,-1,835,839,837,-1,836,838,834,-1,834,838,840,-1,834,840,832,-1,832,840,842,-1,832,842,830,-1,830,842,844,-1,830,844,828,-1,828,844,846,-1,828,846,826,-1,826,846,848,-1,826,848,74,-1,74,848,75,-1,850,851,838,-1,838,851,839,-1,852,836,853,-1,853,836,837,-1,851,854,839,-1,839,854,853,-1,839,853,837,-1,855,850,852,-1,852,850,838,-1,852,838,836,-1,854,851,855,-1,855,851,850,-1,742,709,724,-1,742,724,763,-1,763,724,722,-1,763,722,757,-1,757,722,721,-1,757,721,758,-1,758,721,720,-1,758,720,759,-1,759,720,723,-1,759,723,764,-1,764,723,708,-1,764,708,743,-1,707,740,705,-1,705,740,739,-1,705,739,706,-1,706,739,751,-1,706,751,702,-1,702,751,750,-1,702,750,703,-1,703,750,748,-1,703,748,710,-1,710,748,756,-1,710,756,711,-1,711,756,755,-1,712,754,713,-1,713,754,747,-1,713,747,714,-1,714,747,746,-1,714,746,715,-1,715,746,745,-1,715,745,717,-1,717,745,744,-1,717,744,718,-1,718,744,753,-1,718,753,719,-1,719,753,752,-1,769,726,725,-1,769,725,771,-1,771,725,735,-1,771,735,772,-1,772,735,734,-1,772,734,773,-1,773,734,733,-1,773,733,774,-1,774,733,738,-1,774,738,775,-1,775,738,727,-1,775,727,770,-1,728,768,767,-1,728,767,729,-1,729,767,765,-1,729,765,736,-1,736,765,762,-1,736,762,730,-1,730,762,761,-1,730,761,731,-1,731,761,760,-1,731,760,732,-1,732,760,766,-1,732,766,737,-1,737,766,700,-1,737,700,701,-1,489,491,856,-1,489,856,522,-1,522,856,857,-1,522,857,518,-1,518,857,858,-1,518,858,519,-1,519,858,859,-1,519,859,520,-1,520,859,860,-1,520,860,521,-1,521,860,861,-1,521,861,523,-1,523,861,568,-1,523,568,524,-1,559,526,531,-1,559,531,569,-1,569,531,530,-1,569,530,565,-1,565,530,529,-1,565,529,566,-1,566,529,528,-1,566,528,567,-1,567,528,527,-1,567,527,557,-1,557,527,525,-1,557,525,558,-1,516,551,517,-1,517,551,550,-1,517,550,504,-1,504,550,549,-1,504,549,505,-1,505,549,538,-1,505,538,506,-1,506,538,539,-1,506,539,507,-1,507,539,540,-1,507,540,508,-1,508,540,546,-1,509,545,510,-1,510,545,544,-1,510,544,498,-1,498,544,536,-1,498,536,502,-1,502,536,535,-1,502,535,503,-1,503,535,534,-1,503,534,493,-1,493,534,533,-1,493,533,494,-1,494,533,541,-1,542,497,515,-1,542,515,555,-1,555,515,513,-1,555,513,552,-1,552,513,512,-1,552,512,553,-1,553,512,511,-1,553,511,554,-1,554,511,514,-1,554,514,556,-1,556,514,496,-1,556,496,543,-1,801,805,800,-1,800,805,804,-1,855,852,854,-1,854,852,853,-1,403,404,862,-1,403,862,863,-1,863,862,864,-1,863,864,865,-1,865,864,866,-1,865,866,867,-1,867,866,868,-1,867,868,869,-1,869,868,870,-1,869,870,871,-1,871,870,872,-1,871,872,873,-1,874,875,876,-1,876,875,877,-1,876,877,878,-1,878,877,879,-1,878,879,880,-1,880,879,881,-1,880,881,882,-1,882,881,883,-1,882,883,884,-1,884,883,885,-1,884,885,466,-1,466,885,467,-1,886,887,888,-1,135,889,890,-1,890,889,891,-1,890,891,892,-1,135,134,889,-1,889,134,149,-1,889,149,893,-1,893,149,148,-1,893,148,873,-1,873,872,893,-1,893,872,887,-1,893,887,894,-1,894,887,886,-1,894,886,891,-1,891,886,895,-1,891,895,892,-1,892,895,896,-1,892,896,888,-1,888,896,897,-1,888,897,886,-1,98,259,875,-1,875,874,98,-1,98,874,165,-1,98,165,79,-1,79,165,164,-1,164,151,79,-1,79,151,150,-1,79,150,293,-1,892,888,79,-1,79,888,98,-1,150,135,293,-1,293,135,890,-1,293,890,898,-1,898,890,899,-1,898,899,900,-1,900,899,901,-1,900,901,902,-1,902,901,903,-1,902,903,904,-1,904,903,905,-1,904,905,906,-1,906,905,907,-1,906,907,908,-1,908,907,909,-1,908,909,910,-1,910,909,911,-1,912,913,914,-1,914,913,915,-1,914,915,916,-1,916,915,917,-1,916,917,918,-1,918,917,919,-1,918,919,920,-1,920,919,921,-1,920,921,922,-1,922,921,923,-1,922,923,924,-1,924,923,925,-1,924,925,259,-1,259,925,887,-1,259,887,875,-1,875,887,872,-1,926,927,928,-1,928,927,929,-1,928,929,930,-1,930,929,931,-1,930,931,932,-1,932,931,933,-1,932,933,934,-1,934,933,935,-1,934,935,936,-1,936,935,937,-1,936,937,938,-1,938,937,939,-1,938,939,79,-1,79,939,892,-1,890,892,939,-1,890,939,899,-1,899,939,937,-1,899,937,901,-1,901,937,935,-1,901,935,903,-1,903,935,933,-1,903,933,905,-1,905,933,931,-1,905,931,907,-1,907,931,929,-1,907,929,909,-1,909,929,927,-1,909,927,911,-1,910,926,908,-1,908,926,928,-1,908,928,906,-1,906,928,930,-1,906,930,904,-1,904,930,932,-1,904,932,902,-1,902,932,934,-1,902,934,900,-1,900,934,936,-1,900,936,898,-1,898,936,938,-1,898,938,293,-1,293,938,79,-1,940,927,941,-1,941,927,926,-1,942,910,943,-1,943,910,911,-1,944,945,946,-1,947,948,927,-1,949,950,927,-1,951,952,911,-1,911,952,953,-1,911,953,954,-1,948,955,927,-1,927,955,956,-1,927,956,957,-1,958,959,960,-1,960,961,946,-1,946,961,962,-1,946,962,944,-1,957,963,927,-1,927,963,964,-1,927,964,911,-1,911,964,965,-1,911,965,951,-1,959,966,960,-1,960,966,967,-1,960,967,961,-1,968,969,970,-1,970,969,971,-1,970,971,945,-1,945,971,972,-1,945,972,973,-1,974,975,927,-1,927,975,976,-1,927,976,949,-1,954,977,911,-1,911,977,978,-1,911,978,943,-1,979,980,981,-1,981,980,958,-1,981,958,982,-1,982,958,960,-1,973,983,945,-1,945,983,984,-1,945,984,985,-1,985,986,945,-1,945,986,987,-1,945,987,988,-1,988,989,945,-1,945,989,990,-1,945,990,946,-1,946,990,991,-1,946,991,992,-1,979,993,980,-1,980,993,994,-1,980,994,995,-1,995,994,943,-1,995,943,996,-1,996,943,978,-1,968,997,969,-1,969,997,947,-1,969,947,998,-1,998,947,927,-1,998,927,999,-1,999,927,950,-1,992,1000,946,-1,946,1000,1001,-1,946,1001,1002,-1,1002,1001,1003,-1,1002,1003,1004,-1,1004,1003,1005,-1,1004,1005,1006,-1,1006,1005,1007,-1,1007,1005,1008,-1,1008,1005,1009,-1,1008,1009,940,-1,940,1009,1010,-1,940,1010,927,-1,927,1010,1011,-1,927,1011,974,-1,1012,926,1013,-1,1013,926,910,-1,1014,1015,1016,-1,1017,1018,910,-1,910,1018,1019,-1,910,1019,1020,-1,1020,1021,910,-1,910,1021,1022,-1,910,1022,1013,-1,1023,1024,1012,-1,1012,1024,1025,-1,1025,1026,1012,-1,1012,1026,1027,-1,1012,1027,926,-1,926,1027,1028,-1,926,1028,1029,-1,1030,1031,1032,-1,1032,1031,1033,-1,1032,1033,1034,-1,1014,1016,1032,-1,1032,1016,1035,-1,1032,1035,1030,-1,1029,1036,926,-1,926,1036,1037,-1,926,1037,1038,-1,1039,1040,1041,-1,1039,1042,1043,-1,1033,1044,1034,-1,1034,1044,1045,-1,1034,1045,1012,-1,1012,1045,1046,-1,1012,1046,1023,-1,1043,1047,1039,-1,1039,1047,1048,-1,1039,1048,1049,-1,1049,1048,1050,-1,1051,1052,1039,-1,1039,1052,1053,-1,1039,1053,1040,-1,1054,1055,1056,-1,1056,1055,1057,-1,1056,1057,942,-1,942,1057,1058,-1,942,1058,910,-1,910,1058,1059,-1,910,1059,1017,-1,1060,1061,1062,-1,1062,1061,1051,-1,1062,1051,1063,-1,1063,1051,1039,-1,1015,1064,1016,-1,1016,1064,1065,-1,1016,1065,1041,-1,1041,1065,1066,-1,1041,1066,1039,-1,1039,1066,1067,-1,1039,1067,1042,-1,1050,1068,1049,-1,1049,1068,1069,-1,1049,1069,1070,-1,1070,1069,1071,-1,1070,1071,1072,-1,1072,1071,1055,-1,1072,1055,1073,-1,1073,1055,1054,-1,941,1074,1075,-1,1075,1074,1061,-1,1075,1061,1076,-1,1076,1061,1060,-1,1038,1077,926,-1,926,1077,1078,-1,926,1078,941,-1,941,1078,1079,-1,941,1079,1074,-1,960,946,1049,-1,1049,946,1039,-1,98,888,1080,-1,1080,888,1081,-1,1080,1081,1082,-1,1082,1081,1083,-1,1082,1083,1084,-1,1084,1083,1085,-1,1084,1085,1086,-1,1086,1085,1087,-1,1086,1087,1088,-1,1088,1087,1089,-1,1088,1089,1090,-1,1090,1089,1091,-1,1090,1091,1092,-1,1092,1091,1093,-1,888,887,925,-1,888,925,1081,-1,1081,925,923,-1,1081,923,1083,-1,1083,923,921,-1,1083,921,1085,-1,1085,921,919,-1,1085,919,1087,-1,1087,919,917,-1,1087,917,1089,-1,1089,917,915,-1,1089,915,1091,-1,1091,915,913,-1,1091,913,1093,-1,1092,912,1090,-1,1090,912,914,-1,1090,914,1088,-1,1088,914,916,-1,1088,916,1086,-1,1086,916,918,-1,1086,918,1084,-1,1084,918,920,-1,1084,920,1082,-1,1082,920,922,-1,1082,922,1080,-1,1080,922,924,-1,1080,924,98,-1,98,924,259,-1,1094,1092,1095,-1,1095,1092,1093,-1,1096,913,1097,-1,1097,913,912,-1,1098,1099,1100,-1,1101,1102,1103,-1,1104,1105,913,-1,913,1105,1106,-1,913,1106,1107,-1,1107,1108,913,-1,913,1108,1109,-1,913,1109,1110,-1,1102,1111,1103,-1,1103,1111,1112,-1,1103,1112,1110,-1,1110,1112,913,-1,913,1112,1113,-1,913,1113,1093,-1,1093,1113,1114,-1,1093,1114,1115,-1,1116,1117,1118,-1,1118,1117,1119,-1,1118,1119,1120,-1,1098,1100,1118,-1,1118,1100,1121,-1,1118,1121,1116,-1,1115,1122,1093,-1,1093,1122,1123,-1,1093,1123,1124,-1,1125,1126,1127,-1,1127,1126,1128,-1,1127,1128,1129,-1,1127,1130,1131,-1,1119,1132,1120,-1,1120,1132,1133,-1,1120,1133,1103,-1,1103,1133,1134,-1,1103,1134,1101,-1,1131,1135,1127,-1,1127,1135,1136,-1,1127,1136,1137,-1,1137,1136,1138,-1,1099,1139,1100,-1,1100,1139,1140,-1,1100,1140,1129,-1,1129,1140,1141,-1,1129,1141,1127,-1,1127,1141,1142,-1,1127,1142,1130,-1,1143,1144,1145,-1,1145,1144,1146,-1,1145,1146,1096,-1,1096,1146,1147,-1,1096,1147,913,-1,913,1147,1148,-1,913,1148,1104,-1,1138,1149,1137,-1,1137,1149,1150,-1,1137,1150,1151,-1,1151,1150,1152,-1,1151,1152,1153,-1,1153,1152,1144,-1,1153,1144,1154,-1,1154,1144,1143,-1,1125,1127,1155,-1,1155,1127,1156,-1,1155,1156,1157,-1,1157,1156,1158,-1,1157,1158,1159,-1,1095,1160,1161,-1,1161,1160,1157,-1,1161,1157,1162,-1,1162,1157,1159,-1,1124,1163,1093,-1,1093,1163,1164,-1,1093,1164,1095,-1,1095,1164,1165,-1,1095,1165,1160,-1,1166,1167,912,-1,912,1167,1168,-1,912,1168,1169,-1,1170,1171,1172,-1,1172,1171,1173,-1,1172,1173,1174,-1,1092,1175,1176,-1,1177,1178,1092,-1,1178,1179,1092,-1,1092,1179,1180,-1,1092,1180,1181,-1,1182,1183,1184,-1,1184,1183,1175,-1,1184,1175,1185,-1,1185,1175,1092,-1,1185,1092,1186,-1,1186,1092,1181,-1,1176,1187,1092,-1,1092,1187,1188,-1,1092,1188,912,-1,912,1188,1189,-1,912,1189,1166,-1,1190,1191,1192,-1,1192,1191,1193,-1,1193,1194,1192,-1,1192,1194,1195,-1,1192,1195,1172,-1,1172,1195,1196,-1,1172,1196,1170,-1,1184,1197,1182,-1,1182,1197,1198,-1,1182,1198,1199,-1,1169,1200,912,-1,912,1200,1201,-1,912,1201,1097,-1,1202,1203,1204,-1,1204,1203,1190,-1,1204,1190,1205,-1,1205,1190,1192,-1,1202,1206,1203,-1,1203,1206,1207,-1,1203,1207,1208,-1,1208,1207,1097,-1,1208,1097,1209,-1,1209,1097,1201,-1,1210,1211,1174,-1,1174,1211,1212,-1,1174,1212,1172,-1,1172,1212,1213,-1,1172,1213,1214,-1,1214,1215,1172,-1,1172,1215,1216,-1,1172,1216,1217,-1,1217,1216,1218,-1,1217,1218,1219,-1,1219,1218,1220,-1,1219,1220,1221,-1,1221,1220,1222,-1,1199,1223,1182,-1,1182,1223,1224,-1,1182,1224,1225,-1,1225,1224,1226,-1,1222,1220,1227,-1,1227,1220,1228,-1,1227,1228,1094,-1,1094,1228,1229,-1,1094,1229,1092,-1,1092,1229,1230,-1,1092,1230,1177,-1,1224,1231,1226,-1,1226,1231,1232,-1,1226,1232,1174,-1,1174,1232,1233,-1,1174,1233,1210,-1,1192,1172,1137,-1,1137,1172,1127,-1,1096,1097,1207,-1,1096,1207,1145,-1,1145,1207,1206,-1,1145,1206,1143,-1,1143,1206,1202,-1,1143,1202,1154,-1,1154,1202,1204,-1,1154,1204,1153,-1,1153,1204,1205,-1,1153,1205,1151,-1,1151,1205,1192,-1,1151,1192,1137,-1,1127,1172,1217,-1,1127,1217,1156,-1,1156,1217,1219,-1,1156,1219,1158,-1,1158,1219,1221,-1,1158,1221,1159,-1,1159,1221,1222,-1,1159,1222,1162,-1,1162,1222,1227,-1,1162,1227,1161,-1,1161,1227,1094,-1,1161,1094,1095,-1,960,1049,1070,-1,960,1070,982,-1,982,1070,1072,-1,982,1072,981,-1,981,1072,1073,-1,981,1073,979,-1,979,1073,1054,-1,979,1054,993,-1,993,1054,1056,-1,993,1056,994,-1,994,1056,942,-1,994,942,943,-1,940,941,1075,-1,940,1075,1008,-1,1008,1075,1076,-1,1008,1076,1007,-1,1007,1076,1060,-1,1007,1060,1006,-1,1006,1060,1062,-1,1006,1062,1004,-1,1004,1062,1063,-1,1004,1063,1002,-1,1002,1063,1039,-1,1002,1039,946,-1,1059,978,1017,-1,1017,978,977,-1,1017,977,1018,-1,1018,977,954,-1,1018,954,1019,-1,1019,954,953,-1,1019,953,1020,-1,1020,953,952,-1,1020,952,1021,-1,1021,952,951,-1,1021,951,1022,-1,1022,951,965,-1,1059,1058,978,-1,978,1058,996,-1,1050,967,1068,-1,1068,967,966,-1,1068,966,1069,-1,1069,966,959,-1,1069,959,1071,-1,1071,959,958,-1,1071,958,1055,-1,1055,958,980,-1,1055,980,1057,-1,1057,980,995,-1,1057,995,1058,-1,1058,995,996,-1,1050,1048,967,-1,967,1048,961,-1,1065,997,1066,-1,1066,997,968,-1,1066,968,1067,-1,1067,968,970,-1,1067,970,1042,-1,1042,970,945,-1,1042,945,1043,-1,1043,945,944,-1,1043,944,1047,-1,1047,944,962,-1,1047,962,1048,-1,1048,962,961,-1,1065,1064,997,-1,997,1064,947,-1,1013,964,1012,-1,1012,964,963,-1,1012,963,1034,-1,1034,963,957,-1,1034,957,1032,-1,1032,957,956,-1,1032,956,1014,-1,1014,956,955,-1,1014,955,1015,-1,1015,955,948,-1,1015,948,1064,-1,1064,948,947,-1,1013,1022,964,-1,964,1022,965,-1,1028,999,1029,-1,1029,999,950,-1,1029,950,1036,-1,1036,950,949,-1,1036,949,1037,-1,1037,949,976,-1,1037,976,1038,-1,1038,976,975,-1,1038,975,1077,-1,1077,975,974,-1,1077,974,1078,-1,1078,974,1011,-1,1028,1027,999,-1,999,1027,998,-1,1045,984,1046,-1,1046,984,983,-1,1046,983,1023,-1,1023,983,973,-1,1023,973,1024,-1,1024,973,972,-1,1024,972,1025,-1,1025,972,971,-1,1025,971,1026,-1,1026,971,969,-1,1026,969,1027,-1,1027,969,998,-1,1045,1044,984,-1,984,1044,985,-1,1041,991,1016,-1,1016,991,990,-1,1016,990,1035,-1,1035,990,989,-1,1035,989,1030,-1,1030,989,988,-1,1030,988,1031,-1,1031,988,987,-1,1031,987,1033,-1,1033,987,986,-1,1033,986,1044,-1,1044,986,985,-1,1041,1040,991,-1,991,1040,992,-1,1079,1010,1074,-1,1074,1010,1009,-1,1074,1009,1061,-1,1061,1009,1005,-1,1061,1005,1051,-1,1051,1005,1003,-1,1051,1003,1052,-1,1052,1003,1001,-1,1052,1001,1053,-1,1053,1001,1000,-1,1053,1000,1040,-1,1040,1000,992,-1,1079,1078,1010,-1,1010,1078,1011,-1,
        ]
    }
}
Shape{
    appearance Appearance {
        material  Material 	{
            diffuseColor 1.0 1.0 1.0
            specularColor 0.8784313725490196 0.8784313725490196 0.8784313725490196
            ambientIntensity 1.0
            transparency 0.0
            shininess 0.5
        }
    }
    geometry IndexedFaceSet {
        ccw TRUE
        solid FALSE
        coord DEF co Coordinate {
            point [
                -2.3622 1.0905 1.3808, -2.3622 1.0909 1.385, -2.3623 1.0909 1.385, -2.3622 1.0924 1.3892, -2.3628 1.0924 1.3892, -2.3622 1.0947 1.393, -2.3634 1.0947 1.393, -2.3622 1.0978 1.3961, -2.3643 1.0978 1.3961, -2.3622 1.1016 1.3985, -2.3654 1.1016 1.3985, -2.3622 1.1058 1.4, -2.3665 1.1058 1.4, -2.3622 1.1102 1.4005, -2.3677 1.1102 1.4005, -2.3622 1.622 1.4005, -2.3677 1.622 1.4005, -2.3917 1.5053 1.4005, -2.4016 1.3661 1.4005, -2.3917 1.2269 1.4005, -2.3622 1.6417 1.3808, -2.3623 1.6412 1.385, -2.3622 1.6412 1.385, -2.3628 1.6398 1.3892, -2.3622 1.6398 1.3892, -2.3634 1.6374 1.393, -2.3622 1.6374 1.393, -2.3643 1.6343 1.3961, -2.3622 1.6343 1.3961, -2.3654 1.6306 1.3985, -2.3622 1.6306 1.3985, -2.3665 1.6264 1.4, -2.3622 1.6264 1.4, -2.3622 1.6417 0.7115, -2.3622 1.6412 0.7073, -2.3623 1.6412 0.7073, -2.3622 1.6398 0.7031, -2.3628 1.6398 0.7031, -2.3622 1.6374 0.6993, -2.3634 1.6374 0.6993, -2.3622 1.6343 0.6962, -2.3643 1.6343 0.6962, -2.3622 1.6306 0.6938, -2.3654 1.6306 0.6938, -2.3622 1.6264 0.6923, -2.3665 1.6264 0.6923, -2.3622 1.622 0.6918, -2.3677 1.622 0.6918, -2.3622 1.1102 0.6918, -2.3677 1.1102 0.6918, -2.3917 1.2269 0.6918, -2.4016 1.3661 0.6918, -2.3917 1.5053 0.6918, -2.3622 1.0905 0.7115, -2.3623 1.0909 0.7073, -2.3622 1.0909 0.7073, -2.3628 1.0924 0.7031, -2.3622 1.0924 0.7031, -2.3634 1.0947 0.6993, -2.3622 1.0947 0.6993, -2.3643 1.0978 0.6962, -2.3622 1.0978 0.6962, -2.3654 1.1016 0.6938, -2.3622 1.1016 0.6938, -2.3665 1.1058 0.6923, -2.3622 1.1058 0.6923
            ]
        }
        coordIndex [
            0,1,2,-1,2,1,3,-1,2,3,4,-1,4,3,5,-1,4,5,6,-1,6,5,7,-1,6,7,8,-1,8,7,9,-1,8,9,10,-1,10,9,11,-1,10,11,12,-1,12,11,13,-1,12,13,14,-1,15,16,17,-1,17,18,19,-1,15,17,13,-1,13,17,19,-1,13,19,14,-1,20,21,22,-1,22,21,23,-1,22,23,24,-1,24,23,25,-1,24,25,26,-1,26,25,27,-1,26,27,28,-1,28,27,29,-1,28,29,30,-1,30,29,31,-1,30,31,32,-1,32,31,16,-1,32,16,15,-1,33,34,35,-1,35,34,36,-1,35,36,37,-1,37,36,38,-1,37,38,39,-1,39,38,40,-1,39,40,41,-1,41,40,42,-1,41,42,43,-1,43,42,44,-1,43,44,45,-1,45,44,46,-1,45,46,47,-1,48,49,50,-1,50,51,52,-1,48,50,46,-1,46,50,52,-1,46,52,47,-1,53,54,55,-1,55,54,56,-1,55,56,57,-1,57,56,58,-1,57,58,59,-1,59,58,60,-1,59,60,61,-1,61,60,62,-1,61,62,63,-1,63,62,64,-1,63,64,65,-1,65,64,49,-1,65,49,48,-1,
        ]
    }
}
Shape{
    appearance Appearance {
        material  Material 	{
            diffuseColor 0.7764705882352941 0.7568627450980392 0.7372549019607844
            specularColor 0.38823529411764707 0.3764705882352941 0.3686274509803922
            ambientIntensity 0.7605
            transparency 0.0
            shininess 0.5
        }
    }
    geometry IndexedFaceSet {
        ccw TRUE
        solid FALSE
        coord DEF co Coordinate {
            point [
                -2.365 1.1003 0.7017, -2.3634 1.0947 0.6993, -2.3628 1.0924 0.7031, -2.3677 1.1102 0.6918, -2.3665 1.1058 0.6923, -2.3654 1.1016 0.6938, -2.3643 1.0978 0.6962, -2.3623 1.0909 0.7073, -2.3622 1.0905 0.7115, -2.3622 1.0905 1.3808, -2.3643 1.0978 1.3961, -2.3654 1.1016 1.3985, -2.365 1.1003 1.3906, -2.3665 1.1058 1.4, -2.3677 1.1102 1.4005, -2.3623 1.0909 1.385, -2.3628 1.0924 1.3892, -2.3634 1.0947 1.393, -2.3917 1.2269 0.6918, -2.3917 1.2269 1.4005, -2.4016 1.3661 1.4005, -2.4016 1.3661 0.6918, -2.3917 1.5053 1.4005, -2.3677 1.622 1.4005, -2.3677 1.622 0.6918, -2.3623 1.6412 1.385, -2.365 1.6318 1.3906, -2.3628 1.6398 1.3892, -2.3634 1.6374 1.393, -2.3665 1.6264 1.4, -2.3654 1.6306 1.3985, -2.3643 1.6343 1.3961, -2.3654 1.6306 0.6938, -2.3665 1.6264 0.6923, -2.365 1.6318 0.7017, -2.3628 1.6398 0.7031, -2.3634 1.6374 0.6993, -2.3643 1.6343 0.6962, -2.3622 1.6417 1.3808, -2.3622 1.6417 0.7115, -2.3623 1.6412 0.7073, -2.3917 1.5053 0.6918, -2.3622 1.0905 4.495, -2.3622 1.0909 4.4992, -2.3623 1.0909 4.4992, -2.3622 1.0924 4.5034, -2.3628 1.0924 4.5034, -2.3622 1.0947 4.5072, -2.3634 1.0947 4.5072, -2.3622 1.0978 4.5103, -2.3643 1.0978 4.5103, -2.3622 1.1016 4.5127, -2.3654 1.1016 4.5127, -2.3622 1.1058 4.5142, -2.3665 1.1058 4.5142, -2.3622 1.1102 4.5147, -2.3677 1.1102 4.5147, -2.3622 1.622 4.5147, -2.3677 1.622 4.5147, -2.3917 1.5053 4.5147, -2.4016 1.3661 4.5147, -2.3917 1.2269 4.5147, -2.3622 1.6417 4.495, -2.3623 1.6412 4.4992, -2.3622 1.6412 4.4992, -2.3628 1.6398 4.5034, -2.3622 1.6398 4.5034, -2.3634 1.6374 4.5072, -2.3622 1.6374 4.5072, -2.3643 1.6343 4.5103, -2.3622 1.6343 4.5103, -2.3654 1.6306 4.5127, -2.3622 1.6306 4.5127, -2.3665 1.6264 4.5142, -2.3622 1.6264 4.5142, -2.3622 1.6417 3.8257, -2.3622 1.6412 3.8215, -2.3623 1.6412 3.8215, -2.3622 1.6398 3.8173, -2.3628 1.6398 3.8173, -2.3622 1.6374 3.8135, -2.3634 1.6374 3.8135, -2.3622 1.6343 3.8103, -2.3643 1.6343 3.8103, -2.3622 1.6306 3.808, -2.3654 1.6306 3.808, -2.3622 1.6264 3.8065, -2.3665 1.6264 3.8065, -2.3622 1.622 3.806, -2.3677 1.622 3.806, -2.3917 1.2269 3.806, -2.4016 1.3661 3.806, -2.3917 1.5053 3.806, -2.3622 1.1102 3.806, -2.3677 1.1102 3.806, -2.3622 1.0905 3.8257, -2.3623 1.0909 3.8215, -2.3622 1.0909 3.8215, -2.3628 1.0924 3.8173, -2.3622 1.0924 3.8173, -2.3634 1.0947 3.8135, -2.3622 1.0947 3.8135, -2.3643 1.0978 3.8103, -2.3622 1.0978 3.8103, -2.3654 1.1016 3.808, -2.3622 1.1016 3.808, -2.3665 1.1058 3.8065, -2.3622 1.1058 3.8065, -2.365 1.1003 3.8158, -2.365 1.1003 4.5048, -2.365 1.6318 4.5048, -2.365 1.6318 3.8158, -2.3228 0.0962 2.0518, -2.3228 0.7458 2.0518, -2.3622 0.0962 2.0518, -2.3622 0.7458 2.0518, -2.3228 0.7458 2.8392, -2.3622 0.7458 2.8392, -2.3228 0.0962 2.8392, -2.3622 0.0962 2.8392, -2.3228 0.0371 2.7801, -2.3622 0.0371 2.7801, -2.3228 0.0391 2.7954, -2.3622 0.0391 2.7954, -2.3228 0.045 2.8097, -2.3622 0.045 2.8097, -2.3228 0.0544 2.8219, -2.3622 0.0544 2.8219, -2.3228 0.0667 2.8313, -2.3622 0.0667 2.8313, -2.3228 0.0809 2.8372, -2.3622 0.0809 2.8372, -2.3228 0.0371 2.1108, -2.3622 0.0371 2.1108, -2.3228 0.0809 2.0538, -2.3622 0.0809 2.0538, -2.3228 0.0667 2.0597, -2.3622 0.0667 2.0597, -2.3228 0.0544 2.0691, -2.3622 0.0544 2.0691, -2.3228 0.045 2.0813, -2.3622 0.045 2.0813, -2.3228 0.0391 2.0955, -2.3622 0.0391 2.0955, 2.3819 1.622 0.6525, 2.4213 1.622 0.6525, 2.3819 1.6373 0.6545, 2.4213 1.6373 0.6545, 2.3819 1.6515 0.6604, 2.4213 1.6515 0.6604, 2.3819 1.6637 0.6697, 2.4213 1.6637 0.6697, 2.3819 1.6731 0.682, 2.4213 1.6731 0.682, 2.3819 1.679 0.6962, 2.4213 1.679 0.6962, 2.3819 1.681 0.7115, 2.4213 1.681 0.7115, 2.3819 1.681 1.3808, 2.4213 1.681 1.3808, 2.3819 1.679 1.3961, 2.4213 1.679 1.3961, 2.3819 1.6731 1.4103, 2.4213 1.6731 1.4103, 2.3819 1.6637 1.4226, 2.4213 1.6637 1.4226, 2.3819 1.6515 1.4319, 2.4213 1.6515 1.4319, 2.3819 1.6373 1.4378, 2.4213 1.6373 1.4378, 2.3819 1.622 1.4399, 2.4213 1.622 1.4399, 2.3819 1.1102 1.4399, 2.4213 1.1102 1.4399, 2.3819 1.0949 1.4378, 2.4213 1.0949 1.4378, 2.3819 1.0806 1.4319, 2.4213 1.0806 1.4319, 2.3819 1.0684 1.4226, 2.4213 1.0684 1.4226, 2.3819 1.059 1.4103, 2.4213 1.059 1.4103, 2.3819 1.0531 1.3961, 2.4213 1.0531 1.3961, 2.3819 1.0511 1.3808, 2.4213 1.0511 1.3808, 2.3819 1.0511 0.7115, 2.4213 1.0511 0.7115, 2.3819 1.0531 0.6962, 2.4213 1.0531 0.6962, 2.3819 1.059 0.682, 2.4213 1.059 0.682, 2.3819 1.0684 0.6697, 2.4213 1.0684 0.6697, 2.3819 1.0806 0.6604, 2.4213 1.0806 0.6604, 2.3819 1.0949 0.6545, 2.4213 1.0949 0.6545, 2.3819 1.1102 0.6525, 2.4213 1.1102 0.6525, 2.3819 1.681 4.4932, 2.4213 1.681 4.4932, 2.3819 1.679 4.5085, 2.4213 1.679 4.5085, 2.3819 1.6731 4.5227, 2.4213 1.6731 4.5227, 2.3819 1.6637 4.535, 2.4213 1.6637 4.535, 2.3819 1.6515 4.5444, 2.4213 1.6515 4.5444, 2.3819 1.6373 4.5503, 2.4213 1.6373 4.5503, 2.3819 1.622 4.5523, 2.4213 1.622 4.5523, 2.3819 1.1102 4.5523, 2.4213 1.1102 4.5523, 2.3819 1.0949 4.5503, 2.4213 1.0949 4.5503, 2.3819 1.0806 4.5444, 2.4213 1.0806 4.5444, 2.3819 1.0684 4.535, 2.4213 1.0684 4.535, 2.3819 1.059 4.5227, 2.4213 1.059 4.5227, 2.3819 1.0531 4.5085, 2.4213 1.0531 4.5085, 2.3819 1.0511 4.4932, 2.4213 1.0511 4.4932, 2.3819 1.0511 3.8239, 2.4213 1.0511 3.8239, 2.3819 1.0531 3.8086, 2.4213 1.0531 3.8086, 2.3819 1.059 3.7944, 2.4213 1.059 3.7944, 2.3819 1.0684 3.7822, 2.4213 1.0684 3.7822, 2.3819 1.0806 3.7728, 2.4213 1.0806 3.7728, 2.3819 1.0949 3.7669, 2.4213 1.0949 3.7669, 2.3819 1.1102 3.7649, 2.4213 1.1102 3.7649, 2.3819 1.622 3.7649, 2.4213 1.622 3.7649, 2.3819 1.6373 3.7669, 2.4213 1.6373 3.7669, 2.3819 1.6515 3.7728, 2.4213 1.6515 3.7728, 2.3819 1.6637 3.7822, 2.4213 1.6637 3.7822, 2.3819 1.6731 3.7944, 2.4213 1.6731 3.7944, 2.3819 1.679 3.8086, 2.4213 1.679 3.8086, 2.3819 1.681 3.8239, 2.4213 1.681 3.8239, 2.3622 1.0905 1.3808, 2.3623 1.0909 1.385, 2.3622 1.0909 1.385, 2.3628 1.0924 1.3892, 2.3622 1.0924 1.3892, 2.3634 1.0947 1.393, 2.3622 1.0947 1.393, 2.3643 1.0978 1.3961, 2.3622 1.0978 1.3961, 2.3654 1.1016 1.3985, 2.3622 1.1016 1.3985, 2.3665 1.1058 1.4, 2.3622 1.1058 1.4, 2.3677 1.1102 1.4005, 2.3622 1.1102 1.4005, 2.3622 1.6417 1.3808, 2.3622 1.6412 1.385, 2.3623 1.6412 1.385, 2.3622 1.6398 1.3892, 2.3628 1.6398 1.3892, 2.3622 1.6374 1.393, 2.3634 1.6374 1.393, 2.3622 1.6343 1.3961, 2.3643 1.6343 1.3961, 2.3622 1.6306 1.3985, 2.3654 1.6306 1.3985, 2.3622 1.6264 1.4, 2.3665 1.6264 1.4, 2.3622 1.622 1.4005, 2.3677 1.622 1.4005, 2.3917 1.2269 1.4005, 2.4016 1.3661 1.4005, 2.3917 1.5053 1.4005, 2.3622 1.6417 0.7115, 2.3623 1.6412 0.7073, 2.3622 1.6412 0.7073, 2.3628 1.6398 0.7031, 2.3622 1.6398 0.7031, 2.3634 1.6374 0.6993, 2.3622 1.6374 0.6993, 2.3643 1.6343 0.6962, 2.3622 1.6343 0.6962, 2.3654 1.6306 0.6938, 2.3622 1.6306 0.6938, 2.3665 1.6264 0.6923, 2.3622 1.6264 0.6923, 2.3677 1.622 0.6918, 2.3622 1.622 0.6918, 2.3917 1.5053 0.6918, 2.4016 1.3661 0.6918, 2.3917 1.2269 0.6918, 2.3677 1.1102 0.6918, 2.3622 1.1102 0.6918, 2.3622 1.0905 0.7115, 2.3622 1.0909 0.7073, 2.3623 1.0909 0.7073, 2.3622 1.0924 0.7031, 2.3628 1.0924 0.7031, 2.3622 1.0947 0.6993, 2.3634 1.0947 0.6993, 2.3622 1.0978 0.6962, 2.3643 1.0978 0.6962, 2.3622 1.1016 0.6938, 2.3654 1.1016 0.6938, 2.3622 1.1058 0.6923, 2.3665 1.1058 0.6923, 2.365 1.1003 1.3906, 2.365 1.1003 0.7017, 2.365 1.6318 0.7017, 2.365 1.6318 1.3906, 2.3622 1.0905 4.495, 2.3623 1.0909 4.4992, 2.3622 1.0909 4.4992, 2.3628 1.0924 4.5034, 2.3622 1.0924 4.5034, 2.3634 1.0947 4.5072, 2.3622 1.0947 4.5072, 2.3643 1.0978 4.5103, 2.3622 1.0978 4.5103, 2.3654 1.1016 4.5127, 2.3622 1.1016 4.5127, 2.3665 1.1058 4.5142, 2.3622 1.1058 4.5142, 2.3677 1.1102 4.5147, 2.3622 1.1102 4.5147, 2.3622 1.6417 4.495, 2.3622 1.6412 4.4992, 2.3623 1.6412 4.4992, 2.3622 1.6398 4.5034, 2.3628 1.6398 4.5034, 2.3622 1.6374 4.5072, 2.3634 1.6374 4.5072, 2.3622 1.6343 4.5103, 2.3643 1.6343 4.5103, 2.3622 1.6306 4.5127, 2.3654 1.6306 4.5127, 2.3622 1.6264 4.5142, 2.3665 1.6264 4.5142, 2.3622 1.622 4.5147, 2.3677 1.622 4.5147, 2.3917 1.2269 4.5147, 2.4016 1.3661 4.5147, 2.3917 1.5053 4.5147, 2.3622 1.6417 3.8257, 2.3623 1.6412 3.8215, 2.3622 1.6412 3.8215, 2.3628 1.6398 3.8173, 2.3622 1.6398 3.8173, 2.3634 1.6374 3.8135, 2.3622 1.6374 3.8135, 2.3643 1.6343 3.8103, 2.3622 1.6343 3.8103, 2.3654 1.6306 3.808, 2.3622 1.6306 3.808, 2.3665 1.6264 3.8065, 2.3622 1.6264 3.8065, 2.3677 1.622 3.806, 2.3622 1.622 3.806, 2.3917 1.5053 3.806, 2.4016 1.3661 3.806, 2.3917 1.2269 3.806, 2.3622 1.1102 3.806, 2.3677 1.1102 3.806, 2.3622 1.0905 3.8257, 2.3622 1.0909 3.8215, 2.3623 1.0909 3.8215, 2.3622 1.0924 3.8173, 2.3628 1.0924 3.8173, 2.3622 1.0947 3.8135, 2.3634 1.0947 3.8135, 2.3622 1.0978 3.8103, 2.3643 1.0978 3.8103, 2.3622 1.1016 3.808, 2.3654 1.1016 3.808, 2.3622 1.1058 3.8065, 2.3665 1.1058 3.8065, 2.365 1.1003 4.5048, 2.365 1.1003 3.8158, 2.365 1.6318 3.8158, 2.365 1.6318 4.5048, 2.3228 0.7458 2.0518, 2.3228 0.0962 2.0518, 2.3622 0.7458 2.0518, 2.3622 0.0962 2.0518, 2.3228 0.7458 2.8392, 2.3622 0.7458 2.8392, 2.3228 0.0962 2.8392, 2.3622 0.0962 2.8392, 2.3228 0.0809 2.8372, 2.3622 0.0809 2.8372, 2.3228 0.0667 2.8313, 2.3622 0.0667 2.8313, 2.3228 0.0544 2.8219, 2.3622 0.0544 2.8219, 2.3228 0.045 2.8097, 2.3622 0.045 2.8097, 2.3228 0.0391 2.7954, 2.3622 0.0391 2.7954, 2.3228 0.0371 2.7801, 2.3622 0.0371 2.7801, 2.3228 0.0371 2.1108, 2.3622 0.0371 2.1108, 2.3228 0.0391 2.0955, 2.3622 0.0391 2.0955, 2.3228 0.045 2.0813, 2.3622 0.045 2.0813, 2.3228 0.0544 2.0691, 2.3622 0.0544 2.0691, 2.3228 0.0667 2.0597, 2.3622 0.0667 2.0597, 2.3228 0.0809 2.0538, 2.3622 0.0809 2.0538, 1.6535 1.6909 5.0669, 1.6535 1.6909 5.0276, 0.1575 1.6909 5.0669, 0.1575 1.6909 5.0276, 0.1575 1.8483 5.0079, 0.1575 1.8877 5.0079, 0.1575 1.8477 5.013, 0.1575 1.8857 5.0232, 0.1575 1.8457 5.0177, 0.1575 1.8798 5.0374, 0.1575 1.8426 5.0218, 0.1575 1.8704 5.0496, 0.1575 1.8385 5.0249, 0.1575 1.8582 5.059, 0.1575 1.8338 5.0269, 0.1575 1.8439 5.0649, 0.1575 1.8287 5.0276, 0.1575 1.8287 5.0669, 1.6535 1.8287 5.0276, 1.6535 1.8287 5.0669, 1.6535 1.8338 5.0269, 1.6535 1.8439 5.0649, 1.6535 1.8385 5.0249, 1.6535 1.8582 5.059, 1.6535 1.8426 5.0218, 1.6535 1.8704 5.0496, 1.6535 1.8457 5.0177, 1.6535 1.8798 5.0374, 1.6535 1.8477 5.013, 1.6535 1.8857 5.0232, 1.6535 1.8483 5.0079, 1.6535 1.8877 5.0079, -0.1575 1.6909 5.0669, -0.1575 1.6909 5.0276, -1.6535 1.6909 5.0669, -1.6535 1.6909 5.0276, -1.6535 1.8483 5.0079, -1.6535 1.8877 5.0079, -1.6535 1.8477 5.013, -1.6535 1.8857 5.0232, -1.6535 1.8457 5.0177, -1.6535 1.8798 5.0374, -1.6535 1.8426 5.0218, -1.6535 1.8704 5.0496, -1.6535 1.8385 5.0249, -1.6535 1.8582 5.059, -1.6535 1.8338 5.0269, -1.6535 1.8439 5.0649, -1.6535 1.8287 5.0276, -1.6535 1.8287 5.0669, -0.1575 1.8287 5.0276, -0.1575 1.8287 5.0669, -0.1575 1.8338 5.0269, -0.1575 1.8439 5.0649, -0.1575 1.8385 5.0249, -0.1575 1.8582 5.059, -0.1575 1.8426 5.0218, -0.1575 1.8704 5.0496, -0.1575 1.8457 5.0177, -0.1575 1.8798 5.0374, -0.1575 1.8477 5.013, -0.1575 1.8857 5.0232, -0.1575 1.8483 5.0079, -0.1575 1.8877 5.0079, -2.3228 1.6909 5.0079, -2.3622 1.6909 5.0079, -2.3222 1.6909 5.013, -2.3602 1.6909 5.0232, -2.3202 1.6909 5.0177, -2.3543 1.6909 5.0374, -2.3171 1.6909 5.0218, -2.3449 1.6909 5.0496, -2.313 1.6909 5.0249, -2.3327 1.6909 5.059, -2.3082 1.6909 5.0269, -2.3184 1.6909 5.0649, -2.3031 1.6909 5.0276, -2.3031 1.6909 5.0669, -1.9685 1.6909 5.0276, -1.9685 1.6909 5.0669, -1.9685 1.8287 5.0276, -1.9685 1.8287 5.0669, -1.9685 1.8338 5.0269, -1.9685 1.8439 5.0649, -1.9685 1.8385 5.0249, -1.9685 1.8582 5.059, -1.9685 1.8426 5.0218, -1.9685 1.8704 5.0496, -1.9685 1.8457 5.0177, -1.9685 1.8798 5.0374, -1.9685 1.8477 5.013, -1.9685 1.8857 5.0232, -1.9685 1.8483 5.0079, -1.9685 1.8877 5.0079, 1.9685 1.6909 5.0276, 1.9685 1.6909 5.0669, 2.3031 1.6909 5.0276, 2.3031 1.6909 5.0669, 2.3082 1.6909 5.0269, 2.3184 1.6909 5.0649, 2.313 1.6909 5.0249, 2.3327 1.6909 5.059, 2.3171 1.6909 5.0218, 2.3449 1.6909 5.0496, 2.3202 1.6909 5.0177, 2.3543 1.6909 5.0374, 2.3222 1.6909 5.013, 2.3602 1.6909 5.0232, 2.3228 1.6909 5.0079, 2.3622 1.6909 5.0079, 1.9685 1.8483 5.0079, 1.9685 1.8877 5.0079, 1.9685 1.8477 5.013, 1.9685 1.8857 5.0232, 1.9685 1.8457 5.0177, 1.9685 1.8798 5.0374, 1.9685 1.8426 5.0218, 1.9685 1.8704 5.0496, 1.9685 1.8385 5.0249, 1.9685 1.8582 5.059, 1.9685 1.8338 5.0269, 1.9685 1.8439 5.0649, 1.9685 1.8287 5.0276, 1.9685 1.8287 5.0669, 1.4764 1.868 3.3898, 1.4764 1.868 3.7835, 1.4764 1.8877 3.3898, 1.4764 1.8877 3.7835, -1.4764 1.868 3.7835, -1.4764 1.8877 3.7835, -1.4764 1.868 3.3898, -1.4764 1.8877 3.3898, -1.4764 1.868 1.815, -1.4764 1.868 1.4213, -1.4764 1.8877 1.815, -1.4764 1.8877 1.4213, 1.4764 1.868 1.4213, 1.4764 1.8877 1.4213, 1.4764 1.868 1.815, 1.4764 1.8877 1.815, 2.3228 -2.0493 0.276, 2.3622 -2.0493 0.276, 2.3228 -2.0493 0.1969, 2.3622 -2.0493 0.1969, 2.3222 -2.0493 0.1918, 2.3602 -2.0493 0.1816, 2.3202 -2.0493 0.187, 2.3543 -2.0493 0.1673, 2.3171 -2.0493 0.1829, 2.3449 -2.0493 0.1551, 2.313 -2.0493 0.1798, 2.3327 -2.0493 0.1457, 2.3082 -2.0493 0.1778, 2.3184 -2.0493 0.1398, 2.3031 -2.0493 0.1772, 2.3031 -2.0493 0.1378, 0.0039 -2.0493 0.1772, 0.0039 -2.0493 0.1378, 2.3031 1.8483 0.1772, 2.3588 1.8483 0.1772, 2.3031 -1.9312 0.1772, 2.3588 -1.9312 0.1772, -0.0039 -2.0493 0.1772, -0.0039 -2.0493 0.1378, -2.3031 -2.0493 0.1772, -2.3031 -2.0493 0.1378, -2.3075 -2.0493 0.1777, -2.3163 -2.0493 0.1393, -2.3117 -2.0493 0.1791, -2.3288 -2.0493 0.1436, -2.3154 -2.0493 0.1815, -2.34 -2.0493 0.1507, -2.3185 -2.0493 0.1846, -2.3493 -2.0493 0.16, -2.3209 -2.0493 0.1883, -2.3564 -2.0493 0.1712, -2.3223 -2.0493 0.1925, -2.3607 -2.0493 0.1837, -2.3228 -2.0493 0.1969, -2.3622 -2.0493 0.1969, -2.3228 -2.0493 0.276, -2.3622 -2.0493 0.276, -2.3588 1.8483 0.1772, -2.3031 1.8483 0.1772, -2.3588 -1.9312 0.1772, -2.3031 -1.9312 0.1772, -2.3075 -1.9312 0.1777, -2.3117 -1.9312 0.1791, -2.3154 -1.9312 0.1815, -2.3228 -1.9312 0.276, -2.3622 -1.9312 0.276, -2.3228 -1.9312 0.1969, -2.3622 -1.9312 0.1969, -2.3223 -1.9312 0.1925, -2.3614 -1.9312 0.1869, -2.3209 -1.9312 0.1883, -2.3185 -1.9312 0.1846, -2.3622 -1.9332 0.2912, -2.3228 -1.9332 0.2912, -2.3622 -1.939 0.3053, -2.3228 -1.939 0.3053, -2.3622 -1.9484 0.3175, -2.3228 -1.9484 0.3175, -2.3622 -1.9605 0.3268, -2.3228 -1.9605 0.3268, -2.3622 -1.9747 0.3326, -2.3228 -1.9747 0.3326, -2.3622 -1.9898 0.3346, -2.3228 -1.9898 0.3346, -2.3228 -1.9906 0.3346, -2.3622 -1.9906 0.3346, -2.3622 -2.0058 0.3326, -2.3228 -2.0058 0.3326, -2.3622 -2.02 0.3268, -2.3228 -2.02 0.3268, -2.3622 -2.0321 0.3175, -2.3228 -2.0321 0.3175, -2.3622 -2.0414 0.3053, -2.3228 -2.0414 0.3053, -2.3622 -2.0473 0.2912, -2.3228 -2.0473 0.2912, 2.3228 -1.9906 0.3346, 2.3622 -1.9906 0.3346, 2.3228 -2.0058 0.3326, 2.3622 -2.0058 0.3326, 2.3228 -2.02 0.3268, 2.3622 -2.02 0.3268, 2.3228 -2.0321 0.3175, 2.3622 -2.0321 0.3175, 2.3228 -2.0414 0.3053, 2.3622 -2.0414 0.3053, 2.3228 -2.0473 0.2912, 2.3622 -2.0473 0.2912, 2.3622 -1.9898 0.3346, 2.3228 -1.9898 0.3346, 2.3228 -1.9312 0.276, 2.3622 -1.9312 0.276, 2.3228 -1.9332 0.2912, 2.3622 -1.9332 0.2912, 2.3228 -1.939 0.3053, 2.3622 -1.939 0.3053, 2.3228 -1.9484 0.3175, 2.3622 -1.9484 0.3175, 2.3228 -1.9605 0.3268, 2.3622 -1.9605 0.3268, 2.3228 -1.9747 0.3326, 2.3622 -1.9747 0.3326, 2.3185 -1.9312 0.1846, 2.3154 -1.9312 0.1815, 2.3117 -1.9312 0.1791, 2.3075 -1.9312 0.1777, 2.3622 -1.9312 0.1969, 2.3228 -1.9312 0.1969, 2.3614 -1.9312 0.1869, 2.3223 -1.9312 0.1925, 2.3209 -1.9312 0.1883, -1.3193 -5.1792 5.0276, -1.3193 -5.1792 5.0669, -1.3323 -5.1807 5.0276, -1.3323 -5.1807 5.0669, -1.3447 -5.185 5.0276, -1.3447 -5.185 5.0669, -1.3559 -5.192 5.0276, -1.3559 -5.192 5.0669, -1.3652 -5.2013 5.0276, -1.3652 -5.2013 5.0669, -1.3721 -5.2124 5.0276, -1.3721 -5.2124 5.0669, -1.3765 -5.2248 5.0276, -1.3765 -5.2248 5.0669, -1.378 -5.2379 5.0276, -1.378 -5.2379 5.0669, -1.3185 -5.1792 5.0669, -1.3185 -5.1792 5.0276, -1.2598 -5.2379 5.0276, -1.2598 -5.2379 5.0669, -1.2613 -5.2248 5.0276, -1.2613 -5.2248 5.0669, -1.2657 -5.2124 5.0276, -1.2657 -5.2124 5.0669, -1.2726 -5.2013 5.0276, -1.2726 -5.2013 5.0669, -1.2819 -5.192 5.0276, -1.2819 -5.192 5.0669, -1.2931 -5.185 5.0276, -1.2931 -5.185 5.0669, -1.3055 -5.1807 5.0276, -1.3055 -5.1807 5.0669, -1.2598 -5.3367 5.0669, -1.2598 -5.3367 5.0276, -1.2598 -5.3439 5.0683, -1.2598 -5.3546 5.0305, -1.2598 -5.3502 5.0713, -1.2598 -5.3688 5.0366, -1.2598 -5.3556 5.0758, -1.2598 -5.3818 5.0465, -1.2598 -5.3605 5.082, -1.2598 -5.3917 5.058, -1.378 -5.3367 5.0669, -1.378 -5.3367 5.0276, 1.3185 -5.1792 5.0276, 1.3185 -5.1792 5.0669, 1.3055 -5.1807 5.0276, 1.3055 -5.1807 5.0669, 1.2931 -5.185 5.0276, 1.2931 -5.185 5.0669, 1.2819 -5.192 5.0276, 1.2819 -5.192 5.0669, 1.2726 -5.2013 5.0276, 1.2726 -5.2013 5.0669, 1.2657 -5.2124 5.0276, 1.2657 -5.2124 5.0669, 1.2613 -5.2248 5.0276, 1.2613 -5.2248 5.0669, 1.2598 -5.2379 5.0276, 1.2598 -5.2379 5.0669, 1.3193 -5.1792 5.0669, 1.3193 -5.1792 5.0276, 1.378 -5.2379 5.0276, 1.378 -5.2379 5.0669, 1.3765 -5.2248 5.0276, 1.3765 -5.2248 5.0669, 1.3721 -5.2124 5.0276, 1.3721 -5.2124 5.0669, 1.3652 -5.2013 5.0276, 1.3652 -5.2013 5.0669, 1.3559 -5.192 5.0276, 1.3559 -5.192 5.0669, 1.3447 -5.185 5.0276, 1.3447 -5.185 5.0669, 1.3323 -5.1807 5.0276, 1.3323 -5.1807 5.0669, 1.2598 -5.3605 5.082, 1.2598 -5.3917 5.058, 1.2598 -5.3556 5.0758, 1.2598 -5.3818 5.0465, 1.2598 -5.3502 5.0713, 1.2598 -5.3688 5.0366, 1.2598 -5.3439 5.0683, 1.2598 -5.3546 5.0305, 1.2598 -5.3367 5.0669, 1.2598 -5.3367 5.0276, 1.378 -5.3367 5.0669, 1.378 -5.3367 5.0276
            ]
        }
        coordIndex [
            0,1,2,-1,0,3,4,-1,4,5,0,-1,0,5,6,-1,0,6,1,-1,2,7,0,-1,0,7,8,-1,0,8,9,-1,10,11,12,-1,12,11,13,-1,12,13,14,-1,15,16,12,-1,12,16,17,-1,12,17,10,-1,18,3,14,-1,14,3,0,-1,14,0,12,-1,12,0,9,-1,12,9,15,-1,14,19,18,-1,18,19,20,-1,18,20,21,-1,22,23,24,-1,25,26,27,-1,27,26,28,-1,29,30,26,-1,26,30,31,-1,26,31,28,-1,32,33,34,-1,34,33,24,-1,34,24,26,-1,26,24,23,-1,26,23,29,-1,35,36,34,-1,34,36,37,-1,34,37,32,-1,25,38,26,-1,26,38,39,-1,26,39,34,-1,34,39,40,-1,34,40,35,-1,24,41,22,-1,22,41,21,-1,22,21,20,-1,42,43,44,-1,44,43,45,-1,44,45,46,-1,46,45,47,-1,46,47,48,-1,48,47,49,-1,48,49,50,-1,50,49,51,-1,50,51,52,-1,52,51,53,-1,52,53,54,-1,54,53,55,-1,54,55,56,-1,57,58,59,-1,59,60,61,-1,57,59,55,-1,55,59,61,-1,55,61,56,-1,62,63,64,-1,64,63,65,-1,64,65,66,-1,66,65,67,-1,66,67,68,-1,68,67,69,-1,68,69,70,-1,70,69,71,-1,70,71,72,-1,72,71,73,-1,72,73,74,-1,74,73,58,-1,74,58,57,-1,75,76,77,-1,77,76,78,-1,77,78,79,-1,79,78,80,-1,79,80,81,-1,81,80,82,-1,81,82,83,-1,83,82,84,-1,83,84,85,-1,85,84,86,-1,85,86,87,-1,87,86,88,-1,87,88,89,-1,90,91,92,-1,89,88,92,-1,92,88,93,-1,92,93,90,-1,90,93,94,-1,95,96,97,-1,97,96,98,-1,97,98,99,-1,99,98,100,-1,99,100,101,-1,101,100,102,-1,101,102,103,-1,103,102,104,-1,103,104,105,-1,105,104,106,-1,105,106,107,-1,107,106,94,-1,107,94,93,-1,108,100,98,-1,108,94,106,-1,106,104,108,-1,108,104,102,-1,108,102,100,-1,98,96,108,-1,108,96,95,-1,108,95,42,-1,50,52,109,-1,109,52,54,-1,109,54,56,-1,44,46,109,-1,109,46,48,-1,109,48,50,-1,90,94,56,-1,56,94,108,-1,56,108,109,-1,109,108,42,-1,109,42,44,-1,56,61,90,-1,90,61,60,-1,90,60,91,-1,59,58,89,-1,63,110,65,-1,65,110,67,-1,73,71,110,-1,110,71,69,-1,110,69,67,-1,85,87,111,-1,111,87,89,-1,111,89,110,-1,110,89,58,-1,110,58,73,-1,79,81,111,-1,111,81,83,-1,111,83,85,-1,63,62,110,-1,110,62,75,-1,110,75,111,-1,111,75,77,-1,111,77,79,-1,89,92,59,-1,59,92,91,-1,59,91,60,-1,112,113,114,-1,114,113,115,-1,113,116,115,-1,115,116,117,-1,116,118,117,-1,117,118,119,-1,120,121,122,-1,122,121,123,-1,122,123,124,-1,124,123,125,-1,124,125,126,-1,126,125,127,-1,126,127,128,-1,128,127,129,-1,128,129,130,-1,130,129,131,-1,130,131,118,-1,118,131,119,-1,120,132,121,-1,121,132,133,-1,112,114,134,-1,134,114,135,-1,134,135,136,-1,136,135,137,-1,136,137,138,-1,138,137,139,-1,138,139,140,-1,140,139,141,-1,140,141,142,-1,142,141,143,-1,142,143,132,-1,132,143,133,-1,144,145,146,-1,146,145,147,-1,146,147,148,-1,148,147,149,-1,148,149,150,-1,150,149,151,-1,150,151,152,-1,152,151,153,-1,152,153,154,-1,154,153,155,-1,154,155,156,-1,156,155,157,-1,158,156,159,-1,159,156,157,-1,158,159,160,-1,160,159,161,-1,160,161,162,-1,162,161,163,-1,162,163,164,-1,164,163,165,-1,164,165,166,-1,166,165,167,-1,166,167,168,-1,168,167,169,-1,168,169,170,-1,170,169,171,-1,172,170,173,-1,173,170,171,-1,172,173,174,-1,174,173,175,-1,174,175,176,-1,176,175,177,-1,176,177,178,-1,178,177,179,-1,178,179,180,-1,180,179,181,-1,180,181,182,-1,182,181,183,-1,182,183,184,-1,184,183,185,-1,186,184,187,-1,187,184,185,-1,186,187,188,-1,188,187,189,-1,188,189,190,-1,190,189,191,-1,190,191,192,-1,192,191,193,-1,192,193,194,-1,194,193,195,-1,194,195,196,-1,196,195,197,-1,196,197,198,-1,198,197,199,-1,144,198,145,-1,145,198,199,-1,200,201,202,-1,202,201,203,-1,202,203,204,-1,204,203,205,-1,204,205,206,-1,206,205,207,-1,206,207,208,-1,208,207,209,-1,208,209,210,-1,210,209,211,-1,210,211,212,-1,212,211,213,-1,214,212,215,-1,215,212,213,-1,214,215,216,-1,216,215,217,-1,216,217,218,-1,218,217,219,-1,218,219,220,-1,220,219,221,-1,220,221,222,-1,222,221,223,-1,222,223,224,-1,224,223,225,-1,224,225,226,-1,226,225,227,-1,228,226,229,-1,229,226,227,-1,228,229,230,-1,230,229,231,-1,230,231,232,-1,232,231,233,-1,232,233,234,-1,234,233,235,-1,234,235,236,-1,236,235,237,-1,236,237,238,-1,238,237,239,-1,238,239,240,-1,240,239,241,-1,242,240,243,-1,243,240,241,-1,242,243,244,-1,244,243,245,-1,244,245,246,-1,246,245,247,-1,246,247,248,-1,248,247,249,-1,248,249,250,-1,250,249,251,-1,250,251,252,-1,252,251,253,-1,252,253,254,-1,254,253,255,-1,200,254,201,-1,201,254,255,-1,256,257,258,-1,258,257,259,-1,258,259,260,-1,260,259,261,-1,260,261,262,-1,262,261,263,-1,262,263,264,-1,264,263,265,-1,264,265,266,-1,266,265,267,-1,266,267,268,-1,268,267,269,-1,268,269,270,-1,271,272,273,-1,273,272,274,-1,273,274,275,-1,275,274,276,-1,275,276,277,-1,277,276,278,-1,277,278,279,-1,279,278,280,-1,279,280,281,-1,281,280,282,-1,281,282,283,-1,283,282,284,-1,283,284,285,-1,286,287,288,-1,285,284,288,-1,288,284,270,-1,288,270,286,-1,286,270,269,-1,289,290,291,-1,291,290,292,-1,291,292,293,-1,293,292,294,-1,293,294,295,-1,295,294,296,-1,295,296,297,-1,297,296,298,-1,297,298,299,-1,299,298,300,-1,299,300,301,-1,301,300,302,-1,301,302,303,-1,304,305,306,-1,307,308,306,-1,306,308,303,-1,306,303,304,-1,304,303,302,-1,309,310,311,-1,311,310,312,-1,311,312,313,-1,313,312,314,-1,313,314,315,-1,315,314,316,-1,315,316,317,-1,317,316,318,-1,317,318,319,-1,319,318,320,-1,319,320,321,-1,321,320,308,-1,321,308,307,-1,305,287,286,-1,261,259,322,-1,322,259,257,-1,322,257,256,-1,322,269,267,-1,267,265,322,-1,322,265,263,-1,322,263,261,-1,317,319,323,-1,323,319,321,-1,323,321,307,-1,323,309,311,-1,311,313,323,-1,323,313,315,-1,323,315,317,-1,256,309,322,-1,322,309,323,-1,322,323,269,-1,269,323,307,-1,269,307,286,-1,286,307,306,-1,286,306,305,-1,287,305,304,-1,294,292,324,-1,324,292,290,-1,324,290,289,-1,324,302,300,-1,300,298,324,-1,324,298,296,-1,324,296,294,-1,279,281,325,-1,325,281,283,-1,325,283,285,-1,325,271,273,-1,273,275,325,-1,325,275,277,-1,325,277,279,-1,289,271,324,-1,324,271,325,-1,324,325,302,-1,302,325,285,-1,302,285,304,-1,304,285,288,-1,304,288,287,-1,326,327,328,-1,328,327,329,-1,328,329,330,-1,330,329,331,-1,330,331,332,-1,332,331,333,-1,332,333,334,-1,334,333,335,-1,334,335,336,-1,336,335,337,-1,336,337,338,-1,338,337,339,-1,338,339,340,-1,341,342,343,-1,343,342,344,-1,343,344,345,-1,345,344,346,-1,345,346,347,-1,347,346,348,-1,347,348,349,-1,349,348,350,-1,349,350,351,-1,351,350,352,-1,351,352,353,-1,353,352,354,-1,353,354,355,-1,356,357,358,-1,355,354,358,-1,358,354,340,-1,358,340,356,-1,356,340,339,-1,359,360,361,-1,361,360,362,-1,361,362,363,-1,363,362,364,-1,363,364,365,-1,365,364,366,-1,365,366,367,-1,367,366,368,-1,367,368,369,-1,369,368,370,-1,369,370,371,-1,371,370,372,-1,371,372,373,-1,373,372,374,-1,374,375,376,-1,373,374,377,-1,377,374,376,-1,377,376,378,-1,379,380,381,-1,381,380,382,-1,381,382,383,-1,383,382,384,-1,383,384,385,-1,385,384,386,-1,385,386,387,-1,387,386,388,-1,387,388,389,-1,389,388,390,-1,389,390,391,-1,391,390,377,-1,391,377,378,-1,375,357,356,-1,327,392,329,-1,329,392,331,-1,337,335,392,-1,392,335,333,-1,392,333,331,-1,389,391,393,-1,393,391,378,-1,393,378,392,-1,383,385,393,-1,393,385,387,-1,393,387,389,-1,327,326,392,-1,392,326,379,-1,392,379,393,-1,393,379,381,-1,393,381,383,-1,337,392,339,-1,339,392,378,-1,339,378,356,-1,356,378,376,-1,356,376,375,-1,357,375,374,-1,364,362,394,-1,394,362,360,-1,394,360,359,-1,394,372,370,-1,370,368,394,-1,394,368,366,-1,394,366,364,-1,349,351,395,-1,395,351,353,-1,395,353,355,-1,395,341,343,-1,343,345,395,-1,395,345,347,-1,395,347,349,-1,359,341,394,-1,394,341,395,-1,394,395,372,-1,372,395,355,-1,372,355,374,-1,374,355,358,-1,374,358,357,-1,396,397,398,-1,398,397,399,-1,400,396,401,-1,401,396,398,-1,402,400,403,-1,403,400,401,-1,402,403,404,-1,404,403,405,-1,404,405,406,-1,406,405,407,-1,406,407,408,-1,408,407,409,-1,408,409,410,-1,410,409,411,-1,410,411,412,-1,412,411,413,-1,412,413,414,-1,414,413,415,-1,416,414,417,-1,417,414,415,-1,416,417,418,-1,418,417,419,-1,418,419,420,-1,420,419,421,-1,420,421,422,-1,422,421,423,-1,422,423,424,-1,424,423,425,-1,424,425,426,-1,426,425,427,-1,426,427,397,-1,397,427,399,-1,428,429,430,-1,430,429,431,-1,432,433,434,-1,434,433,435,-1,434,435,436,-1,436,435,437,-1,436,437,438,-1,438,437,439,-1,438,439,440,-1,440,439,441,-1,440,441,442,-1,442,441,443,-1,442,443,444,-1,444,443,445,-1,444,445,431,-1,431,445,430,-1,429,428,446,-1,446,428,447,-1,446,447,448,-1,448,447,449,-1,448,449,450,-1,450,449,451,-1,450,451,452,-1,452,451,453,-1,452,453,454,-1,454,453,455,-1,454,455,456,-1,456,455,457,-1,456,457,458,-1,458,457,459,-1,459,433,458,-1,458,433,432,-1,460,461,462,-1,462,461,463,-1,464,465,466,-1,466,465,467,-1,466,467,468,-1,468,467,469,-1,468,469,470,-1,470,469,471,-1,470,471,472,-1,472,471,473,-1,472,473,474,-1,474,473,475,-1,474,475,476,-1,476,475,477,-1,476,477,463,-1,463,477,462,-1,461,460,478,-1,478,460,479,-1,478,479,480,-1,480,479,481,-1,480,481,482,-1,482,481,483,-1,482,483,484,-1,484,483,485,-1,484,485,486,-1,486,485,487,-1,486,487,488,-1,488,487,489,-1,488,489,490,-1,490,489,491,-1,491,465,490,-1,490,465,464,-1,492,493,494,-1,494,493,495,-1,494,495,496,-1,496,495,497,-1,496,497,498,-1,498,497,499,-1,498,499,500,-1,500,499,501,-1,500,501,502,-1,502,501,503,-1,502,503,504,-1,504,503,505,-1,504,505,506,-1,506,505,507,-1,506,507,508,-1,508,507,509,-1,508,509,510,-1,510,509,511,-1,510,511,512,-1,512,511,513,-1,512,513,514,-1,514,513,515,-1,514,515,516,-1,516,515,517,-1,516,517,518,-1,518,517,519,-1,518,519,520,-1,520,519,521,-1,522,523,524,-1,524,523,525,-1,524,525,526,-1,526,525,527,-1,526,527,528,-1,528,527,529,-1,528,529,530,-1,530,529,531,-1,530,531,532,-1,532,531,533,-1,532,533,534,-1,534,533,535,-1,534,535,536,-1,536,535,537,-1,538,539,540,-1,540,539,541,-1,540,541,542,-1,542,541,543,-1,542,543,544,-1,544,543,545,-1,544,545,546,-1,546,545,547,-1,546,547,548,-1,548,547,549,-1,548,549,550,-1,550,549,551,-1,550,551,522,-1,522,551,523,-1,552,553,554,-1,554,553,555,-1,553,556,555,-1,555,556,557,-1,556,558,557,-1,557,558,559,-1,558,552,559,-1,559,552,554,-1,558,556,552,-1,552,556,553,-1,560,561,562,-1,562,561,563,-1,561,564,563,-1,563,564,565,-1,564,566,565,-1,565,566,567,-1,566,560,567,-1,567,560,562,-1,566,564,560,-1,560,564,561,-1,568,569,570,-1,570,569,571,-1,570,571,572,-1,572,571,573,-1,572,573,574,-1,574,573,575,-1,574,575,576,-1,576,575,577,-1,576,577,578,-1,578,577,579,-1,578,579,580,-1,580,579,581,-1,580,581,582,-1,582,581,583,-1,582,583,584,-1,584,583,585,-1,586,587,588,-1,588,587,589,-1,590,591,592,-1,592,591,593,-1,592,593,594,-1,594,593,595,-1,594,595,596,-1,596,595,597,-1,596,597,598,-1,598,597,599,-1,598,599,600,-1,600,599,601,-1,600,601,602,-1,602,601,603,-1,602,603,604,-1,604,603,605,-1,604,605,606,-1,606,605,607,-1,606,607,608,-1,608,607,609,-1,610,611,612,-1,612,611,613,-1,613,614,612,-1,612,614,615,-1,612,615,616,-1,617,618,619,-1,619,618,620,-1,619,620,621,-1,621,620,622,-1,621,622,623,-1,623,622,612,-1,623,612,624,-1,624,612,616,-1,618,617,625,-1,625,617,626,-1,625,626,627,-1,627,626,628,-1,627,628,629,-1,629,628,630,-1,629,630,631,-1,631,630,632,-1,631,632,633,-1,633,632,634,-1,633,634,635,-1,635,634,636,-1,636,637,635,-1,635,637,638,-1,638,637,639,-1,639,637,640,-1,639,640,641,-1,641,640,642,-1,641,642,643,-1,643,642,644,-1,643,644,645,-1,645,644,646,-1,645,646,647,-1,647,646,648,-1,647,648,609,-1,609,648,608,-1,649,650,651,-1,651,650,652,-1,651,652,653,-1,653,652,654,-1,653,654,655,-1,655,654,656,-1,655,656,657,-1,657,656,658,-1,657,658,659,-1,659,658,660,-1,659,660,568,-1,568,660,569,-1,650,649,661,-1,661,649,662,-1,663,664,665,-1,665,664,666,-1,665,666,667,-1,667,666,668,-1,667,668,669,-1,669,668,670,-1,669,670,671,-1,671,670,672,-1,671,672,673,-1,673,672,674,-1,673,674,662,-1,662,674,661,-1,675,676,589,-1,676,677,589,-1,589,677,678,-1,589,678,588,-1,664,663,679,-1,679,663,680,-1,679,680,681,-1,681,680,682,-1,681,682,589,-1,589,682,683,-1,589,683,675,-1,684,685,686,-1,686,685,687,-1,686,687,688,-1,688,687,689,-1,688,689,690,-1,690,689,691,-1,690,691,692,-1,692,691,693,-1,692,693,694,-1,694,693,695,-1,694,695,696,-1,696,695,697,-1,696,697,698,-1,698,697,699,-1,685,684,700,-1,700,684,701,-1,702,703,704,-1,704,703,705,-1,704,705,706,-1,706,705,707,-1,706,707,708,-1,708,707,709,-1,708,709,710,-1,710,709,711,-1,710,711,712,-1,712,711,713,-1,712,713,714,-1,714,713,715,-1,714,715,701,-1,701,715,700,-1,703,702,716,-1,716,702,717,-1,716,717,718,-1,718,717,719,-1,718,719,720,-1,720,719,721,-1,720,721,722,-1,722,721,723,-1,722,723,724,-1,724,723,725,-1,726,727,699,-1,699,727,698,-1,728,729,730,-1,730,729,731,-1,730,731,732,-1,732,731,733,-1,732,733,734,-1,734,733,735,-1,734,735,736,-1,736,735,737,-1,736,737,738,-1,738,737,739,-1,738,739,740,-1,740,739,741,-1,740,741,742,-1,742,741,743,-1,729,728,744,-1,744,728,745,-1,746,747,748,-1,748,747,749,-1,748,749,750,-1,750,749,751,-1,750,751,752,-1,752,751,753,-1,752,753,754,-1,754,753,755,-1,754,755,756,-1,756,755,757,-1,756,757,758,-1,758,757,759,-1,758,759,745,-1,745,759,744,-1,760,761,762,-1,762,761,763,-1,762,763,764,-1,764,763,765,-1,764,765,766,-1,766,765,767,-1,766,767,768,-1,768,767,769,-1,768,769,743,-1,743,769,742,-1,747,746,770,-1,770,746,771,-1,760,724,761,-1,761,724,725,-1,761,725,723,-1,761,723,763,-1,763,723,721,-1,763,721,765,-1,765,721,719,-1,765,719,767,-1,767,719,717,-1,767,717,769,-1,724,760,762,-1,724,762,722,-1,722,762,764,-1,722,764,720,-1,720,764,766,-1,720,766,718,-1,718,766,768,-1,718,768,716,-1,
        ]
    }
}
Shape{
    appearance Appearance {
        material  Material 	{
            diffuseColor 0.0 0.5882352941176471 0.9803921568627451
            specularColor 0.0 0.17647058823529413 0.29411764705882354
            ambientIntensity 0.4571
            transparency 0.0
            shininess 0.5
        }
    }
    geometry IndexedFaceSet {
        ccw TRUE
        solid FALSE
        coord DEF co Coordinate {
            point [
                -1.6634 -1.3997 2.8543, -1.6634 -1.3997 2.8425, -0.9528 -1.3997 2.8425, -1.6634 -1.3997 0.9646, -1.6634 -1.3997 0.4921, -0.9528 -1.3997 0.4921, -1.6634 -1.3997 2.5394, -1.9783 -1.3997 2.5394, -1.9783 -1.3997 2.1339, 0.3445 -1.3997 1.4055, 0.3445 -1.3997 1.4252, 0.3317 -1.3997 1.4252, -0.6398 -1.3997 1.4055, -0.6398 -1.3997 1.4252, -0.6663 -1.3997 1.4252, -0.3445 -1.3997 2.8622, -0.3445 -1.3997 2.8425, -0.187 -1.3997 2.8425, -0.3445 -1.3997 2.6654, -0.3346 -1.3997 2.626, -0.3346 -1.3997 2.8228, -0.6663 -1.3997 2.8425, -0.6398 -1.3997 2.8425, -0.6398 -1.3997 2.8622, -0.6663 -1.3997 3.4134, -0.187 -1.3997 3.4134, -0.6496 -1.3997 1.4449, -0.6398 -1.3997 1.6024, -0.6663 -1.3997 0.4921, -0.187 -1.3997 0.4921, -0.3445 -1.3997 1.4055, 0.6496 -1.3997 2.626, 0.6496 -1.3997 2.8228, 0.6398 -1.3997 2.6654, 0.6398 -1.3997 2.8425, 0.6663 -1.3997 2.8425, 0.6398 -1.3997 2.8622, 0.6663 -1.3997 3.4134, 0.3445 -1.3997 2.8622, 0.3317 -1.3997 3.4134, 0.3346 -1.3997 1.4449, 0.3445 -1.3997 1.6024, 0.3317 -1.3997 0.4921, 0.6663 -1.3997 0.4921, 0.6398 -1.3997 1.4055, 0.6663 -1.3997 1.4252, 0.6398 -1.3997 1.4252, 0.6929 -1.3997 3.9843, 0.6929 -1.3997 4.1614, 0.6693 -1.3997 4.2008, 1.2972 -1.3997 3.9843, 1.063 -1.3997 4.0145, 1.044 -1.3997 4.0066, 0.8268 -1.3997 4.2008, 0.8031 -1.3997 4.1614, 0.8268 -1.3997 4.0039, 0.8031 -1.3997 3.9843, 1.0236 -1.3997 4.0039, 1.0997 -1.3997 4.0623, 1.0918 -1.3997 4.0433, 1.0793 -1.3997 4.027, 1.2972 -1.3997 4.3976, 1.1024 -1.3997 4.3976, 1.1024 -1.3997 4.0827, 0.6693 -1.3997 4.0039, 0.6663 -1.3997 3.9843, 0.6929 -1.3997 3.9646, 0.8031 -1.3997 3.9646, 0.3317 -1.3997 1.4449, 0.187 -1.3997 1.4252, 0.187 -1.3997 1.4449, -0.187 -1.3997 1.4252, -0.187 -1.3997 1.4449, -0.3445 -1.3997 1.4252, -0.3346 -1.3997 1.4449, -0.3445 -1.3997 1.6024, -0.3346 -1.3997 1.6417, -0.6496 -1.3997 1.6417, 1.9783 -1.3997 2.1339, 1.1024 -1.3997 2.1339, 1.9783 -1.3997 1.4252, 1.1024 -1.3997 1.4449, 0.6663 -1.3997 1.4449, 0.6496 -1.3997 1.4449, 0.6398 -1.3997 1.6024, 0.6496 -1.3997 1.6417, 0.3346 -1.3997 1.6417, 0.6663 -1.3997 2.8228, 1.1024 -1.3997 2.8228, 0.3346 -1.3997 2.626, 0.3445 -1.3997 2.6654, 0.3346 -1.3997 2.8228, 0.3445 -1.3997 2.8425, 0.3317 -1.3997 2.8228, 0.3317 -1.3997 2.8425, 0.187 -1.3997 2.8228, 0.187 -1.3997 2.8425, -0.187 -1.3997 2.8228, -0.6496 -1.3997 2.626, -0.6398 -1.3997 2.6654, -0.6496 -1.3997 2.8228, -0.6663 -1.3997 2.8228, -0.9528 -1.3997 2.8228, -1.1024 -1.3997 2.8228, -1.1024 -1.3997 2.1339, -0.6663 -1.3997 1.4449, -0.9528 -1.3997 1.4252, -0.9528 -1.3997 1.4449, -1.1024 -1.3997 1.4449, -1.2972 -1.3997 4.8307, -1.063 -1.3997 4.6233, -1.044 -1.3997 4.6312, -0.9528 -1.3997 4.8307, -1.0997 -1.3997 4.5755, -1.1024 -1.3997 4.5551, -1.2972 -1.3997 4.3976, -1.0918 -1.3997 4.5945, -1.0793 -1.3997 4.6108, -1.0236 -1.3997 4.0039, -1.044 -1.3997 4.0066, -1.2972 -1.3997 3.9843, -1.063 -1.3997 4.0145, -1.0793 -1.3997 4.027, -1.0918 -1.3997 4.0433, -1.0997 -1.3997 4.0623, -1.1024 -1.3997 4.0827, -1.1024 -1.3997 4.3976, -0.8268 -1.3997 4.0039, -0.9528 -1.3997 4.0039, -0.9528 -1.3997 3.9843, -0.6929 -1.3997 3.9843, -0.6693 -1.3997 4.0039, -0.6929 -1.3997 4.1614, -0.6693 -1.3997 4.2008, -0.8031 -1.3997 4.1614, -0.8268 -1.3997 4.2008, -0.8031 -1.3997 3.9843, -0.4528 -1.3997 4.0039, -0.6663 -1.3997 4.0039, -0.6663 -1.3997 3.9843, -0.3189 -1.3997 3.9843, -0.2953 -1.3997 4.0039, -0.3189 -1.3997 4.1614, -0.2953 -1.3997 4.2008, -0.4291 -1.3997 4.1614, -0.4528 -1.3997 4.2008, -0.4291 -1.3997 3.9843, -0.187 -1.3997 4.0039, -0.187 -1.3997 3.9843, -0.0787 -1.3997 4.0039, -0.0551 -1.3997 3.9843, -0.0787 -1.3997 4.2008, -0.0551 -1.3997 4.1614, 0.0787 -1.3997 4.2008, 0.0551 -1.3997 4.1614, 0.0787 -1.3997 4.0039, 0.0551 -1.3997 3.9843, 0.2953 -1.3997 4.0039, 0.187 -1.3997 4.0039, 0.187 -1.3997 3.9843, 0.3189 -1.3997 3.9843, 0.3189 -1.3997 4.1614, 0.2953 -1.3997 4.2008, 0.3317 -1.3997 4.2008, 0.3317 -1.3997 4.1614, 0.4528 -1.3997 4.2008, 0.4291 -1.3997 4.1614, 0.4528 -1.3997 4.0039, 0.4291 -1.3997 3.9843, 0.6663 -1.3997 4.0039, 1.044 -1.3997 4.6312, 1.063 -1.3997 4.6233, 1.2972 -1.3997 4.8307, 1.0793 -1.3997 4.6108, 1.0918 -1.3997 4.5945, 1.0997 -1.3997 4.5755, 1.1024 -1.3997 4.5551, -1.0236 -1.3997 4.6339, -0.9528 -1.3997 4.6339, -0.6663 -1.3997 4.8307, -0.6663 -1.3997 4.6339, -0.187 -1.3997 4.8307, -0.187 -1.3997 4.6339, 0.187 -1.3997 4.8307, 0.187 -1.3997 4.6339, 0.3317 -1.3997 4.8307, 0.3317 -1.3997 4.6339, 0.6663 -1.3997 4.8307, 0.6663 -1.3997 4.6339, 1.0236 -1.3997 4.6339, 1.2972 -1.3997 3.6496, 1.406 -1.3997 3.4134, 1.6634 -1.3997 2.8543, 1.6634 -1.3997 2.8425, 1.6634 -1.3997 2.5394, 1.9783 -1.3997 2.5394, 1.9783 -1.3997 0.9646, 1.6634 -1.3997 0.9646, 1.6634 -1.3997 0.4921, -1.9783 -1.3997 1.4252, -1.9783 -1.3997 0.9646, -0.9528 -1.3997 3.4134, -1.406 -1.3997 3.4134, -1.2972 -1.3997 3.6496, 0.0551 -1.3997 3.9646, -0.0551 -1.3997 3.9646, 0.187 -1.3997 3.4134, -0.3189 -1.3997 3.9646, -0.4291 -1.3997 3.9646, 0.3189 -1.3997 3.9646, 0.3317 -1.3997 3.9646, 0.4291 -1.3997 3.9646, -0.8031 -1.3997 3.9646, -0.6929 -1.3997 3.9646, 0.187 -1.3997 0.4921, -0.3346 -3.565 2.8228, -0.6496 -3.565 2.8228, -1.1024 -4.3131 2.8228, 1.1024 -4.3131 2.8228, 0.6496 -3.565 2.8228, 0.3346 -3.565 2.8228, -1.7421 -5.3367 0.4134, -1.7421 -5.3367 0.8858, -2.0571 -5.3367 0.8858, 2.3228 -5.3367 0.1772, 1.7421 -5.3367 0.4134, -2.3228 -5.3367 0.1772, -2.0571 -5.3367 2.6181, -1.7421 -5.3367 2.6181, -1.7421 -5.3367 2.8716, -2.3228 -5.3367 5.0276, -1.376 -5.3367 3.6669, 1.7421 -5.3367 0.8858, 2.0571 -5.3367 0.8858, 2.0571 -5.3367 2.6181, 2.3228 -5.3367 5.0276, -1.376 -5.3367 4.9095, 1.376 -5.3367 4.9095, 1.376 -5.3367 3.6669, 1.7421 -5.3367 2.8716, 1.7421 -5.3367 2.6181, 2.3228 0.6313 2.2027, 2.3228 1.8483 0.1772, 2.3228 0.6313 2.671, 2.3228 1.8483 5.0276, 2.3228 0.2175 2.671, 2.3228 0.1757 2.22, 2.3228 0.1663 2.2322, 2.3228 0.1604 2.2465, 2.3228 0.1584 2.2618, 2.3228 0.1584 2.612, 2.3228 0.1604 2.6272, 2.3228 0.1663 2.6415, 2.3228 0.2175 2.2027, 2.3228 0.2022 2.2047, 2.3228 0.188 2.2106, 2.3228 0.1757 2.6537, 2.3228 0.188 2.6631, 2.3228 0.2022 2.669, -2.3228 1.8483 5.0276, -2.3228 1.8483 0.1772, -2.3228 0.6313 2.671, -2.3228 0.6313 2.2027, -2.3228 0.2175 2.2027, -2.3228 0.1584 2.612, -2.3228 0.1757 2.6537, -2.3228 0.1663 2.6415, -2.3228 0.1604 2.6272, -2.3228 0.1584 2.2618, -2.3228 0.1604 2.2465, -2.3228 0.1663 2.2322, -2.3228 0.2175 2.671, -2.3228 0.2022 2.669, -2.3228 0.188 2.6631, -2.3228 0.1757 2.22, -2.3228 0.188 2.2106, -2.3228 0.2022 2.2047, 1.2972 -5.258 3.6496, 1.2972 -5.258 4.8307, 1.6634 -5.258 2.8543, 1.6634 -5.258 2.5394, 1.9783 -5.258 2.5394, 1.9783 -5.258 0.9646, 1.6634 -5.258 0.9646, 1.6634 -5.258 0.4921, -1.6634 -5.258 0.4921, -1.6634 -5.258 0.9646, -1.9783 -5.258 0.9646, -1.9783 -5.258 2.5394, -1.6634 -5.258 2.5394, -1.6634 -5.258 2.8543, -1.2972 -5.258 3.6496, -1.2972 -5.258 4.8307, 1.1024 -4.3131 4.5551, 1.1024 -4.3131 4.0827, 1.0236 -4.3131 4.6339, -1.0236 -4.3131 4.6339, -1.1024 -4.3131 4.0827, -1.1024 -4.3131 4.5551, -1.0236 -4.3131 4.0039, -0.6693 -3.565 4.0039, -0.8268 -3.565 4.0039, -0.4528 -3.565 4.0039, -0.2953 -3.565 4.0039, -0.0787 -4.1556 4.0039, 0.2953 -3.565 4.0039, 0.0787 -4.1556 4.0039, 1.0236 -4.3131 4.0039, 0.4528 -3.565 4.0039, 0.6693 -3.565 4.0039, 0.8268 -3.565 4.0039, 0.9055 -4.5493 4.437, -0.9055 -4.5493 4.437, 0.9055 -4.5493 4.2008, -0.9055 -4.5493 4.2008, -1.1024 -4.3131 1.4449, 1.1024 -4.3131 1.4449, -0.6496 -3.565 1.4449, 0.3346 -3.565 1.4449, 0.6496 -3.565 1.4449, -0.3346 -3.565 1.4449, 0.9055 -4.5493 2.626, -0.9055 -4.5493 2.626, 0.9055 -4.5493 1.6417, -0.9055 -4.5493 1.6417, -1.7217 -5.334 0.4338, -1.7217 -5.334 0.9062, -1.7028 -5.3261 0.4528, -1.7028 -5.3261 0.9252, -1.6864 -5.3136 0.4691, -1.6864 -5.3136 0.9415, -1.6797 -5.3059 0.4759, -1.6797 -5.3059 0.9483, -1.6739 -5.2973 0.4816, -1.6739 -5.2973 0.954, -1.6694 -5.2881 0.4861, -1.6694 -5.2881 0.9586, -1.6661 -5.2783 0.4894, -1.6661 -5.2783 0.9619, -1.6641 -5.2682 0.4915, -1.6641 -5.2682 0.9639, -2.0177 -5.3261 0.9252, -2.0367 -5.334 0.9062, -1.9889 -5.2973 0.954, -1.9946 -5.3059 0.9483, -2.0014 -5.3136 0.9415, -1.979 -5.2682 0.9639, -1.981 -5.2783 0.9619, -1.9843 -5.2881 0.9586, 1.6641 -5.2682 0.4915, 1.6661 -5.2783 0.4894, 1.6694 -5.2881 0.4861, 1.6739 -5.2973 0.4816, 1.6864 -5.3136 0.4691, 1.6797 -5.3059 0.4759, 1.7028 -5.3261 0.4528, 1.7217 -5.334 0.4338, -2.0014 -5.3136 2.5624, -2.0177 -5.3261 2.5787, -2.0367 -5.334 2.5977, -1.979 -5.2682 2.54, -1.981 -5.2783 2.5421, -1.9843 -5.2881 2.5454, -1.9889 -5.2973 2.5499, -1.9946 -5.3059 2.5556, 1.6864 -5.3136 0.9415, 1.6641 -5.2682 0.9639, 1.6661 -5.2783 0.9619, 1.6694 -5.2881 0.9586, 1.6739 -5.2973 0.954, 1.6797 -5.3059 0.9483, 1.7028 -5.3261 0.9252, 1.7217 -5.334 0.9062, -1.7217 -5.334 2.5977, -1.7028 -5.3261 2.5787, -1.6864 -5.3136 2.5624, -1.6797 -5.3059 2.5556, -1.6739 -5.2973 2.5499, -1.6694 -5.2881 2.5454, -1.6661 -5.2783 2.5421, -1.6641 -5.2682 2.54, 1.979 -5.2682 0.9639, 1.981 -5.2783 0.9619, 1.9843 -5.2881 0.9586, 1.9889 -5.2973 0.954, 1.9946 -5.3059 0.9483, 2.0014 -5.3136 0.9415, 2.0177 -5.3261 0.9252, 2.0367 -5.334 0.9062, -1.7028 -5.3261 2.863, -1.7217 -5.334 2.8671, -1.6739 -5.2973 2.8566, -1.6797 -5.3059 2.8579, -1.6864 -5.3136 2.8594, -1.6641 -5.2682 2.8545, -1.6661 -5.2783 2.8549, -1.6694 -5.2881 2.8556, 1.979 -5.2682 2.54, 1.981 -5.2783 2.5421, 1.9843 -5.2881 2.5454, 1.9889 -5.2973 2.5499, 1.9946 -5.3059 2.5556, 2.0014 -5.3136 2.5624, 2.0177 -5.3261 2.5787, 2.0367 -5.334 2.5977, -1.3556 -5.334 3.6624, -1.3366 -5.3261 3.6582, -1.3203 -5.3136 3.6547, -1.3135 -5.3059 3.6532, -1.3078 -5.2973 3.6519, -1.3032 -5.2881 3.6509, -1.2999 -5.2783 3.6502, -1.2979 -5.2682 3.6498, 1.6864 -5.3136 2.5624, 1.6641 -5.2682 2.54, 1.6661 -5.2783 2.5421, 1.6694 -5.2881 2.5454, 1.6739 -5.2973 2.5499, 1.6797 -5.3059 2.5556, 1.7028 -5.3261 2.5787, 1.7217 -5.334 2.5977, -1.3366 -5.3261 4.8701, -1.3556 -5.334 4.8891, -1.2979 -5.2682 4.8314, -1.2999 -5.2783 4.8334, -1.3032 -5.2881 4.8367, -1.3078 -5.2973 4.8413, -1.3135 -5.3059 4.847, -1.3203 -5.3136 4.8538, 1.6641 -5.2682 2.8545, 1.6661 -5.2783 2.8549, 1.6694 -5.2881 2.8556, 1.6739 -5.2973 2.8566, 1.6797 -5.3059 2.8579, 1.6864 -5.3136 2.8594, 1.7028 -5.3261 2.863, 1.7217 -5.334 2.8671, 1.2979 -5.2682 4.8314, 1.2999 -5.2783 4.8334, 1.3556 -5.334 4.8891, 1.3366 -5.3261 4.8701, 1.3203 -5.3136 4.8538, 1.3078 -5.2973 4.8413, 1.3135 -5.3059 4.847, 1.3032 -5.2881 4.8367, 1.2979 -5.2682 3.6498, 1.2999 -5.2783 3.6502, 1.3032 -5.2881 3.6509, 1.3078 -5.2973 3.6519, 1.3135 -5.3059 3.6532, 1.3203 -5.3136 3.6547, 1.3366 -5.3261 3.6582, 1.3556 -5.334 3.6624, -1.0861 -4.3326 4.0347, -1.0793 -4.3407 4.027, -1.0918 -4.3257 4.0433, -1.0793 -4.3407 4.6108, -1.0861 -4.3326 4.6031, -1.1017 -4.3139 4.0724, -1.0997 -4.3163 4.0623, -1.0964 -4.3203 4.0525, -1.0918 -4.3257 4.5945, -1.0964 -4.3203 4.5853, -1.0997 -4.3163 4.5755, -1.1017 -4.3139 4.5654, 1.0716 -4.3326 4.0202, 1.0793 -4.3407 4.027, 1.063 -4.3257 4.0145, -1.0716 -4.3326 4.0202, 1.0339 -4.3139 4.0046, 1.044 -4.3163 4.0066, 1.0538 -4.3203 4.0099, -1.063 -4.3257 4.0145, -1.0538 -4.3203 4.0099, -1.044 -4.3163 4.0066, -1.0339 -4.3139 4.0046, -1.0716 -4.3326 4.6176, 1.0793 -4.3407 4.6108, 1.0716 -4.3326 4.6176, -1.063 -4.3257 4.6233, 1.063 -4.3257 4.6233, 1.0538 -4.3203 4.6279, 1.044 -4.3163 4.6312, -1.0339 -4.3139 4.6332, -1.044 -4.3163 4.6312, -1.0538 -4.3203 4.6279, 1.0339 -4.3139 4.6332, 1.0861 -4.3326 4.6031, 1.0918 -4.3257 4.5945, 1.0861 -4.3326 4.0347, 1.1017 -4.3139 4.5654, 1.0997 -4.3163 4.5755, 1.0964 -4.3203 4.5853, 1.0918 -4.3257 4.0433, 1.0964 -4.3203 4.0525, 1.0997 -4.3163 4.0623, 1.1017 -4.3139 4.0724
            ]
        }
        coordIndex [
            0,1,2,-1,3,4,5,-1,6,7,8,-1,9,10,11,-1,12,13,14,-1,15,16,17,-1,18,19,20,-1,21,22,23,-1,2,21,24,-1,24,21,23,-1,24,23,25,-1,26,13,27,-1,28,29,30,-1,31,32,33,-1,33,32,34,-1,34,35,36,-1,36,35,37,-1,36,37,38,-1,38,37,39,-1,40,10,41,-1,42,43,44,-1,44,43,45,-1,44,45,46,-1,47,48,49,-1,50,51,52,-1,49,48,53,-1,53,48,54,-1,53,54,55,-1,55,54,56,-1,55,56,57,-1,58,59,50,-1,50,59,60,-1,50,60,51,-1,61,62,50,-1,50,62,63,-1,50,63,58,-1,49,64,47,-1,47,64,65,-1,47,65,66,-1,66,65,37,-1,66,37,67,-1,10,40,11,-1,11,40,68,-1,11,68,69,-1,69,68,70,-1,69,70,71,-1,71,70,72,-1,71,72,73,-1,73,72,74,-1,73,74,75,-1,75,74,76,-1,75,76,27,-1,27,76,77,-1,27,77,26,-1,78,79,80,-1,80,79,81,-1,80,81,45,-1,45,81,82,-1,45,82,46,-1,46,82,83,-1,46,83,84,-1,84,83,85,-1,84,85,41,-1,41,85,86,-1,41,86,40,-1,34,32,35,-1,35,32,87,-1,35,87,88,-1,31,33,89,-1,89,33,90,-1,89,90,91,-1,91,90,92,-1,91,92,93,-1,93,92,94,-1,93,94,95,-1,95,94,96,-1,95,96,97,-1,97,96,17,-1,97,17,20,-1,20,17,16,-1,20,16,18,-1,19,18,98,-1,98,18,99,-1,98,99,100,-1,100,99,22,-1,100,22,101,-1,101,22,21,-1,101,21,102,-1,102,21,2,-1,102,2,103,-1,103,2,1,-1,103,1,104,-1,13,26,14,-1,14,26,105,-1,14,105,106,-1,106,105,107,-1,106,107,108,-1,109,110,111,-1,109,111,112,-1,113,109,114,-1,114,109,115,-1,113,116,109,-1,109,116,117,-1,109,117,110,-1,118,119,120,-1,119,121,120,-1,120,121,122,-1,120,122,123,-1,123,124,120,-1,120,124,125,-1,120,125,115,-1,115,125,126,-1,115,126,114,-1,127,128,129,-1,130,131,132,-1,132,131,133,-1,132,133,134,-1,134,133,135,-1,134,135,136,-1,137,138,139,-1,140,141,142,-1,142,141,143,-1,142,143,144,-1,144,143,145,-1,144,145,146,-1,147,148,149,-1,149,148,150,-1,149,150,151,-1,151,150,152,-1,151,152,153,-1,153,152,154,-1,153,154,155,-1,155,154,156,-1,157,158,159,-1,160,161,162,-1,162,161,163,-1,163,161,164,-1,163,164,165,-1,165,164,166,-1,165,166,167,-1,167,166,168,-1,167,168,169,-1,170,171,172,-1,172,171,173,-1,173,174,172,-1,172,174,175,-1,172,175,61,-1,61,175,176,-1,61,176,62,-1,111,177,112,-1,112,177,178,-1,112,178,179,-1,179,178,180,-1,179,180,181,-1,181,180,182,-1,181,182,183,-1,183,182,184,-1,183,184,185,-1,185,184,186,-1,185,186,187,-1,187,186,188,-1,187,188,172,-1,172,188,189,-1,172,189,170,-1,52,57,50,-1,50,57,56,-1,50,56,190,-1,190,56,67,-1,190,67,191,-1,191,67,37,-1,191,37,192,-1,192,37,35,-1,192,35,193,-1,193,35,88,-1,193,88,194,-1,194,88,79,-1,194,79,195,-1,195,79,78,-1,196,80,197,-1,197,80,45,-1,197,45,198,-1,198,45,43,-1,1,6,104,-1,104,6,8,-1,104,8,108,-1,108,8,199,-1,108,199,106,-1,106,199,200,-1,201,202,0,-1,128,118,129,-1,129,118,120,-1,129,120,201,-1,201,120,203,-1,201,203,202,-1,204,159,156,-1,156,159,158,-1,156,158,155,-1,205,25,204,-1,204,25,206,-1,204,206,159,-1,207,148,140,-1,140,148,147,-1,140,147,141,-1,145,137,146,-1,146,137,139,-1,146,139,208,-1,208,139,24,-1,208,24,207,-1,207,24,25,-1,207,25,148,-1,148,25,205,-1,148,205,150,-1,162,157,160,-1,160,157,159,-1,160,159,209,-1,209,159,206,-1,209,206,210,-1,210,206,39,-1,210,39,211,-1,211,39,37,-1,211,37,168,-1,168,37,65,-1,168,65,169,-1,169,65,64,-1,135,127,136,-1,136,127,129,-1,136,129,212,-1,212,129,201,-1,212,201,213,-1,44,9,42,-1,42,9,11,-1,42,11,214,-1,214,11,69,-1,214,69,29,-1,29,69,71,-1,29,71,30,-1,30,71,73,-1,92,38,94,-1,94,38,39,-1,94,39,96,-1,96,39,206,-1,96,206,17,-1,17,206,25,-1,17,25,15,-1,15,25,23,-1,30,12,28,-1,28,12,14,-1,28,14,5,-1,5,14,106,-1,5,106,3,-1,3,106,200,-1,0,2,201,-1,201,2,24,-1,201,24,213,-1,213,24,139,-1,213,139,130,-1,130,139,138,-1,130,138,131,-1,215,216,217,-1,216,100,101,-1,218,88,219,-1,219,88,87,-1,219,87,32,-1,216,101,217,-1,217,101,102,-1,217,102,103,-1,218,219,217,-1,217,219,220,-1,217,220,215,-1,215,220,91,-1,215,91,93,-1,93,95,215,-1,215,95,97,-1,215,97,20,-1,221,222,223,-1,224,225,226,-1,226,225,221,-1,227,228,229,-1,221,223,226,-1,226,223,227,-1,226,227,230,-1,230,227,229,-1,230,229,231,-1,232,225,233,-1,233,225,224,-1,233,224,234,-1,234,224,235,-1,231,236,230,-1,230,236,237,-1,230,237,235,-1,235,237,238,-1,235,238,234,-1,234,238,239,-1,234,239,240,-1,241,242,243,-1,243,242,244,-1,243,244,245,-1,246,247,224,-1,224,247,248,-1,224,248,235,-1,235,248,249,-1,249,250,235,-1,235,250,251,-1,235,251,252,-1,241,253,242,-1,242,253,254,-1,242,254,224,-1,224,254,255,-1,224,255,246,-1,252,256,235,-1,235,256,257,-1,235,257,244,-1,244,257,258,-1,244,258,245,-1,259,244,260,-1,260,244,242,-1,261,259,262,-1,262,259,260,-1,262,260,263,-1,226,230,264,-1,265,266,230,-1,230,266,267,-1,230,267,264,-1,264,268,226,-1,226,268,269,-1,226,269,270,-1,261,271,259,-1,259,271,272,-1,259,272,230,-1,230,272,273,-1,230,273,265,-1,270,274,226,-1,226,274,275,-1,226,275,260,-1,260,275,276,-1,260,276,263,-1,259,230,244,-1,244,230,235,-1,226,260,224,-1,224,260,242,-1,190,277,50,-1,50,277,278,-1,50,278,61,-1,61,278,172,-1,192,279,191,-1,191,279,277,-1,191,277,190,-1,279,192,280,-1,280,192,193,-1,280,193,194,-1,280,194,281,-1,281,194,195,-1,196,282,80,-1,80,282,281,-1,80,281,78,-1,78,281,195,-1,282,196,283,-1,283,196,197,-1,283,197,284,-1,284,197,198,-1,284,198,43,-1,43,42,284,-1,284,42,214,-1,284,214,285,-1,285,214,29,-1,29,28,285,-1,285,28,5,-1,285,5,4,-1,285,4,286,-1,286,4,3,-1,286,3,287,-1,287,3,200,-1,7,288,8,-1,8,288,287,-1,8,287,199,-1,199,287,200,-1,288,7,289,-1,289,7,6,-1,0,290,1,-1,1,290,289,-1,1,289,6,-1,203,291,202,-1,202,291,290,-1,202,290,0,-1,109,292,115,-1,115,292,291,-1,115,291,120,-1,120,291,203,-1,292,109,112,-1,112,179,292,-1,292,179,181,-1,292,181,278,-1,278,181,183,-1,183,185,278,-1,278,185,187,-1,278,187,172,-1,176,293,62,-1,62,293,294,-1,62,294,63,-1,295,189,188,-1,188,186,295,-1,295,186,184,-1,295,184,296,-1,296,184,182,-1,182,180,296,-1,296,180,178,-1,296,178,177,-1,125,297,126,-1,126,297,298,-1,126,298,114,-1,299,118,128,-1,300,299,301,-1,301,299,128,-1,301,128,127,-1,138,137,302,-1,302,303,304,-1,138,302,131,-1,157,305,158,-1,158,305,306,-1,158,306,155,-1,131,302,300,-1,300,302,304,-1,300,304,299,-1,299,304,306,-1,299,306,307,-1,307,306,305,-1,307,305,308,-1,169,64,309,-1,303,141,304,-1,304,141,147,-1,304,147,149,-1,55,57,310,-1,310,57,307,-1,310,307,309,-1,309,307,308,-1,309,308,169,-1,169,308,167,-1,311,312,313,-1,313,312,314,-1,108,315,104,-1,104,315,217,-1,104,217,103,-1,82,81,316,-1,105,26,317,-1,315,108,107,-1,68,40,318,-1,105,317,107,-1,83,82,319,-1,319,82,316,-1,319,316,318,-1,318,316,315,-1,74,72,320,-1,320,72,70,-1,107,317,315,-1,315,317,320,-1,315,320,318,-1,318,320,70,-1,318,70,68,-1,88,218,79,-1,79,218,316,-1,79,316,81,-1,321,322,323,-1,323,322,324,-1,222,221,325,-1,222,325,326,-1,326,325,327,-1,326,327,328,-1,328,327,329,-1,328,329,330,-1,330,329,331,-1,330,331,332,-1,332,331,333,-1,332,333,334,-1,334,333,335,-1,334,335,336,-1,336,335,337,-1,336,337,338,-1,338,337,339,-1,338,339,340,-1,340,339,285,-1,340,285,286,-1,330,341,328,-1,328,341,342,-1,328,342,326,-1,326,342,223,-1,326,223,222,-1,343,344,330,-1,330,344,345,-1,330,345,341,-1,286,287,340,-1,340,287,346,-1,340,346,338,-1,338,346,347,-1,338,347,336,-1,336,347,348,-1,336,348,334,-1,334,348,343,-1,334,343,332,-1,332,343,330,-1,349,284,285,-1,349,285,350,-1,285,339,350,-1,350,339,337,-1,350,337,351,-1,351,337,352,-1,333,331,353,-1,337,335,352,-1,352,335,333,-1,352,333,354,-1,354,333,353,-1,331,329,353,-1,353,329,327,-1,353,327,355,-1,355,327,325,-1,355,325,356,-1,356,325,221,-1,356,221,225,-1,344,357,345,-1,345,357,358,-1,345,358,341,-1,341,358,359,-1,341,359,342,-1,342,359,227,-1,342,227,223,-1,287,288,346,-1,346,288,360,-1,346,360,347,-1,347,360,361,-1,347,361,348,-1,348,361,362,-1,348,362,343,-1,343,362,363,-1,343,363,344,-1,344,363,364,-1,344,364,357,-1,352,354,365,-1,283,284,366,-1,366,284,349,-1,366,349,367,-1,367,349,350,-1,367,350,368,-1,368,350,351,-1,368,351,369,-1,369,351,352,-1,369,352,370,-1,370,352,365,-1,354,353,365,-1,365,353,355,-1,365,355,371,-1,371,355,356,-1,371,356,372,-1,372,356,225,-1,372,225,232,-1,228,227,359,-1,228,359,373,-1,373,359,358,-1,373,358,374,-1,374,358,357,-1,374,357,375,-1,375,357,364,-1,375,364,376,-1,376,364,363,-1,376,363,377,-1,377,363,362,-1,377,362,378,-1,378,362,361,-1,378,361,379,-1,379,361,360,-1,379,360,380,-1,380,360,288,-1,380,288,289,-1,282,283,366,-1,282,366,381,-1,381,366,367,-1,381,367,382,-1,382,367,368,-1,382,368,383,-1,383,368,369,-1,383,369,384,-1,384,369,370,-1,384,370,385,-1,385,370,365,-1,385,365,386,-1,386,365,371,-1,386,371,387,-1,387,371,372,-1,387,372,388,-1,388,372,232,-1,388,232,233,-1,375,389,374,-1,374,389,390,-1,374,390,373,-1,373,390,229,-1,373,229,228,-1,391,392,375,-1,375,392,393,-1,375,393,389,-1,289,290,380,-1,380,290,394,-1,380,394,379,-1,379,394,395,-1,379,395,378,-1,378,395,396,-1,378,396,377,-1,377,396,391,-1,377,391,376,-1,376,391,375,-1,397,281,282,-1,282,381,397,-1,397,381,382,-1,397,382,398,-1,398,382,399,-1,382,383,399,-1,399,383,384,-1,399,384,400,-1,400,384,401,-1,384,385,401,-1,401,385,386,-1,401,386,402,-1,402,386,387,-1,402,387,403,-1,403,387,388,-1,403,388,404,-1,404,388,233,-1,404,233,234,-1,231,229,390,-1,231,390,405,-1,405,390,389,-1,405,389,406,-1,406,389,393,-1,406,393,407,-1,407,393,392,-1,407,392,408,-1,408,392,391,-1,408,391,409,-1,409,391,396,-1,409,396,410,-1,410,396,395,-1,410,395,411,-1,411,395,394,-1,411,394,412,-1,412,394,290,-1,412,290,291,-1,400,401,413,-1,280,281,414,-1,414,281,397,-1,414,397,415,-1,415,397,398,-1,415,398,416,-1,416,398,399,-1,416,399,417,-1,417,399,400,-1,417,400,418,-1,418,400,413,-1,401,402,413,-1,413,402,403,-1,413,403,419,-1,419,403,404,-1,419,404,420,-1,420,404,234,-1,420,234,240,-1,407,421,406,-1,406,421,422,-1,406,422,405,-1,405,422,236,-1,405,236,231,-1,291,292,412,-1,412,292,423,-1,412,423,411,-1,411,423,424,-1,411,424,410,-1,410,424,425,-1,410,425,409,-1,409,425,426,-1,409,426,408,-1,408,426,427,-1,408,427,407,-1,407,427,428,-1,407,428,421,-1,279,280,414,-1,279,414,429,-1,429,414,415,-1,429,415,430,-1,430,415,416,-1,430,416,431,-1,431,416,417,-1,431,417,432,-1,432,417,418,-1,432,418,433,-1,433,418,413,-1,433,413,434,-1,434,413,419,-1,434,419,435,-1,435,419,420,-1,435,420,436,-1,436,420,240,-1,436,240,239,-1,437,438,424,-1,237,236,422,-1,237,422,439,-1,439,422,421,-1,439,421,440,-1,440,421,428,-1,440,428,441,-1,427,426,442,-1,427,442,428,-1,428,442,443,-1,428,443,441,-1,424,438,425,-1,425,438,426,-1,426,438,444,-1,426,444,442,-1,437,424,278,-1,278,424,423,-1,278,423,292,-1,277,279,445,-1,445,279,429,-1,445,429,446,-1,446,429,430,-1,446,430,447,-1,447,430,431,-1,447,431,448,-1,448,431,432,-1,448,432,449,-1,449,432,433,-1,449,433,450,-1,433,434,450,-1,450,434,435,-1,450,435,451,-1,451,435,436,-1,451,436,452,-1,452,436,239,-1,452,239,238,-1,238,237,439,-1,238,439,452,-1,452,439,440,-1,452,440,451,-1,451,440,441,-1,451,441,450,-1,450,441,443,-1,450,443,449,-1,449,443,442,-1,449,442,448,-1,448,442,444,-1,448,444,447,-1,447,444,438,-1,447,438,446,-1,446,438,437,-1,446,437,445,-1,445,437,278,-1,445,278,277,-1,453,454,314,-1,453,314,455,-1,312,456,457,-1,458,459,314,-1,314,459,460,-1,314,460,455,-1,457,461,312,-1,312,461,462,-1,312,462,463,-1,463,464,312,-1,312,464,298,-1,312,298,314,-1,314,298,297,-1,314,297,458,-1,465,466,313,-1,465,313,467,-1,314,454,468,-1,469,470,313,-1,313,470,471,-1,313,471,467,-1,468,472,314,-1,314,472,473,-1,314,473,474,-1,474,475,314,-1,314,475,299,-1,314,299,313,-1,313,299,307,-1,313,307,469,-1,476,456,312,-1,311,477,478,-1,476,312,479,-1,478,480,311,-1,311,480,481,-1,311,481,482,-1,483,484,312,-1,312,484,485,-1,312,485,479,-1,482,486,311,-1,311,486,295,-1,311,295,312,-1,312,295,296,-1,312,296,483,-1,487,477,311,-1,487,311,488,-1,313,466,489,-1,490,491,311,-1,311,491,492,-1,311,492,488,-1,489,493,313,-1,313,493,494,-1,313,494,495,-1,495,496,313,-1,313,496,294,-1,313,294,311,-1,311,294,293,-1,311,293,490,-1,315,324,217,-1,217,324,322,-1,316,323,315,-1,315,323,324,-1,321,218,322,-1,322,218,217,-1,218,321,316,-1,316,321,323,-1,173,171,480,-1,170,189,295,-1,295,486,170,-1,170,486,482,-1,170,482,171,-1,171,482,481,-1,171,481,480,-1,175,174,488,-1,488,492,175,-1,175,492,491,-1,175,491,176,-1,176,491,490,-1,176,490,293,-1,480,478,173,-1,173,478,477,-1,173,477,174,-1,174,477,487,-1,174,487,488,-1,60,59,493,-1,58,63,294,-1,294,496,58,-1,58,496,495,-1,58,495,59,-1,59,495,494,-1,59,494,493,-1,52,51,467,-1,467,471,52,-1,52,471,470,-1,52,470,57,-1,57,470,469,-1,57,469,307,-1,493,489,60,-1,60,489,466,-1,60,466,51,-1,51,466,465,-1,51,465,467,-1,122,121,472,-1,119,118,299,-1,299,475,119,-1,119,475,474,-1,119,474,121,-1,121,474,473,-1,121,473,472,-1,124,123,455,-1,455,460,124,-1,124,460,459,-1,124,459,125,-1,125,459,458,-1,125,458,297,-1,472,468,122,-1,122,468,454,-1,122,454,123,-1,123,454,453,-1,123,453,455,-1,117,116,461,-1,113,114,298,-1,298,464,113,-1,113,464,463,-1,113,463,116,-1,116,463,462,-1,116,462,461,-1,111,110,479,-1,479,485,111,-1,111,485,484,-1,111,484,177,-1,177,484,483,-1,177,483,296,-1,461,457,117,-1,117,457,456,-1,117,456,110,-1,110,456,476,-1,110,476,479,-1,
        ]
    }
}
Shape{
    appearance Appearance {
        material  Material 	{
            diffuseColor 0.7764705882352941 0.7568627450980392 0.7372549019607844
            specularColor 0.38823529411764707 0.3764705882352941 0.3686274509803922
            ambientIntensity 0.7605
            transparency 0.0
            shininess 0.5
        }
    }
    geometry IndexedFaceSet {
        ccw TRUE
        solid FALSE
        coord DEF co Coordinate {
            point [
                -2.3622 0.6313 2.2027, -2.3622 0.6313 2.671, -2.3228 0.6313 2.2027, -2.3228 0.6313 2.671, -2.3622 0.2175 2.2027, -2.3228 0.2175 2.2027, -2.3228 0.2022 2.2047, -2.3622 0.2022 2.2047, -2.3228 0.188 2.2106, -2.3622 0.188 2.2106, -2.3228 0.1757 2.22, -2.3622 0.1757 2.22, -2.3228 0.1663 2.2322, -2.3622 0.1663 2.2322, -2.3228 0.1604 2.2465, -2.3622 0.1604 2.2465, -2.3228 0.1584 2.2618, -2.3622 0.1584 2.2618, -2.3622 0.1584 2.612, -2.3228 0.1584 2.612, -2.3228 0.1604 2.6272, -2.3622 0.1604 2.6272, -2.3228 0.1663 2.6415, -2.3622 0.1663 2.6415, -2.3228 0.1757 2.6537, -2.3622 0.1757 2.6537, -2.3228 0.188 2.6631, -2.3622 0.188 2.6631, -2.3228 0.2022 2.669, -2.3622 0.2022 2.669, -2.3228 0.2175 2.671, -2.3622 0.2175 2.671, 2.3622 0.6313 2.671, 2.3622 0.6313 2.2027, 2.3228 0.6313 2.671, 2.3228 0.6313 2.2027, 2.3622 0.2175 2.2027, 2.3228 0.2175 2.2027, 2.3622 0.1584 2.2618, 2.3228 0.1584 2.2618, 2.3228 0.1604 2.2465, 2.3622 0.1604 2.2465, 2.3228 0.1663 2.2322, 2.3622 0.1663 2.2322, 2.3228 0.1757 2.22, 2.3622 0.1757 2.22, 2.3228 0.188 2.2106, 2.3622 0.188 2.2106, 2.3228 0.2022 2.2047, 2.3622 0.2022 2.2047, 2.3622 0.1584 2.612, 2.3228 0.1584 2.612, 2.3622 0.2175 2.671, 2.3228 0.2175 2.671, 2.3228 0.2022 2.669, 2.3622 0.2022 2.669, 2.3228 0.188 2.6631, 2.3622 0.188 2.6631, 2.3228 0.1757 2.6537, 2.3622 0.1757 2.6537, 2.3228 0.1663 2.6415, 2.3622 0.1663 2.6415, 2.3228 0.1604 2.6272, 2.3622 0.1604 2.6272
            ]
        }
        coordIndex [
            0,1,2,-1,2,1,3,-1,4,0,5,-1,5,0,2,-1,4,5,6,-1,4,6,7,-1,7,6,8,-1,7,8,9,-1,9,8,10,-1,9,10,11,-1,11,10,12,-1,11,12,13,-1,13,12,14,-1,13,14,15,-1,15,14,16,-1,15,16,17,-1,18,17,19,-1,19,17,16,-1,18,19,20,-1,18,20,21,-1,21,20,22,-1,21,22,23,-1,23,22,24,-1,23,24,25,-1,25,24,26,-1,25,26,27,-1,27,26,28,-1,27,28,29,-1,29,28,30,-1,29,30,31,-1,1,31,3,-1,3,31,30,-1,1,0,31,-1,31,0,4,-1,15,17,4,-1,9,11,13,-1,4,17,31,-1,31,17,18,-1,31,18,29,-1,23,25,27,-1,15,4,13,-1,13,4,7,-1,13,7,9,-1,29,18,27,-1,27,18,21,-1,27,21,23,-1,32,33,34,-1,34,33,35,-1,33,36,35,-1,35,36,37,-1,38,39,40,-1,38,40,41,-1,41,40,42,-1,41,42,43,-1,43,42,44,-1,43,44,45,-1,45,44,46,-1,45,46,47,-1,47,46,48,-1,47,48,49,-1,49,48,37,-1,49,37,36,-1,38,50,39,-1,39,50,51,-1,52,53,54,-1,52,54,55,-1,55,54,56,-1,55,56,57,-1,57,56,58,-1,57,58,59,-1,59,58,60,-1,59,60,61,-1,61,60,62,-1,61,62,63,-1,63,62,51,-1,63,51,50,-1,52,32,53,-1,53,32,34,-1,33,32,36,-1,36,32,52,-1,63,50,52,-1,57,59,61,-1,52,50,36,-1,36,50,38,-1,36,38,49,-1,43,45,47,-1,63,52,61,-1,61,52,55,-1,61,55,57,-1,49,38,47,-1,47,38,41,-1,47,41,43,-1,
        ]
    }
}
Shape{
    appearance Appearance {
        material  Material 	{
            diffuseColor 0.0 0.5882352941176471 0.9803921568627451
            specularColor 0.0 0.17647058823529413 0.29411764705882354
            ambientIntensity 0.4571
            transparency 0.0
            shininess 0.5
        }
    }
    geometry IndexedFaceSet {
        ccw TRUE
        solid FALSE
        coord DEF co Coordinate {
            point [
                -0.0787 -1.3997 4.2008, -0.0787 -4.1556 4.2008, -0.0787 -1.3997 4.0039, -0.0787 -4.1556 4.0039, 0.0787 -4.1556 4.2008, 0.0787 -4.1556 4.0039, 0.0787 -1.3997 4.2008, 0.0787 -1.3997 4.0039, 0.4528 -3.565 4.2008, 0.4528 -1.3997 4.2008, 0.4528 -3.565 4.0039, 0.4528 -1.3997 4.0039, 0.2953 -1.3997 4.2008, 0.2953 -3.565 4.2008, 0.2953 -1.3997 4.0039, 0.2953 -3.565 4.0039, 0.3317 -1.3997 4.2008, 0.8268 -3.565 4.2008, 0.8268 -1.3997 4.2008, 0.8268 -3.565 4.0039, 0.8268 -1.3997 4.0039, 0.6693 -1.3997 4.2008, 0.6693 -3.565 4.2008, 0.6693 -1.3997 4.0039, 0.6693 -3.565 4.0039, -0.4528 -1.3997 4.2008, -0.4528 -3.565 4.2008, -0.4528 -1.3997 4.0039, -0.4528 -3.565 4.0039, -0.2953 -3.565 4.2008, -0.2953 -3.565 4.0039, -0.2953 -1.3997 4.2008, -0.2953 -1.3997 4.0039, -0.8268 -1.3997 4.2008, -0.8268 -3.565 4.2008, -0.8268 -1.3997 4.0039, -0.8268 -3.565 4.0039, -0.6693 -3.565 4.2008, -0.6693 -3.565 4.0039, -0.6693 -1.3997 4.2008, -0.6693 -1.3997 4.0039
            ]
        }
        coordIndex [
            0,1,2,-1,2,1,3,-1,1,4,3,-1,3,4,5,-1,4,6,5,-1,5,6,7,-1,6,4,0,-1,0,4,1,-1,8,9,10,-1,10,9,11,-1,12,13,14,-1,14,13,15,-1,13,8,15,-1,15,8,10,-1,9,8,16,-1,16,8,13,-1,16,13,12,-1,17,18,19,-1,19,18,20,-1,21,22,23,-1,23,22,24,-1,22,17,24,-1,24,17,19,-1,22,21,17,-1,17,21,18,-1,25,26,27,-1,27,26,28,-1,26,29,28,-1,28,29,30,-1,29,31,30,-1,30,31,32,-1,31,29,25,-1,25,29,26,-1,33,34,35,-1,35,34,36,-1,34,37,36,-1,36,37,38,-1,37,39,38,-1,38,39,40,-1,39,37,33,-1,33,37,34,-1,
        ]
    }
}
Shape{
    appearance Appearance {
        material  Material 	{
            diffuseColor 0.9686274509803922 0.8784313725490196 0.6
            specularColor 0.6784313725490196 0.615686274509804 0.4196078431372549
            ambientIntensity 0.8737
            transparency 0.0
            shininess 0.5
        }
    }
    geometry IndexedFaceSet {
        ccw TRUE
        solid FALSE
        coord DEF co Coordinate {
            point [
                -0.0551 -3.9587 4.063, -0.0551 -3.9587 4.1614, -0.0551 -1.3997 4.1614, -0.0551 -3.8149 3.969, -0.0551 -3.8266 3.9699, -0.0551 -3.878 3.9835, -0.0551 -3.9515 4.0364, -0.0551 -3.9523 4.0382, -0.0551 -3.7619 3.9646, -0.0551 -3.9568 4.0494, -0.0551 -3.957 4.0509, -0.0551 -3.9197 4.0041, -0.0551 -3.9215 4.0056, -0.0551 -1.3997 3.9646, -0.0551 -1.3997 3.9843, -0.0551 -3.8836 3.9863, -0.0551 -3.9405 4.0215, -0.0551 -3.9419 4.0234, 0.0551 -1.3997 3.9843, 0.0551 -1.3997 4.1614, 0.0551 -3.9587 4.1614, 0.0551 -3.8148 3.9692, 0.0551 -3.7883 3.9654, 0.0551 -3.7619 3.9646, 0.0551 -3.8837 3.9865, 0.0551 -3.8421 3.9731, 0.0551 -1.3997 3.9646, 0.0551 -3.9587 4.063, 0.0551 -3.9214 4.0059, 0.0551 -3.8928 3.9895, 0.0551 -3.9572 4.0509, 0.0551 -3.9571 4.0507, 0.0551 -3.9523 4.0382, 0.0551 -3.9259 4.0085, 0.0551 -3.9418 4.0235, 0.0551 -3.9433 4.0249, 0.0551 -3.9521 4.0377, 0.6929 -3.3288 3.9646, 0.6929 -3.3935 3.9699, 0.6929 -3.4202 3.977, 0.6929 -3.5238 4.0493, 0.6929 -3.5249 4.0574, 0.6929 -1.3997 4.1614, 0.6929 -3.5257 4.063, 0.6929 -3.5257 4.1614, 0.6929 -1.3997 3.9646, 0.6929 -1.3997 3.9843, 0.6929 -3.4448 3.9835, 0.6929 -3.4757 3.9987, 0.6929 -3.4865 4.0041, 0.6929 -3.5004 4.0156, 0.6929 -3.5074 4.0214, 0.6929 -3.5155 4.0324, 0.6929 -3.5184 4.0363, 0.6929 -3.5222 4.0455, 0.8031 -3.5249 4.0574, 0.8031 -1.3997 4.1614, 0.8031 -3.5257 4.063, 0.8031 -3.5257 4.1614, 0.8031 -3.5241 4.0507, 0.8031 -3.5221 4.0455, 0.8031 -3.519 4.0377, 0.8031 -3.5154 4.0324, 0.8031 -3.5103 4.0249, 0.8031 -3.5003 4.0156, 0.8031 -3.4928 4.0085, 0.8031 -3.4757 3.9986, 0.8031 -1.3997 3.9843, 0.8031 -3.4598 3.9895, 0.8031 -3.4202 3.9767, 0.8031 -1.3997 3.9646, 0.8031 -3.3288 3.9646, 0.8031 -3.3552 3.9654, 0.8031 -3.4091 3.9731, -0.4291 -3.3818 3.969, -0.4291 -3.3935 3.9699, -0.4291 -3.4449 3.9835, -0.4291 -3.4506 3.9863, -0.4291 -3.5257 4.1614, -0.4291 -3.3288 3.9646, -0.4291 -3.4884 4.0056, -0.4291 -3.5074 4.0215, -0.4291 -3.5088 4.0234, -0.4291 -3.4866 4.0041, -0.4291 -3.5257 4.063, -0.4291 -3.524 4.0509, -0.4291 -1.3997 4.1614, -0.4291 -1.3997 3.9843, -0.4291 -1.3997 3.9646, -0.4291 -3.5184 4.0364, -0.4291 -3.5192 4.0382, -0.4291 -3.5238 4.0494, -0.3189 -1.3997 4.1614, -0.3189 -3.5257 4.1614, -0.3189 -3.5257 4.063, -0.3189 -3.5241 4.0509, -0.3189 -3.5241 4.0507, -0.3189 -3.5192 4.0382, -0.3189 -3.3288 3.9646, -0.3189 -1.3997 3.9646, -0.3189 -1.3997 3.9843, -0.3189 -3.4883 4.0059, -0.3189 -3.4928 4.0085, -0.3189 -3.5088 4.0235, -0.3189 -3.4506 3.9865, -0.3189 -3.4091 3.9731, -0.3189 -3.3817 3.9692, -0.3189 -3.519 4.0377, -0.3189 -3.5103 4.0249, -0.3189 -3.3552 3.9654, -0.3189 -3.4598 3.9895, 0.4291 -3.3288 3.9646, 0.4291 -1.3997 3.9646, 0.4291 -1.3997 3.9843, 0.4291 -3.4928 4.0085, 0.4291 -3.5257 4.1614, 0.4291 -3.5088 4.0235, 0.4291 -3.5257 4.063, 0.4291 -3.5241 4.0509, 0.4291 -3.4506 3.9865, 0.4291 -3.4091 3.9731, 0.4291 -3.3817 3.9692, 0.4291 -3.4883 4.0059, 0.4291 -3.4598 3.9895, 0.4291 -3.5241 4.0507, 0.4291 -3.5192 4.0382, 0.4291 -3.5103 4.0249, 0.4291 -3.519 4.0377, 0.4291 -3.3552 3.9654, 0.4291 -1.3997 4.1614, 0.3189 -3.5257 4.063, 0.3189 -3.5257 4.1614, 0.3189 -3.4506 3.9863, 0.3189 -3.4866 4.0041, 0.3189 -3.4884 4.0056, 0.3189 -3.5238 4.0494, 0.3189 -3.524 4.0509, 0.3189 -1.3997 4.1614, 0.3189 -3.3935 3.9699, 0.3189 -3.4449 3.9835, 0.3189 -3.5088 4.0234, 0.3189 -3.5184 4.0364, 0.3189 -3.5192 4.0382, 0.3189 -1.3997 3.9646, 0.3189 -3.3288 3.9646, 0.3189 -1.3997 3.9843, 0.3189 -3.3818 3.969, 0.3189 -3.5074 4.0215, 0.3317 -1.3997 3.9646, 0.3317 -1.3997 4.1614, -0.8031 -3.5238 4.0494, -0.8031 -3.524 4.0509, -0.8031 -1.3997 4.1614, -0.8031 -3.5257 4.063, -0.8031 -3.5257 4.1614, -0.8031 -3.4449 3.9835, -0.8031 -3.4506 3.9863, -0.8031 -3.4866 4.0041, -0.8031 -3.4884 4.0056, -0.8031 -3.5074 4.0215, -0.8031 -3.5088 4.0234, -0.8031 -3.5184 4.0364, -0.8031 -3.5192 4.0382, -0.8031 -1.3997 3.9646, -0.8031 -3.3288 3.9646, -0.8031 -1.3997 3.9843, -0.8031 -3.3818 3.969, -0.8031 -3.3935 3.9699, -0.6929 -1.3997 4.1614, -0.6929 -3.5257 4.1614, -0.6929 -3.5257 4.063, -0.6929 -3.5241 4.0509, -0.6929 -3.5241 4.0507, -0.6929 -3.5192 4.0382, -0.6929 -3.5088 4.0235, -0.6929 -3.4928 4.0085, -0.6929 -3.519 4.0377, -0.6929 -3.5103 4.0249, -0.6929 -3.4883 4.0059, -0.6929 -3.4598 3.9895, -0.6929 -3.4506 3.9865, -0.6929 -3.3817 3.9692, -0.6929 -3.3552 3.9654, -0.6929 -3.3288 3.9646, -0.6929 -3.4091 3.9731, -0.6929 -1.3997 3.9843, -0.6929 -1.3997 3.9646
            ]
        }
        coordIndex [
            0,1,2,-1,3,4,5,-1,6,7,2,-1,3,5,8,-1,7,9,2,-1,2,9,10,-1,2,10,0,-1,11,12,2,-1,13,8,14,-1,14,8,5,-1,14,5,2,-1,2,5,15,-1,2,15,11,-1,12,16,2,-1,2,16,17,-1,2,17,6,-1,18,19,20,-1,21,22,23,-1,24,25,20,-1,20,25,21,-1,20,21,18,-1,18,21,23,-1,18,23,26,-1,27,28,20,-1,20,28,29,-1,20,29,24,-1,27,30,28,-1,28,30,31,-1,28,31,32,-1,33,28,34,-1,34,28,32,-1,34,32,35,-1,35,32,36,-1,27,20,0,-1,0,20,1,-1,8,13,23,-1,23,13,26,-1,20,19,1,-1,1,19,2,-1,37,38,39,-1,40,41,42,-1,42,41,43,-1,42,43,44,-1,45,37,46,-1,46,37,39,-1,46,39,42,-1,39,47,42,-1,42,47,48,-1,42,48,49,-1,49,50,42,-1,42,50,51,-1,42,51,52,-1,52,53,42,-1,42,53,54,-1,42,54,40,-1,55,56,57,-1,57,56,58,-1,55,59,56,-1,56,59,60,-1,56,60,61,-1,61,62,56,-1,56,62,63,-1,56,63,64,-1,64,65,56,-1,56,65,66,-1,56,66,67,-1,67,66,68,-1,67,68,69,-1,70,67,71,-1,71,67,69,-1,71,69,72,-1,72,69,73,-1,57,58,43,-1,43,58,44,-1,37,45,71,-1,71,45,70,-1,58,56,44,-1,44,56,42,-1,74,75,76,-1,76,77,78,-1,74,76,79,-1,80,81,82,-1,77,83,78,-1,78,83,80,-1,78,80,84,-1,84,80,85,-1,78,86,76,-1,76,86,87,-1,76,87,79,-1,79,87,88,-1,82,89,90,-1,82,90,80,-1,80,90,91,-1,80,91,85,-1,92,93,94,-1,94,95,92,-1,92,95,96,-1,92,96,97,-1,98,99,100,-1,101,92,102,-1,102,92,103,-1,104,105,106,-1,97,107,92,-1,92,107,108,-1,92,108,103,-1,109,98,106,-1,106,98,100,-1,106,100,104,-1,104,100,92,-1,104,92,110,-1,110,92,101,-1,94,93,84,-1,84,93,78,-1,79,88,98,-1,98,88,99,-1,93,92,78,-1,78,92,86,-1,111,112,113,-1,114,115,116,-1,116,115,117,-1,116,117,118,-1,119,120,121,-1,114,122,115,-1,115,122,123,-1,115,123,119,-1,118,124,116,-1,116,124,125,-1,116,125,126,-1,126,125,127,-1,128,111,121,-1,121,111,113,-1,121,113,119,-1,119,113,129,-1,119,129,115,-1,117,115,130,-1,130,115,131,-1,132,133,134,-1,135,136,137,-1,137,136,130,-1,137,130,131,-1,138,139,132,-1,140,141,137,-1,137,141,142,-1,137,142,135,-1,143,144,145,-1,145,144,146,-1,145,146,137,-1,138,132,146,-1,146,132,134,-1,146,134,137,-1,137,134,147,-1,137,147,140,-1,112,111,148,-1,148,111,144,-1,148,144,143,-1,137,131,149,-1,149,131,115,-1,149,115,129,-1,150,151,152,-1,152,151,153,-1,152,153,154,-1,155,156,152,-1,152,156,157,-1,157,158,152,-1,152,158,159,-1,152,159,160,-1,160,161,152,-1,152,161,162,-1,152,162,150,-1,163,164,165,-1,165,164,166,-1,165,166,152,-1,152,166,167,-1,152,167,155,-1,168,169,170,-1,170,171,168,-1,168,171,172,-1,168,172,173,-1,168,174,175,-1,173,176,168,-1,168,176,177,-1,168,177,174,-1,175,178,168,-1,168,178,179,-1,168,179,180,-1,181,182,183,-1,180,184,168,-1,168,184,181,-1,168,181,185,-1,185,181,183,-1,185,183,186,-1,170,169,153,-1,153,169,154,-1,164,163,183,-1,183,163,186,-1,169,168,154,-1,154,168,152,-1,170,153,151,-1,164,183,182,-1,164,182,166,-1,166,182,181,-1,166,181,167,-1,167,181,184,-1,167,184,155,-1,155,184,180,-1,155,180,156,-1,156,180,179,-1,156,179,157,-1,157,179,178,-1,157,178,158,-1,158,178,175,-1,158,175,159,-1,159,175,174,-1,159,174,160,-1,160,174,177,-1,160,177,161,-1,161,177,176,-1,161,176,162,-1,162,176,173,-1,162,173,150,-1,150,173,172,-1,150,172,151,-1,151,172,171,-1,151,171,170,-1,94,84,85,-1,79,98,109,-1,79,109,74,-1,74,109,106,-1,74,106,75,-1,75,106,105,-1,75,105,76,-1,76,105,104,-1,76,104,77,-1,77,104,110,-1,77,110,83,-1,83,110,101,-1,83,101,80,-1,80,101,102,-1,80,102,81,-1,81,102,103,-1,81,103,82,-1,82,103,108,-1,82,108,89,-1,89,108,107,-1,89,107,90,-1,90,107,97,-1,90,97,91,-1,91,97,96,-1,91,96,85,-1,85,96,95,-1,85,95,94,-1,27,0,10,-1,8,23,22,-1,8,22,3,-1,3,22,21,-1,3,21,4,-1,4,21,25,-1,4,25,5,-1,5,25,24,-1,5,24,15,-1,15,24,29,-1,15,29,11,-1,11,29,28,-1,11,28,12,-1,12,28,33,-1,12,33,16,-1,16,33,34,-1,16,34,17,-1,17,34,35,-1,17,35,6,-1,6,35,36,-1,6,36,7,-1,7,36,32,-1,7,32,9,-1,9,32,31,-1,9,31,10,-1,10,31,30,-1,10,30,27,-1,117,130,136,-1,144,111,128,-1,144,128,146,-1,146,128,121,-1,146,121,138,-1,138,121,120,-1,138,120,139,-1,139,120,119,-1,139,119,132,-1,132,119,123,-1,132,123,133,-1,133,123,122,-1,133,122,134,-1,134,122,114,-1,134,114,147,-1,147,114,116,-1,147,116,140,-1,140,116,126,-1,140,126,141,-1,141,126,127,-1,141,127,142,-1,142,127,125,-1,142,125,135,-1,135,125,124,-1,135,124,136,-1,136,124,118,-1,136,118,117,-1,57,43,41,-1,37,71,72,-1,37,72,38,-1,38,72,73,-1,38,73,39,-1,39,73,69,-1,39,69,47,-1,47,69,68,-1,47,68,48,-1,48,68,66,-1,48,66,49,-1,49,66,65,-1,49,65,50,-1,50,65,64,-1,50,64,51,-1,51,64,63,-1,51,63,52,-1,52,63,62,-1,52,62,53,-1,53,62,61,-1,53,61,54,-1,54,61,60,-1,54,60,40,-1,40,60,59,-1,40,59,41,-1,41,59,55,-1,41,55,57,-1,
        ]
    }
}
Shape{
    appearance Appearance {
        material  Material 	{
            diffuseColor 0.0 0.5882352941176471 0.9803921568627451
            specularColor 0.0 0.17647058823529413 0.29411764705882354
            ambientIntensity 0.4571
            transparency 0.0
            shininess 0.5
        }
    }
    geometry IndexedFaceSet {
        ccw TRUE
        solid FALSE
        coord DEF co Coordinate {
            point [
                0.6496 -3.565 1.6417, 0.6496 -1.3997 1.6417, 0.6496 -3.565 1.4449, 0.6496 -1.3997 1.4449, 0.3346 -1.3997 1.6417, 0.3346 -3.565 1.6417, 0.3346 -1.3997 1.4449, 0.3346 -3.565 1.4449, -0.6496 -1.3997 1.6417, -0.6496 -3.565 1.6417, -0.6496 -1.3997 1.4449, -0.6496 -3.565 1.4449, -0.3346 -3.565 1.6417, -0.3346 -3.565 1.4449, -0.3346 -1.3997 1.6417, -0.3346 -1.3997 1.4449, 0.6496 -1.3997 2.626, 0.6496 -3.565 2.626, 0.6496 -1.3997 2.8228, 0.6496 -3.565 2.8228, 0.3346 -3.565 2.626, 0.3346 -3.565 2.8228, 0.3346 -1.3997 2.626, 0.3346 -1.3997 2.8228, -0.6496 -3.565 2.626, -0.6496 -1.3997 2.626, -0.6496 -3.565 2.8228, -0.6496 -1.3997 2.8228, -0.3346 -1.3997 2.626, -0.3346 -3.565 2.626, -0.3346 -1.3997 2.8228, -0.3346 -3.565 2.8228
            ]
        }
        coordIndex [
            0,1,2,-1,2,1,3,-1,4,5,6,-1,6,5,7,-1,5,0,7,-1,7,0,2,-1,5,4,0,-1,0,4,1,-1,8,9,10,-1,10,9,11,-1,9,12,11,-1,11,12,13,-1,12,14,13,-1,13,14,15,-1,14,12,8,-1,8,12,9,-1,16,17,18,-1,18,17,19,-1,17,20,19,-1,19,20,21,-1,20,22,21,-1,21,22,23,-1,22,20,16,-1,16,20,17,-1,24,25,26,-1,26,25,27,-1,28,29,30,-1,30,29,31,-1,29,24,31,-1,31,24,26,-1,29,28,24,-1,24,28,25,-1,
        ]
    }
}
Shape{
    appearance Appearance {
        material  Material 	{
            diffuseColor 0.9686274509803922 0.8784313725490196 0.6
            specularColor 0.6784313725490196 0.615686274509804 0.4196078431372549
            ambientIntensity 0.8737
            transparency 0.0
            shininess 0.5
        }
    }
    geometry IndexedFaceSet {
        ccw TRUE
        solid FALSE
        coord DEF co Coordinate {
            point [
                0.3445 -3.5184 1.4772, 0.3445 -3.5222 1.4864, 0.3445 -1.3997 1.6024, 0.3445 -3.5238 1.4903, 0.3445 -3.5249 1.4984, 0.3445 -3.5257 1.5039, 0.3445 -3.5257 1.6024, 0.3445 -3.3288 1.4055, 0.3445 -3.3935 1.4109, 0.3445 -3.4202 1.4179, 0.3445 -3.5004 1.4565, 0.3445 -3.4865 1.445, 0.3445 -3.4757 1.4397, 0.3445 -3.5074 1.4624, 0.3445 -3.5155 1.4734, 0.3445 -1.3997 1.4055, 0.3445 -1.3997 1.4252, 0.3445 -3.4448 1.4244, 0.6398 -1.3997 1.6024, 0.6398 -3.5257 1.6024, 0.6398 -3.5257 1.5039, 0.6398 -3.5249 1.4984, 0.6398 -3.5241 1.4916, 0.6398 -3.5221 1.4865, 0.6398 -3.519 1.4787, 0.6398 -3.5154 1.4734, 0.6398 -3.5103 1.4658, 0.6398 -3.5003 1.4565, 0.6398 -3.4928 1.4495, 0.6398 -3.4757 1.4396, 0.6398 -3.3288 1.4055, 0.6398 -3.4202 1.4177, 0.6398 -3.3552 1.4064, 0.6398 -3.4091 1.4141, 0.6398 -3.4598 1.4305, 0.6398 -1.3997 1.4252, 0.6398 -1.3997 1.4055, 0.3445 -1.3997 2.8425, 0.3445 -3.4598 2.8373, 0.3445 -3.4202 2.8501, 0.3445 -1.3997 2.8622, 0.3445 -3.3288 2.8622, 0.3445 -3.3552 2.8613, 0.3445 -3.4091 2.8537, 0.3445 -3.5257 2.6654, 0.3445 -3.5257 2.7638, 0.3445 -1.3997 2.6654, 0.3445 -3.5249 2.7694, 0.3445 -3.5241 2.7761, 0.3445 -3.4757 2.8281, 0.3445 -3.4928 2.8183, 0.3445 -3.5221 2.7813, 0.3445 -3.519 2.7891, 0.3445 -3.5154 2.7943, 0.3445 -3.5103 2.8019, 0.3445 -3.5003 2.8112, 0.6398 -3.5257 2.7638, 0.6398 -3.5257 2.6654, 0.6398 -1.3997 2.6654, 0.6398 -3.5184 2.7905, 0.6398 -3.5222 2.7813, 0.6398 -1.3997 2.8425, 0.6398 -3.4448 2.8433, 0.6398 -3.3288 2.8622, 0.6398 -3.3935 2.8568, 0.6398 -3.4202 2.8498, 0.6398 -3.5238 2.7775, 0.6398 -3.5249 2.7693, 0.6398 -3.4757 2.828, 0.6398 -3.4865 2.8227, 0.6398 -3.5004 2.8112, 0.6398 -3.5074 2.8054, 0.6398 -3.5155 2.7944, 0.6398 -1.3997 2.8622, -0.3445 -1.3997 1.6024, -0.3445 -3.5257 1.6024, -0.3445 -3.5257 1.5039, -0.3445 -3.5249 1.4984, -0.3445 -3.5241 1.4916, -0.3445 -3.5221 1.4865, -0.3445 -3.519 1.4787, -0.3445 -3.5154 1.4734, -0.3445 -3.5103 1.4658, -0.3445 -3.5003 1.4565, -0.3445 -3.4928 1.4495, -0.3445 -3.4757 1.4396, -0.3445 -3.3288 1.4055, -0.3445 -3.4202 1.4177, -0.3445 -3.3552 1.4064, -0.3445 -3.4091 1.4141, -0.3445 -3.4598 1.4305, -0.3445 -1.3997 1.4252, -0.3445 -1.3997 1.4055, -0.6398 -3.5257 1.5039, -0.6398 -3.5257 1.6024, -0.6398 -3.3288 1.4055, -0.6398 -3.3935 1.4109, -0.6398 -3.4202 1.4179, -0.6398 -1.3997 1.6024, -0.6398 -3.4757 1.4397, -0.6398 -3.4865 1.445, -0.6398 -3.5004 1.4565, -0.6398 -3.5074 1.4624, -0.6398 -3.5155 1.4734, -0.6398 -3.5184 1.4772, -0.6398 -3.5222 1.4864, -0.6398 -3.5238 1.4903, -0.6398 -3.5249 1.4984, -0.6398 -1.3997 1.4055, -0.6398 -1.3997 1.4252, -0.6398 -3.4448 1.4244, -0.3445 -1.3997 2.8622, -0.3445 -3.4272 2.8622, -0.3445 -1.3997 2.8425, -0.3445 -3.4393 2.8606, -0.3445 -1.3997 2.6654, -0.3445 -3.5257 2.6654, -0.3445 -3.4396 2.8606, -0.3445 -3.452 2.8557, -0.3445 -3.4668 2.8453, -0.3445 -3.4817 2.8294, -0.3445 -3.4843 2.8248, -0.3445 -3.5248 2.6918, -0.3445 -3.4525 2.8556, -0.3445 -3.4654 2.8468, -0.3445 -3.5007 2.7963, -0.3445 -3.5037 2.7871, -0.3445 -3.521 2.7183, -0.3445 -3.5171 2.7456, -0.6398 -1.3997 2.8425, -0.6398 -1.3997 2.6654, -0.6398 -3.5257 2.6654, -0.6398 -3.5203 2.73, -0.6398 -3.5067 2.7815, -0.6398 -3.5039 2.7871, -0.6398 -3.4861 2.8231, -0.6398 -3.4846 2.8249, -0.6398 -3.4688 2.8439, -0.6398 -3.5213 2.7184, -0.6398 -3.4669 2.8454, -0.6398 -3.4539 2.855, -0.6398 -3.452 2.8557, -0.6398 -3.4409 2.8603, -0.6398 -3.4393 2.8605, -0.6398 -3.4272 2.8622, -0.6398 -1.3997 2.8622
            ]
        }
        coordIndex [
            0,1,2,-1,2,1,3,-1,3,4,2,-1,2,4,5,-1,2,5,6,-1,7,8,9,-1,10,2,11,-1,11,2,12,-1,10,13,2,-1,2,13,14,-1,2,14,0,-1,15,7,16,-1,16,7,9,-1,16,9,2,-1,2,9,17,-1,2,17,12,-1,18,19,20,-1,20,21,18,-1,18,21,22,-1,18,22,23,-1,23,24,18,-1,18,24,25,-1,18,25,26,-1,26,27,18,-1,18,27,28,-1,18,28,29,-1,30,31,32,-1,32,31,33,-1,29,34,18,-1,18,34,31,-1,18,31,35,-1,35,31,30,-1,35,30,36,-1,20,19,5,-1,5,19,6,-1,7,15,30,-1,30,15,36,-1,19,18,6,-1,6,18,2,-1,20,5,4,-1,7,30,32,-1,7,32,8,-1,8,32,33,-1,8,33,9,-1,9,33,31,-1,9,31,17,-1,17,31,34,-1,17,34,12,-1,12,34,29,-1,12,29,11,-1,11,29,28,-1,11,28,10,-1,10,28,27,-1,10,27,13,-1,13,27,26,-1,13,26,14,-1,14,26,25,-1,14,25,0,-1,0,25,24,-1,0,24,1,-1,1,24,23,-1,1,23,3,-1,3,23,22,-1,3,22,4,-1,4,22,21,-1,4,21,20,-1,37,38,39,-1,40,37,41,-1,41,37,39,-1,41,39,42,-1,42,39,43,-1,44,45,46,-1,46,45,47,-1,46,47,48,-1,38,37,49,-1,49,37,46,-1,49,46,50,-1,48,51,46,-1,46,51,52,-1,46,52,53,-1,53,54,46,-1,46,54,55,-1,46,55,50,-1,45,44,56,-1,56,44,57,-1,56,57,58,-1,59,60,58,-1,58,61,62,-1,63,64,65,-1,60,66,58,-1,58,66,67,-1,58,67,56,-1,62,68,58,-1,58,68,69,-1,58,69,70,-1,70,71,58,-1,58,71,72,-1,58,72,59,-1,73,63,61,-1,61,63,65,-1,61,65,62,-1,63,73,41,-1,41,73,40,-1,58,57,46,-1,46,57,44,-1,45,56,67,-1,63,41,42,-1,63,42,64,-1,64,42,43,-1,64,43,65,-1,65,43,39,-1,65,39,62,-1,62,39,38,-1,62,38,68,-1,68,38,49,-1,68,49,69,-1,69,49,50,-1,69,50,70,-1,70,50,55,-1,70,55,71,-1,71,55,54,-1,71,54,72,-1,72,54,53,-1,72,53,59,-1,59,53,52,-1,59,52,60,-1,60,52,51,-1,60,51,66,-1,66,51,48,-1,66,48,67,-1,67,48,47,-1,67,47,45,-1,74,75,76,-1,76,77,74,-1,74,77,78,-1,74,78,79,-1,79,80,74,-1,74,80,81,-1,74,81,82,-1,82,83,74,-1,74,83,84,-1,74,84,85,-1,86,87,88,-1,88,87,89,-1,85,90,74,-1,74,90,87,-1,74,87,91,-1,91,87,86,-1,91,86,92,-1,76,75,93,-1,93,75,94,-1,95,96,97,-1,98,99,100,-1,100,101,98,-1,98,101,102,-1,98,102,103,-1,103,104,98,-1,98,104,105,-1,98,105,106,-1,106,107,98,-1,98,107,93,-1,98,93,94,-1,108,95,109,-1,109,95,97,-1,109,97,98,-1,98,97,110,-1,98,110,99,-1,95,108,86,-1,86,108,92,-1,98,94,74,-1,74,94,75,-1,76,93,107,-1,95,86,88,-1,95,88,96,-1,96,88,89,-1,96,89,97,-1,97,89,87,-1,97,87,110,-1,110,87,90,-1,110,90,99,-1,99,90,85,-1,99,85,100,-1,100,85,84,-1,100,84,101,-1,101,84,83,-1,101,83,102,-1,102,83,82,-1,102,82,103,-1,103,82,81,-1,103,81,104,-1,104,81,80,-1,104,80,105,-1,105,80,79,-1,105,79,106,-1,106,79,78,-1,106,78,107,-1,107,78,77,-1,107,77,76,-1,111,112,113,-1,113,112,114,-1,113,114,115,-1,115,114,116,-1,116,114,117,-1,116,117,118,-1,119,120,116,-1,116,120,121,-1,116,121,122,-1,118,123,116,-1,116,123,124,-1,116,124,119,-1,121,125,126,-1,122,121,127,-1,127,121,126,-1,127,126,128,-1,129,130,131,-1,132,133,134,-1,135,136,131,-1,131,136,137,-1,135,131,134,-1,134,131,138,-1,134,138,132,-1,137,139,131,-1,131,139,140,-1,131,140,141,-1,141,142,131,-1,131,142,143,-1,131,143,129,-1,129,143,144,-1,129,144,145,-1,112,111,144,-1,144,111,145,-1,131,130,116,-1,116,130,115,-1,112,144,143,-1,131,116,122,-1,131,122,138,-1,138,122,127,-1,138,127,132,-1,132,127,128,-1,132,128,133,-1,133,128,126,-1,133,126,134,-1,134,126,125,-1,134,125,135,-1,135,125,121,-1,135,121,136,-1,136,121,120,-1,136,120,137,-1,137,120,119,-1,137,119,139,-1,139,119,124,-1,139,124,140,-1,140,124,123,-1,140,123,141,-1,141,123,118,-1,141,118,142,-1,142,118,117,-1,142,117,143,-1,143,117,114,-1,143,114,112,-1,
        ]
    }
}
Shape{
    appearance Appearance {
        material  Material 	{
            diffuseColor 0.0 0.0 0.0
            specularColor 0.0 0.0 0.0
            ambientIntensity 0.0
            transparency 0.0
            shininess 0.5
        }
    }
    geometry IndexedFaceSet {
        ccw TRUE
        solid FALSE
        coord DEF co Coordinate {
            point [
                2.3626 -2.935 4.3418, 2.3626 -2.935 4.3144, 2.3622 -2.935 4.3418, 2.3622 -2.935 4.3144, 2.3626 -3.0306 4.3418, 2.3622 -3.0306 4.3418, 2.3626 -3.0306 4.5547, 2.3622 -3.0306 4.5547, 2.3626 -3.0616 4.5547, 2.3622 -3.0616 4.5547, 2.3626 -3.0616 4.3144, 2.3622 -3.0616 4.3144, 2.3626 -2.8118 4.3104, 2.3622 -2.8118 4.3104, 2.3622 -2.7971 4.3109, 2.3626 -2.7971 4.3109, 2.3622 -2.7835 4.3124, 2.3626 -2.7835 4.3124, 2.3622 -2.7712 4.3148, 2.3626 -2.7712 4.3148, 2.3622 -2.7601 4.318, 2.3626 -2.7601 4.318, 2.3622 -2.7502 4.322, 2.3626 -2.7502 4.322, 2.3622 -2.7453 4.3244, 2.3626 -2.7453 4.3244, 2.3626 -2.7453 4.3541, 2.3622 -2.7453 4.3541, 2.3622 -2.7543 4.3492, 2.3626 -2.7543 4.3492, 2.3622 -2.7639 4.3452, 2.3626 -2.7639 4.3452, 2.3622 -2.774 4.342, 2.3626 -2.774 4.342, 2.3622 -2.7847 4.3398, 2.3626 -2.7847 4.3398, 2.3622 -2.7961 4.3384, 2.3626 -2.7961 4.3384, 2.3622 -2.8073 4.338, 2.3626 -2.8073 4.338, 2.3622 -2.8178 4.3385, 2.3626 -2.8178 4.3385, 2.3622 -2.8276 4.34, 2.3626 -2.8276 4.34, 2.3622 -2.8367 4.3425, 2.3626 -2.8367 4.3425, 2.3622 -2.845 4.3458, 2.3626 -2.845 4.3458, 2.3622 -2.8528 4.35, 2.3626 -2.8528 4.35, 2.3622 -2.86 4.355, 2.3626 -2.86 4.355, 2.3622 -2.8667 4.361, 2.3626 -2.8667 4.361, 2.3622 -2.869 4.3633, 2.3626 -2.869 4.3633, 2.3622 -2.8748 4.3703, 2.3626 -2.8748 4.3703, 2.3622 -2.8798 4.378, 2.3626 -2.8798 4.378, 2.3622 -2.884 4.3862, 2.3626 -2.884 4.3862, 2.3622 -2.8874 4.3952, 2.3626 -2.8874 4.3952, 2.3622 -2.8899 4.4048, 2.3626 -2.8899 4.4048, 2.3622 -2.8917 4.4153, 2.3626 -2.8917 4.4153, 2.3622 -2.8925 4.4268, 2.3626 -2.8925 4.4268, 2.3622 -2.8926 4.4318, 2.3626 -2.8926 4.4318, 2.3622 -2.8921 4.4443, 2.3626 -2.8921 4.4443, 2.3622 -2.8906 4.4559, 2.3626 -2.8906 4.4559, 2.3622 -2.8882 4.4666, 2.3626 -2.8882 4.4666, 2.3622 -2.8849 4.4763, 2.3626 -2.8849 4.4763, 2.3622 -2.8808 4.4852, 2.3626 -2.8808 4.4852, 2.3622 -2.8759 4.4933, 2.3626 -2.8759 4.4933, 2.3622 -2.8703 4.5008, 2.3626 -2.8703 4.5008, 2.3622 -2.8674 4.5041, 2.3626 -2.8674 4.5041, 2.3622 -2.8604 4.5106, 2.3626 -2.8604 4.5106, 2.3622 -2.853 4.5163, 2.3626 -2.853 4.5163, 2.3622 -2.8452 4.5209, 2.3626 -2.8452 4.5209, 2.3622 -2.8368 4.5247, 2.3626 -2.8368 4.5247, 2.3622 -2.828 4.5275, 2.3626 -2.828 4.5275, 2.3622 -2.8186 4.5295, 2.3626 -2.8186 4.5295, 2.3622 -2.8086 4.5305, 2.3626 -2.8086 4.5305, 2.3622 -2.8019 4.5307, 2.3626 -2.8019 4.5307, 2.3622 -2.7904 4.5302, 2.3626 -2.7904 4.5302, 2.3622 -2.7792 4.5287, 2.3626 -2.7792 4.5287, 2.3622 -2.7687 4.5262, 2.3626 -2.7687 4.5262, 2.3622 -2.7585 4.5227, 2.3626 -2.7585 4.5227, 2.3622 -2.7488 4.5183, 2.3626 -2.7488 4.5183, 2.3622 -2.7453 4.5165, 2.3626 -2.7453 4.5165, 2.3626 -2.7453 4.5489, 2.3622 -2.7453 4.5489, 2.3622 -2.7546 4.5523, 2.3626 -2.7546 4.5523, 2.3622 -2.7648 4.5551, 2.3626 -2.7648 4.5551, 2.3622 -2.7763 4.5571, 2.3626 -2.7763 4.5571, 2.3622 -2.7892 4.5583, 2.3626 -2.7892 4.5583, 2.3622 -2.8022 4.5587, 2.3626 -2.8022 4.5587, 2.3622 -2.8147 4.5582, 2.3626 -2.8147 4.5582, 2.3622 -2.8267 4.5567, 2.3626 -2.8267 4.5567, 2.3622 -2.8379 4.5542, 2.3626 -2.8379 4.5542, 2.3622 -2.8485 4.5509, 2.3626 -2.8485 4.5509, 2.3622 -2.8584 4.5466, 2.3626 -2.8584 4.5466, 2.3622 -2.8678 4.5415, 2.3626 -2.8678 4.5415, 2.3622 -2.8767 4.5354, 2.3626 -2.8767 4.5354, 2.3622 -2.8851 4.5284, 2.3626 -2.8851 4.5284, 2.3622 -2.8904 4.5233, 2.3626 -2.8904 4.5233, 2.3622 -2.8978 4.5151, 2.3626 -2.8978 4.5151, 2.3622 -2.9043 4.5064, 2.3626 -2.9043 4.5064, 2.3622 -2.9098 4.4971, 2.3626 -2.9098 4.4971, 2.3622 -2.9145 4.4873, 2.3626 -2.9145 4.4873, 2.3622 -2.9184 4.4768, 2.3626 -2.9184 4.4768, 2.3622 -2.9214 4.4657, 2.3626 -2.9214 4.4657, 2.3622 -2.9235 4.4539, 2.3626 -2.9235 4.4539, 2.3622 -2.9248 4.4413, 2.3626 -2.9248 4.4413, 2.3622 -2.9251 4.43, 2.3626 -2.9251 4.43, 2.3622 -2.9246 4.4165, 2.3626 -2.9246 4.4165, 2.3622 -2.9231 4.4038, 2.3626 -2.9231 4.4038, 2.3622 -2.9207 4.392, 2.3626 -2.9207 4.392, 2.3622 -2.9174 4.3811, 2.3626 -2.9174 4.3811, 2.3622 -2.9132 4.371, 2.3626 -2.9132 4.371, 2.3622 -2.9083 4.3617, 2.3626 -2.9083 4.3617, 2.3622 -2.9025 4.353, 2.3626 -2.9025 4.353, 2.3622 -2.8962 4.3453, 2.3626 -2.8962 4.3453, 2.3622 -2.8943 4.3432, 2.3626 -2.8943 4.3432, 2.3622 -2.8869 4.336, 2.3626 -2.8869 4.336, 2.3622 -2.8789 4.3297, 2.3626 -2.8789 4.3297, 2.3622 -2.8704 4.3244, 2.3626 -2.8704 4.3244, 2.3622 -2.8613 4.3199, 2.3626 -2.8613 4.3199, 2.3622 -2.8517 4.3162, 2.3626 -2.8517 4.3162, 2.3622 -2.8415 4.3135, 2.3626 -2.8415 4.3135, 2.3622 -2.8306 4.3116, 2.3626 -2.8306 4.3116, 2.3622 -2.8189 4.3105, 2.3626 -2.8189 4.3105, 2.3626 -2.568 4.3418, 2.3626 -2.568 4.3144, 2.3622 -2.568 4.3418, 2.3622 -2.568 4.3144, 2.3626 -2.6662 4.3418, 2.3622 -2.6662 4.3418, 2.3626 -2.6662 4.4226, 2.3622 -2.6662 4.4226, 2.3626 -2.5803 4.4226, 2.3622 -2.5803 4.4226, 2.3626 -2.5803 4.4501, 2.3622 -2.5803 4.4501, 2.3626 -2.6662 4.4501, 2.3622 -2.6662 4.4501, 2.3626 -2.6662 4.527, 2.3622 -2.6662 4.527, 2.3626 -2.5735 4.527, 2.3622 -2.5735 4.527, 2.3626 -2.5735 4.5547, 2.3622 -2.5735 4.5547, 2.3626 -2.6972 4.5547, 2.3622 -2.6972 4.5547, 2.3626 -2.6972 4.3144, 2.3622 -2.6972 4.3144, 2.3626 -2.4121 4.3496, 2.3626 -2.3955 4.3266, 2.3626 -2.4034 4.3536, 2.3626 -2.3855 4.3317, 2.3626 -2.3955 4.3585, 2.3626 -2.3762 4.3376, 2.3626 -2.3884 4.3641, 2.3626 -2.3674 4.3445, 2.3626 -2.3853 4.3669, 2.3626 -2.3633 4.3481, 2.3626 -2.3793 4.3735, 2.3626 -2.3556 4.3559, 2.3626 -2.374 4.3807, 2.3626 -2.3489 4.3643, 2.3626 -2.3696 4.3885, 2.3626 -2.3431 4.3732, 2.3626 -2.366 4.3971, 2.3626 -2.3617 4.4599, 2.3626 -2.3316 4.4726, 2.3626 -2.3641 4.4699, 2.3626 -2.3349 4.4827, 2.3626 -2.3673 4.4788, 2.3626 -2.3392 4.4921, 2.3626 -2.3714 4.4868, 2.3626 -2.3443 4.501, 2.3626 -2.3761 4.4939, 2.3626 -2.3503 4.5092, 2.3626 -2.3572 4.517, 2.3626 -2.3816 4.5003, 2.3626 -2.3633 4.5228, 2.3626 -2.386 4.5044, 2.3626 -2.3722 4.53, 2.3626 -2.3935 4.5101, 2.3626 -2.3816 4.5362, 2.3626 -2.4015 4.515, 2.3626 -2.3915 4.5415, 2.3626 -2.4102 4.5191, 2.3626 -2.4019 4.5459, 2.3626 -2.4196 4.5223, 2.3626 -2.4128 4.5494, 2.3626 -2.4297 4.5247, 2.3626 -2.4244 4.5521, 2.3626 -2.4407 4.5263, 2.3626 -2.4367 4.5538, 2.3626 -2.4523 4.527, 2.3626 -2.4497 4.5546, 2.3626 -2.4553 4.527, 2.3626 -2.4541 4.5547, 2.3626 -2.4916 4.527, 2.3626 -2.5226 4.5547, 2.3626 -2.4916 4.3418, 2.3626 -2.5226 4.3144, 2.3626 -2.4568 4.3418, 2.3626 -2.4566 4.3144, 2.3626 -2.4441 4.3423, 2.3626 -2.4428 4.315, 2.3626 -2.4324 4.3438, 2.3626 -2.4297 4.3165, 2.3626 -2.4218 4.3463, 2.3626 -2.4176 4.319, 2.3626 -2.4062 4.3223, 2.3626 -2.3382 4.3825, 2.3626 -2.3342 4.3924, 2.3626 -2.3631 4.4064, 2.3626 -2.3311 4.403, 2.3626 -2.3611 4.4166, 2.3626 -2.3288 4.4141, 2.3626 -2.36 4.4276, 2.3626 -2.3275 4.426, 2.3626 -2.3597 4.4368, 2.3626 -2.3271 4.4376, 2.3626 -2.3602 4.4488, 2.3626 -2.3276 4.45, 2.3626 -2.3291 4.4617, 2.3622 -2.3935 4.5101, 2.3622 -2.3722 4.53, 2.3622 -2.386 4.5044, 2.3622 -2.3633 4.5228, 2.3622 -2.3816 4.5003, 2.3622 -2.3572 4.517, 2.3622 -2.3761 4.4939, 2.3622 -2.3503 4.5092, 2.3622 -2.3714 4.4868, 2.3622 -2.3443 4.501, 2.3622 -2.3673 4.4788, 2.3622 -2.3392 4.4921, 2.3622 -2.3641 4.4699, 2.3622 -2.4034 4.3536, 2.3622 -2.3955 4.3266, 2.3622 -2.4121 4.3496, 2.3622 -2.4062 4.3223, 2.3622 -2.4218 4.3463, 2.3622 -2.4176 4.319, 2.3622 -2.4324 4.3438, 2.3622 -2.4297 4.3165, 2.3622 -2.4441 4.3423, 2.3622 -2.4428 4.315, 2.3622 -2.4568 4.3418, 2.3622 -2.4566 4.3144, 2.3622 -2.4916 4.3418, 2.3622 -2.5226 4.3144, 2.3622 -2.4916 4.527, 2.3622 -2.5226 4.5547, 2.3622 -2.4553 4.527, 2.3622 -2.4541 4.5547, 2.3622 -2.4523 4.527, 2.3622 -2.4497 4.5546, 2.3622 -2.4407 4.5263, 2.3622 -2.4367 4.5538, 2.3622 -2.4297 4.5247, 2.3622 -2.4244 4.5521, 2.3622 -2.4196 4.5223, 2.3622 -2.4128 4.5494, 2.3622 -2.4102 4.5191, 2.3622 -2.4019 4.5459, 2.3622 -2.4015 4.515, 2.3622 -2.3915 4.5415, 2.3622 -2.3816 4.5362, 2.3622 -2.3631 4.4064, 2.3622 -2.3342 4.3924, 2.3622 -2.366 4.3971, 2.3622 -2.3382 4.3825, 2.3622 -2.3696 4.3885, 2.3622 -2.3431 4.3732, 2.3622 -2.374 4.3807, 2.3622 -2.3489 4.3643, 2.3622 -2.3793 4.3735, 2.3622 -2.3556 4.3559, 2.3622 -2.3853 4.3669, 2.3622 -2.3633 4.3481, 2.3622 -2.3884 4.3641, 2.3622 -2.3674 4.3445, 2.3622 -2.3955 4.3585, 2.3622 -2.3762 4.3376, 2.3622 -2.3855 4.3317, 2.3622 -2.3349 4.4827, 2.3622 -2.3316 4.4726, 2.3622 -2.3617 4.4599, 2.3622 -2.3291 4.4617, 2.3622 -2.3602 4.4488, 2.3622 -2.3276 4.45, 2.3622 -2.3597 4.4368, 2.3622 -2.3271 4.4376, 2.3622 -2.36 4.4276, 2.3622 -2.3275 4.426, 2.3622 -2.3611 4.4166, 2.3622 -2.3288 4.4141, 2.3622 -2.3311 4.403, 2.3626 -2.2466 4.4073, 2.3626 -2.2564 4.3801, 2.3626 -2.166 4.4073, 2.3626 -2.1564 4.3801, 2.3626 -2.2107 4.5071, 2.3626 -2.2223 4.5547, 2.3626 -2.3138 4.3144, 2.3626 -2.2795 4.3144, 2.3626 -2.2086 4.5143, 2.3626 -2.2067 4.524, 2.3626 -2.1891 4.5547, 2.3626 -2.206 4.524, 2.3626 -2.204 4.5138, 2.3626 -2.2022 4.5071, 2.3626 -2.0976 4.3144, 2.3626 -2.1319 4.3144, 2.3622 -2.166 4.4073, 2.3622 -2.2022 4.5071, 2.3622 -2.1891 4.5547, 2.3622 -2.204 4.5138, 2.3622 -2.206 4.524, 2.3622 -2.2223 4.5547, 2.3622 -2.2067 4.524, 2.3622 -2.2086 4.5143, 2.3622 -2.2107 4.5071, 2.3622 -2.2466 4.4073, 2.3622 -2.3138 4.3144, 2.3622 -2.0976 4.3144, 2.3622 -2.1319 4.3144, 2.3622 -2.1564 4.3801, 2.3622 -2.2795 4.3144, 2.3622 -2.2564 4.3801, 2.3626 -2.9324 3.9608, 2.3626 -2.9324 3.9334, 2.3622 -2.9324 3.9608, 2.3622 -2.9324 3.9334, 2.3626 -3.0306 3.9608, 2.3622 -3.0306 3.9608, 2.3626 -3.0306 4.0416, 2.3622 -3.0306 4.0416, 2.3626 -2.9447 4.0416, 2.3622 -2.9447 4.0416, 2.3626 -2.9447 4.0691, 2.3622 -2.9447 4.0691, 2.3626 -3.0306 4.0691, 2.3622 -3.0306 4.0691, 2.3626 -3.0306 4.146, 2.3622 -3.0306 4.146, 2.3626 -2.9379 4.146, 2.3622 -2.9379 4.146, 2.3626 -2.9379 4.1736, 2.3622 -2.9379 4.1736, 2.3626 -3.0616 4.1736, 2.3622 -3.0616 4.1736, 2.3626 -3.0616 3.9334, 2.3622 -3.0616 3.9334, 2.3626 -2.7959 3.9334, 2.3626 -2.7658 3.9334, 2.3626 -2.7959 3.9599, 2.3626 -2.7658 4.0438, 2.3626 -2.8189 4.083, 2.3626 -2.8142 4.0812, 2.3626 -2.8017 4.1052, 2.3626 -2.8724 4.0285, 2.3626 -2.8789 4.0252, 2.3626 -2.8617 4.0062, 2.3626 -2.8652 4.0035, 2.3626 -2.7958 4.1028, 2.3626 -2.8101 4.079, 2.3626 -2.7904 4.1, 2.3626 -2.8066 4.0761, 2.3626 -2.7856 4.0966, 2.3626 -2.8675 3.9649, 2.3626 -2.8699 3.9685, 2.3626 -2.895 3.9496, 2.3626 -2.8844 4.0216, 2.3626 -2.8892 4.0176, 2.3626 -2.8679 4.0002, 2.3626 -2.865 4.0313, 2.3626 -2.8576 4.0085, 2.3626 -2.8563 4.0336, 2.3626 -2.8522 4.0105, 2.3626 -2.8467 4.0353, 2.3626 -2.7813 4.0926, 2.3626 -2.8036 4.0727, 2.3626 -2.7775 4.0881, 2.3626 -2.8011 4.0687, 2.3626 -2.7742 4.0829, 2.3626 -2.8902 4.0166, 2.3626 -2.894 4.0121, 2.3626 -2.8701 3.9965, 2.3626 -2.8971 4.0073, 2.3626 -2.8717 3.9923, 2.3626 -2.8018 3.9777, 2.3626 -2.7967 3.9599, 2.3626 -2.805 3.9727, 2.3626 -2.7982 3.9574, 2.3626 -2.8352 3.9544, 2.3626 -2.8283 3.9326, 2.3626 -2.8293 3.9555, 2.3626 -2.8223 3.9351, 2.3626 -2.8239 3.9573, 2.3626 -2.8168 3.9381, 2.3626 -2.8189 3.9597, 2.3626 -2.7959 4.0014, 2.3626 -2.7964 3.9949, 2.3626 -2.7975 3.9888, 2.3626 -2.7994 3.983, 2.3626 -2.7713 4.0769, 2.3626 -2.7991 4.064, 2.3626 -2.769 4.07, 2.3626 -2.7975 4.0585, 2.3626 -2.7673 4.0623, 2.3626 -2.8644 3.9617, 2.3626 -2.8791 3.9359, 2.3626 -2.8608 3.959, 2.3626 -2.8735 3.9334, 2.3626 -2.8566 3.9568, 2.3626 -2.8674 3.9315, 2.3626 -2.8521 3.9553, 2.3626 -2.8914 3.9452, 2.3626 -2.8889 3.9428, 2.3626 -2.8842 3.9391, 2.3626 -2.8728 3.9769, 2.3626 -2.9022 3.9657, 2.3626 -2.8717 3.9724, 2.3626 -2.9004 3.9598, 2.3626 -2.898 3.9545, 2.3626 -2.7959 4.0195, 2.3626 -2.7959 4.0424, 2.3626 -2.836 4.0141, 2.3626 -2.8454 4.0124, 2.3626 -2.8116 3.9419, 2.3626 -2.8068 3.9463, 2.3626 -2.8143 3.9629, 2.3626 -2.8024 3.9515, 2.3626 -2.81 3.9667, 2.3626 -2.8088 3.968, 2.3626 -2.7662 4.0534, 2.3626 -2.7964 4.052, 2.3626 -2.7959 4.0446, 2.3626 -2.7959 4.003, 2.3626 -2.8608 3.9301, 2.3626 -2.8534 3.9294, 2.3626 -2.8469 3.9543, 2.3626 -2.8492 3.9293, 2.3626 -2.8414 3.954, 2.3626 -2.8418 3.9297, 2.3626 -2.8348 3.9308, 2.3626 -2.8997 4.002, 2.3626 -2.9016 3.9962, 2.3626 -2.8728 3.9876, 2.3626 -2.9029 3.9899, 2.3626 -2.8731 3.9818, 2.3626 -2.8084 4.107, 2.3626 -2.8158 4.1082, 2.3626 -2.8244 4.0841, 2.3626 -2.8241 4.1088, 2.3626 -2.8306 4.0844, 2.3626 -2.8278 4.1089, 2.3626 -2.8337 4.0844, 2.3626 -2.8379 4.1085, 2.3626 -2.8417 4.0837, 2.3626 -2.8476 4.1074, 2.3626 -2.8496 4.0823, 2.3626 -2.8568 4.1055, 2.3626 -2.8573 4.0802, 2.3626 -2.8655 4.103, 2.3626 -2.8648 4.0773, 2.3626 -2.8737 4.0999, 2.3626 -2.8723 4.0736, 2.3626 -2.8815 4.096, 2.3626 -2.8797 4.069, 2.3626 -2.8869 4.0929, 2.3626 -2.8869 4.0637, 2.3626 -2.9036 3.9829, 2.3626 -2.9037 3.9793, 2.3626 -2.9033 3.9722, 2.3622 -2.8797 4.069, 2.3622 -2.8869 4.0637, 2.3622 -2.8869 4.0929, 2.3622 -2.8101 4.079, 2.3622 -2.7904 4.1, 2.3622 -2.8066 4.0761, 2.3622 -2.7856 4.0966, 2.3622 -2.8036 4.0727, 2.3622 -2.7975 3.9888, 2.3622 -2.7964 3.9949, 2.3622 -2.7658 4.0438, 2.3622 -2.8675 3.9649, 2.3622 -2.895 3.9496, 2.3622 -2.8699 3.9685, 2.3622 -2.898 3.9545, 2.3622 -2.8717 3.9724, 2.3622 -2.7813 4.0926, 2.3622 -2.7775 4.0881, 2.3622 -2.8011 4.0687, 2.3622 -2.7742 4.0829, 2.3622 -2.7991 4.064, 2.3622 -2.8244 4.0841, 2.3622 -2.8158 4.1082, 2.3622 -2.8189 4.083, 2.3622 -2.8084 4.107, 2.3622 -2.8142 4.0812, 2.3622 -2.8017 4.1052, 2.3622 -2.7958 4.1028, 2.3622 -2.7994 3.983, 2.3622 -2.7959 3.9599, 2.3622 -2.7959 3.9334, 2.3622 -2.7658 3.9334, 2.3622 -2.8652 4.0035, 2.3622 -2.8789 4.0252, 2.3622 -2.8617 4.0062, 2.3622 -2.8724 4.0285, 2.3622 -2.8576 4.0085, 2.3622 -2.865 4.0313, 2.3622 -2.8522 4.0105, 2.3622 -2.8563 4.0336, 2.3622 -2.8454 4.0124, 2.3622 -2.8467 4.0353, 2.3622 -2.8679 4.0002, 2.3622 -2.8892 4.0176, 2.3622 -2.8844 4.0216, 2.3622 -2.8644 3.9617, 2.3622 -2.8889 3.9428, 2.3622 -2.8914 3.9452, 2.3622 -2.8608 3.959, 2.3622 -2.8791 3.9359, 2.3622 -2.8842 3.9391, 2.3622 -2.7959 4.0195, 2.3622 -2.7662 4.0534, 2.3622 -2.7959 4.003, 2.3622 -2.7959 4.0014, 2.3622 -2.8701 3.9965, 2.3622 -2.894 4.0121, 2.3622 -2.8902 4.0166, 2.3622 -2.7713 4.0769, 2.3622 -2.769 4.07, 2.3622 -2.7975 4.0585, 2.3622 -2.7673 4.0623, 2.3622 -2.7964 4.052, 2.3622 -2.7959 4.0446, 2.3622 -2.9004 3.9598, 2.3622 -2.9022 3.9657, 2.3622 -2.8728 3.9769, 2.3622 -2.7959 4.0424, 2.3622 -2.836 4.0141, 2.3622 -2.8723 4.0736, 2.3622 -2.8815 4.096, 2.3622 -2.8648 4.0773, 2.3622 -2.8737 4.0999, 2.3622 -2.8573 4.0802, 2.3622 -2.8655 4.103, 2.3622 -2.8496 4.0823, 2.3622 -2.8568 4.1055, 2.3622 -2.8417 4.0837, 2.3622 -2.8476 4.1074, 2.3622 -2.8337 4.0844, 2.3622 -2.8379 4.1085, 2.3622 -2.8306 4.0844, 2.3622 -2.8278 4.1089, 2.3622 -2.8241 4.1088, 2.3622 -2.8728 3.9876, 2.3622 -2.9016 3.9962, 2.3622 -2.8717 3.9923, 2.3622 -2.8997 4.002, 2.3622 -2.8971 4.0073, 2.3622 -2.9033 3.9722, 2.3622 -2.9037 3.9793, 2.3622 -2.8731 3.9818, 2.3622 -2.9036 3.9829, 2.3622 -2.9029 3.9899, 2.3622 -2.7982 3.9574, 2.3622 -2.8024 3.9515, 2.3622 -2.8143 3.9629, 2.3622 -2.8068 3.9463, 2.3622 -2.8189 3.9597, 2.3622 -2.8116 3.9419, 2.3622 -2.8239 3.9573, 2.3622 -2.8168 3.9381, 2.3622 -2.8293 3.9555, 2.3622 -2.8469 3.9543, 2.3622 -2.8534 3.9294, 2.3622 -2.8521 3.9553, 2.3622 -2.8608 3.9301, 2.3622 -2.8566 3.9568, 2.3622 -2.8674 3.9315, 2.3622 -2.8735 3.9334, 2.3622 -2.8223 3.9351, 2.3622 -2.8283 3.9326, 2.3622 -2.8352 3.9544, 2.3622 -2.8348 3.9308, 2.3622 -2.8414 3.954, 2.3622 -2.8418 3.9297, 2.3622 -2.8492 3.9293, 2.3622 -2.81 3.9667, 2.3622 -2.8088 3.968, 2.3622 -2.7967 3.9599, 2.3622 -2.805 3.9727, 2.3622 -2.8018 3.9777, 2.3626 -2.6755 3.9539, 2.3622 -2.6755 3.9539, 2.3622 -2.6832 3.9542, 2.3626 -2.6832 3.9542, 2.3622 -2.6907 3.9553, 2.3626 -2.6907 3.9553, 2.3622 -2.6981 3.9571, 2.3626 -2.6981 3.9571, 2.3622 -2.7052 3.9595, 2.3626 -2.7052 3.9595, 2.3622 -2.7123 3.9627, 2.3626 -2.7123 3.9627, 2.3622 -2.7192 3.9666, 2.3626 -2.7192 3.9666, 2.3622 -2.725 3.9705, 2.3626 -2.725 3.9705, 2.3626 -2.725 3.9394, 2.3622 -2.725 3.9394, 2.3622 -2.7178 3.9362, 2.3626 -2.7178 3.9362, 2.3622 -2.7102 3.9336, 2.3626 -2.7102 3.9336, 2.3622 -2.7021 3.9316, 2.3626 -2.7021 3.9316, 2.3622 -2.6936 3.9302, 2.3626 -2.6936 3.9302, 2.3622 -2.6845 3.9295, 2.3626 -2.6845 3.9295, 2.3622 -2.6785 3.9293, 2.3626 -2.6785 3.9293, 2.3622 -2.6689 3.9297, 2.3626 -2.6689 3.9297, 2.3622 -2.66 3.9307, 2.3626 -2.66 3.9307, 2.3622 -2.6519 3.9324, 2.3626 -2.6519 3.9324, 2.3622 -2.6445 3.9347, 2.3626 -2.6445 3.9347, 2.3622 -2.6378 3.9375, 2.3626 -2.6378 3.9375, 2.3622 -2.6317 3.9408, 2.3626 -2.6317 3.9408, 2.3622 -2.6285 3.943, 2.3626 -2.6285 3.943, 2.3622 -2.6237 3.9467, 2.3626 -2.6237 3.9467, 2.3622 -2.6195 3.9509, 2.3626 -2.6195 3.9509, 2.3622 -2.6162 3.9553, 2.3626 -2.6162 3.9553, 2.3622 -2.6135 3.96, 2.3626 -2.6135 3.96, 2.3622 -2.6115 3.965, 2.3626 -2.6115 3.965, 2.3622 -2.6101 3.9703, 2.3626 -2.6101 3.9703, 2.3622 -2.6093 3.976, 2.3626 -2.6093 3.976, 2.3622 -2.6092 3.98, 2.3626 -2.6092 3.98, 2.3622 -2.6095 3.9862, 2.3626 -2.6095 3.9862, 2.3622 -2.6106 3.9919, 2.3626 -2.6106 3.9919, 2.3622 -2.6122 3.9971, 2.3626 -2.6122 3.9971, 2.3622 -2.6145 4.0018, 2.3626 -2.6145 4.0018, 2.3622 -2.6175 4.0062, 2.3626 -2.6175 4.0062, 2.3622 -2.6192 4.0084, 2.3626 -2.6192 4.0084, 2.3622 -2.623 4.0121, 2.3626 -2.623 4.0121, 2.3622 -2.6278 4.0158, 2.3626 -2.6278 4.0158, 2.3622 -2.634 4.0197, 2.3626 -2.634 4.0197, 2.3622 -2.6418 4.0238, 2.3626 -2.6418 4.0238, 2.3622 -2.6514 4.0281, 2.3626 -2.6514 4.0281, 2.3622 -2.658 4.0306, 2.3626 -2.658 4.0306, 2.3622 -2.6711 4.0361, 2.3626 -2.6711 4.0361, 2.3622 -2.6792 4.0401, 2.3626 -2.6792 4.0401, 2.3622 -2.6845 4.0432, 2.3626 -2.6845 4.0432, 2.3622 -2.6873 4.0454, 2.3626 -2.6873 4.0454, 2.3622 -2.6898 4.048, 2.3626 -2.6898 4.048, 2.3622 -2.6917 4.0511, 2.3626 -2.6917 4.0511, 2.3622 -2.693 4.0546, 2.3626 -2.693 4.0546, 2.3622 -2.6937 4.0585, 2.3626 -2.6937 4.0585, 2.3622 -2.6938 4.0613, 2.3626 -2.6938 4.0613, 2.3622 -2.6935 4.0652, 2.3626 -2.6935 4.0652, 2.3622 -2.6924 4.0688, 2.3626 -2.6924 4.0688, 2.3622 -2.6908 4.072, 2.3626 -2.6908 4.072, 2.3622 -2.6884 4.0749, 2.3626 -2.6884 4.0749, 2.3622 -2.6855 4.0775, 2.3626 -2.6855 4.0775, 2.3622 -2.6847 4.078, 2.3626 -2.6847 4.078, 2.3622 -2.6807 4.0804, 2.3626 -2.6807 4.0804, 2.3622 -2.6763 4.0822, 2.3626 -2.6763 4.0822, 2.3622 -2.6713 4.0835, 2.3626 -2.6713 4.0835, 2.3622 -2.6656 4.0843, 2.3626 -2.6656 4.0843, 2.3622 -2.661 4.0844, 2.3626 -2.661 4.0844, 2.3622 -2.6529 4.0841, 2.3626 -2.6529 4.0841, 2.3622 -2.6452 4.083, 2.3626 -2.6452 4.083, 2.3622 -2.6379 4.0813, 2.3626 -2.6379 4.0813, 2.3622 -2.6308 4.0789, 2.3626 -2.6308 4.0789, 2.3622 -2.6241 4.0759, 2.3626 -2.6241 4.0759, 2.3622 -2.6174 4.072, 2.3626 -2.6174 4.072, 2.3626 -2.6174 4.1013, 2.3622 -2.6174 4.1013, 2.3622 -2.6252 4.1041, 2.3626 -2.6252 4.1041, 2.3622 -2.6332 4.1062, 2.3626 -2.6332 4.1062, 2.3622 -2.6416 4.1078, 2.3626 -2.6416 4.1078, 2.3622 -2.6504 4.1086, 2.3626 -2.6504 4.1086, 2.3622 -2.658 4.1089, 2.3626 -2.658 4.1089, 2.3622 -2.6669 4.1085, 2.3626 -2.6669 4.1085, 2.3622 -2.6752 4.1075, 2.3626 -2.6752 4.1075, 2.3622 -2.6829 4.1058, 2.3626 -2.6829 4.1058, 2.3622 -2.69 4.1035, 2.3626 -2.69 4.1035, 2.3622 -2.6967 4.1006, 2.3626 -2.6967 4.1006, 2.3622 -2.7028 4.0971, 2.3626 -2.7028 4.0971, 2.3622 -2.7056 4.0952, 2.3626 -2.7056 4.0952, 2.3622 -2.7105 4.0912, 2.3626 -2.7105 4.0912, 2.3622 -2.7147 4.0869, 2.3626 -2.7147 4.0869, 2.3622 -2.7181 4.0824, 2.3626 -2.7181 4.0824, 2.3622 -2.7208 4.0777, 2.3626 -2.7208 4.0777, 2.3622 -2.7227 4.0727, 2.3626 -2.7227 4.0727, 2.3622 -2.7241 4.0674, 2.3626 -2.7241 4.0674, 2.3622 -2.7248 4.0618, 2.3626 -2.7248 4.0618, 2.3622 -2.7248 4.0586, 2.3626 -2.7248 4.0586, 2.3622 -2.7245 4.0524, 2.3626 -2.7245 4.0524, 2.3622 -2.7234 4.0465, 2.3626 -2.7234 4.0465, 2.3622 -2.7218 4.0412, 2.3626 -2.7218 4.0412, 2.3622 -2.7194 4.0363, 2.3626 -2.7194 4.0363, 2.3622 -2.7167 4.032, 2.3626 -2.7167 4.032, 2.3622 -2.7163 4.0315, 2.3626 -2.7163 4.0315, 2.3622 -2.7132 4.0281, 2.3626 -2.7132 4.0281, 2.3622 -2.7092 4.0246, 2.3626 -2.7092 4.0246, 2.3622 -2.7038 4.0208, 2.3626 -2.7038 4.0208, 2.3622 -2.6967 4.0167, 2.3626 -2.6967 4.0167, 2.3622 -2.6877 4.0124, 2.3626 -2.6877 4.0124, 2.3622 -2.6793 4.0088, 2.3626 -2.6793 4.0088, 2.3622 -2.6661 4.0035, 2.3626 -2.6661 4.0035, 2.3622 -2.6574 3.9994, 2.3626 -2.6574 3.9994, 2.3622 -2.6515 3.9961, 2.3626 -2.6515 3.9961, 2.3622 -2.6478 3.9934, 2.3626 -2.6478 3.9934, 2.3622 -2.6448 3.9905, 2.3626 -2.6448 3.9905, 2.3622 -2.6426 3.9873, 2.3626 -2.6426 3.9873, 2.3622 -2.6411 3.9839, 2.3626 -2.6411 3.9839, 2.3622 -2.6402 3.9802, 2.3626 -2.6402 3.9802, 2.3622 -2.64 3.9771, 2.3626 -2.64 3.9771, 2.3622 -2.6404 3.9727, 2.3626 -2.6404 3.9727, 2.3622 -2.6414 3.9689, 2.3626 -2.6414 3.9689, 2.3622 -2.6431 3.9656, 2.3626 -2.6431 3.9656, 2.3622 -2.6453 3.9627, 2.3626 -2.6453 3.9627, 2.3622 -2.6481 3.9603, 2.3626 -2.6481 3.9603, 2.3622 -2.6516 3.9582, 2.3626 -2.6516 3.9582, 2.3622 -2.6559 3.9565, 2.3626 -2.6559 3.9565, 2.3622 -2.661 3.9551, 2.3626 -2.661 3.9551, 2.3622 -2.6673 3.9542, 2.3626 -2.6673 3.9542, 2.3626 -2.46 4.1049, 2.3626 -2.4288 4.1049, 2.3622 -2.46 4.1049, 2.3622 -2.4288 4.1049, 2.3626 -2.5069 3.9757, 2.3622 -2.5069 3.9757, 2.3622 -2.5092 3.9677, 2.3626 -2.5092 3.9677, 2.3622 -2.5105 3.9619, 2.3626 -2.5105 3.9619, 2.3626 -2.5113 3.9619, 2.3622 -2.5113 3.9619, 2.3626 -2.515 3.976, 2.3622 -2.515 3.976, 2.3626 -2.5599 4.1049, 2.3622 -2.5599 4.1049, 2.3626 -2.5935 4.1049, 2.3622 -2.5935 4.1049, 2.3626 -2.5262 3.9337, 2.3622 -2.5262 3.9337, 2.3626 -2.5394 3.9026, 2.3622 -2.5394 3.9026, 2.3622 -2.5429 3.8954, 2.3626 -2.5429 3.8954, 2.3622 -2.5465 3.8901, 2.3626 -2.5465 3.8901, 2.3622 -2.5508 3.8856, 2.3626 -2.5508 3.8856, 2.3622 -2.5551 3.8824, 2.3626 -2.5551 3.8824, 2.3622 -2.5599 3.8801, 2.3626 -2.5599 3.8801, 2.3622 -2.5651 3.8788, 2.3626 -2.5651 3.8788, 2.3622 -2.5702 3.8784, 2.3626 -2.5702 3.8784, 2.3622 -2.5767 3.8789, 2.3626 -2.5767 3.8789, 2.3622 -2.5834 3.8804, 2.3626 -2.5834 3.8804, 2.3622 -2.5873 3.8818, 2.3626 -2.5873 3.8818, 2.3626 -2.5873 3.855, 2.3622 -2.5873 3.855, 2.3622 -2.5802 3.8535, 2.3626 -2.5802 3.8535, 2.3622 -2.5719 3.8527, 2.3626 -2.5719 3.8527, 2.3622 -2.5679 3.8526, 2.3626 -2.5679 3.8526, 2.3622 -2.5605 3.8531, 2.3626 -2.5605 3.8531, 2.3622 -2.5535 3.8546, 2.3626 -2.5535 3.8546, 2.3622 -2.5469 3.857, 2.3626 -2.5469 3.857, 2.3622 -2.5406 3.8604, 2.3626 -2.5406 3.8604, 2.3622 -2.5346 3.8648, 2.3626 -2.5346 3.8648, 2.3622 -2.5287 3.8703, 2.3626 -2.5287 3.8703, 2.3622 -2.5231 3.877, 2.3626 -2.5231 3.877, 2.3622 -2.5177 3.885, 2.3626 -2.5177 3.885, 2.3622 -2.5124 3.8945, 2.3626 -2.5124 3.8945, 2.3622 -2.5074 3.9056, 2.3626 -2.5074 3.9056, 2.3622 -2.5067 3.9075, 2.3626 -2.5067 3.9075, 2.3626 -2.2672 3.9608, 2.3626 -2.2672 3.9334, 2.3622 -2.2672 3.9608, 2.3622 -2.2672 3.9334, 2.3626 -2.3654 3.9608, 2.3622 -2.3654 3.9608, 2.3626 -2.3654 4.0416, 2.3622 -2.3654 4.0416, 2.3626 -2.2795 4.0416, 2.3622 -2.2795 4.0416, 2.3626 -2.2795 4.0691, 2.3622 -2.2795 4.0691, 2.3626 -2.3654 4.0691, 2.3622 -2.3654 4.0691, 2.3626 -2.3654 4.146, 2.3622 -2.3654 4.146, 2.3626 -2.2727 4.146, 2.3622 -2.2727 4.146, 2.3626 -2.2727 4.1736, 2.3622 -2.2727 4.1736, 2.3626 -2.3964 4.1736, 2.3622 -2.3964 4.1736, 2.3626 -2.3964 3.9334, 2.3622 -2.3964 3.9334, 2.3626 -2.1113 3.9685, 2.3626 -2.0947 3.9455, 2.3626 -2.1026 3.9726, 2.3626 -2.0847 3.9506, 2.3626 -2.0947 3.9774, 2.3626 -2.0754 3.9566, 2.3626 -2.0876 3.983, 2.3626 -2.0666 3.9634, 2.3626 -2.0845 3.9858, 2.3626 -2.0625 3.967, 2.3626 -2.0785 3.9924, 2.3626 -2.0548 3.9749, 2.3626 -2.0732 3.9996, 2.3626 -2.0481 3.9833, 2.3626 -2.0688 4.0075, 2.3626 -2.0423 3.9921, 2.3626 -2.0652 4.016, 2.3626 -2.0609 4.0789, 2.3626 -2.0308 4.0915, 2.3626 -2.0633 4.0888, 2.3626 -2.0341 4.1016, 2.3626 -2.0665 4.0977, 2.3626 -2.0384 4.1111, 2.3626 -2.0706 4.1057, 2.3626 -2.0435 4.1199, 2.3626 -2.0753 4.1129, 2.3626 -2.0495 4.1282, 2.3626 -2.0563 4.136, 2.3626 -2.0808 4.1192, 2.3626 -2.0625 4.1418, 2.3626 -2.0852 4.1234, 2.3626 -2.0714 4.1489, 2.3626 -2.0926 4.1291, 2.3626 -2.0808 4.1551, 2.3626 -2.1007 4.1339, 2.3626 -2.0907 4.1604, 2.3626 -2.1094 4.138, 2.3626 -2.1011 4.1648, 2.3626 -2.1187 4.1412, 2.3626 -2.112 4.1684, 2.3626 -2.1289 4.1437, 2.3626 -2.1236 4.171, 2.3626 -2.1399 4.1453, 2.3626 -2.1359 4.1727, 2.3626 -2.1515 4.1459, 2.3626 -2.1489 4.1735, 2.3626 -2.1545 4.146, 2.3626 -2.1533 4.1736, 2.3626 -2.1908 4.146, 2.3626 -2.2218 4.1736, 2.3626 -2.1908 3.9608, 2.3626 -2.2218 3.9334, 2.3626 -2.1559 3.9608, 2.3626 -2.1558 3.9334, 2.3626 -2.1433 3.9613, 2.3626 -2.142 3.9339, 2.3626 -2.1316 3.9628, 2.3626 -2.1289 3.9354, 2.3626 -2.1209 3.9652, 2.3626 -2.1167 3.9379, 2.3626 -2.1054 3.9413, 2.3626 -2.0374 4.0015, 2.3626 -2.0334 4.0114, 2.3626 -2.0623 4.0253, 2.3626 -2.0303 4.0219, 2.3626 -2.0603 4.0355, 2.3626 -2.028 4.0331, 2.3626 -2.0591 4.0466, 2.3626 -2.0267 4.045, 2.3626 -2.0589 4.0557, 2.3626 -2.0263 4.0566, 2.3626 -2.0594 4.0677, 2.3626 -2.0268 4.0689, 2.3626 -2.0283 4.0806, 2.3622 -2.0926 4.1291, 2.3622 -2.0714 4.1489, 2.3622 -2.0852 4.1234, 2.3622 -2.0625 4.1418, 2.3622 -2.0808 4.1192, 2.3622 -2.0563 4.136, 2.3622 -2.0753 4.1129, 2.3622 -2.0495 4.1282, 2.3622 -2.0706 4.1057, 2.3622 -2.0435 4.1199, 2.3622 -2.0665 4.0977, 2.3622 -2.0384 4.1111, 2.3622 -2.0633 4.0888, 2.3622 -2.1026 3.9726, 2.3622 -2.0947 3.9455, 2.3622 -2.1113 3.9685, 2.3622 -2.1054 3.9413, 2.3622 -2.1209 3.9652, 2.3622 -2.1167 3.9379, 2.3622 -2.1316 3.9628, 2.3622 -2.1289 3.9354, 2.3622 -2.1433 3.9613, 2.3622 -2.142 3.9339, 2.3622 -2.1559 3.9608, 2.3622 -2.1558 3.9334, 2.3622 -2.1908 3.9608, 2.3622 -2.2218 3.9334, 2.3622 -2.1908 4.146, 2.3622 -2.2218 4.1736, 2.3622 -2.1545 4.146, 2.3622 -2.1533 4.1736, 2.3622 -2.1515 4.1459, 2.3622 -2.1489 4.1735, 2.3622 -2.1399 4.1453, 2.3622 -2.1359 4.1727, 2.3622 -2.1289 4.1437, 2.3622 -2.1236 4.171, 2.3622 -2.1187 4.1412, 2.3622 -2.112 4.1684, 2.3622 -2.1094 4.138, 2.3622 -2.1011 4.1648, 2.3622 -2.1007 4.1339, 2.3622 -2.0907 4.1604, 2.3622 -2.0808 4.1551, 2.3622 -2.0623 4.0253, 2.3622 -2.0334 4.0114, 2.3622 -2.0652 4.016, 2.3622 -2.0374 4.0015, 2.3622 -2.0688 4.0075, 2.3622 -2.0423 3.9921, 2.3622 -2.0732 3.9996, 2.3622 -2.0481 3.9833, 2.3622 -2.0785 3.9924, 2.3622 -2.0548 3.9749, 2.3622 -2.0845 3.9858, 2.3622 -2.0625 3.967, 2.3622 -2.0876 3.983, 2.3622 -2.0666 3.9634, 2.3622 -2.0947 3.9774, 2.3622 -2.0754 3.9566, 2.3622 -2.0847 3.9506, 2.3622 -2.0341 4.1016, 2.3622 -2.0308 4.0915, 2.3622 -2.0609 4.0789, 2.3622 -2.0283 4.0806, 2.3622 -2.0594 4.0677, 2.3622 -2.0268 4.0689, 2.3622 -2.0589 4.0557, 2.3622 -2.0263 4.0566, 2.3622 -2.0591 4.0466, 2.3622 -2.0267 4.045, 2.3622 -2.0603 4.0355, 2.3622 -2.028 4.0331, 2.3622 -2.0303 4.0219, 2.3626 -1.9458 4.0262, 2.3626 -1.9556 3.9991, 2.3626 -1.8651 4.0262, 2.3626 -1.8556 3.9991, 2.3626 -1.9098 4.1261, 2.3626 -1.9214 4.1736, 2.3626 -2.0129 3.9334, 2.3626 -1.9787 3.9334, 2.3626 -1.9078 4.1332, 2.3626 -1.9059 4.1429, 2.3626 -1.8883 4.1736, 2.3626 -1.9052 4.1429, 2.3626 -1.9032 4.1327, 2.3626 -1.9014 4.1261, 2.3626 -1.7968 3.9334, 2.3626 -1.8311 3.9334, 2.3622 -1.8651 4.0262, 2.3622 -1.9014 4.1261, 2.3622 -1.8883 4.1736, 2.3622 -1.9032 4.1327, 2.3622 -1.9052 4.1429, 2.3622 -1.9214 4.1736, 2.3622 -1.9059 4.1429, 2.3622 -1.9078 4.1332, 2.3622 -1.9098 4.1261, 2.3622 -1.9458 4.0262, 2.3622 -2.0129 3.9334, 2.3622 -1.7968 3.9334, 2.3622 -1.8311 3.9334, 2.3622 -1.8556 3.9991, 2.3622 -1.9787 3.9334, 2.3622 -1.9556 3.9991, 2.3626 -4.097 3.8679, 2.3626 -4.0784 3.8523, 2.3626 -4.1379 4.0504, 2.3626 -3.9914 4.3594, 2.3626 -3.9791 4.3527, 2.3626 -4.032 4.4773, 2.3626 -3.8493 4.105, 2.3626 -3.9791 4.0555, 2.3626 -3.9675 4.0545, 2.3626 -3.8066 3.9906, 2.3626 -3.9127 3.9831, 2.3626 -3.808 3.9687, 2.3626 -3.9164 3.9666, 2.3626 -3.8793 4.4797, 2.3626 -3.8503 4.4953, 2.3626 -3.9035 4.5843, 2.3626 -3.5397 4.3919, 2.3626 -3.5256 4.3618, 2.3626 -3.4274 4.3954, 2.3626 -3.5158 4.3301, 2.3626 -3.5111 4.3031, 2.3626 -4.0321 4.0293, 2.3626 -4.1303 4.0679, 2.3626 -4.0405 4.0148, 2.3626 -4.045 3.9986, 2.3626 -3.4463 4.0463, 2.3626 -3.47 4.0391, 2.3626 -3.4448 3.9375, 2.3626 -4.1396 3.936, 2.3626 -4.1292 3.911, 2.3626 -4.1149 3.8883, 2.3626 -3.9258 4.0289, 2.3626 -3.9178 4.0151, 2.3626 -3.9133 3.9996, 2.3626 -3.5675 4.1341, 2.3626 -3.6204 4.2246, 2.3626 -3.8066 4.0077, 2.3626 -3.9952 4.0535, 2.3626 -3.9685 4.1629, 2.3626 -3.9774 4.1631, 2.3626 -4.1189 4.371, 2.3626 -4.1408 4.4719, 2.3626 -4.1741 4.4609, 2.3626 -3.9514 4.0495, 2.3626 -3.9373 4.0407, 2.3626 -3.9239 3.9516, 2.3626 -3.8242 3.9153, 2.3626 -3.8139 3.9413, 2.3626 -4.0237 3.9395, 2.3626 -4.0101 3.93, 2.3626 -4.0545 3.8379, 2.3626 -3.9944 3.9241, 2.3626 -4.0101 4.0478, 2.3626 -4.0762 4.1311, 2.3626 -4.0236 4.0384, 2.3626 -4.0974 4.1132, 2.3626 -4.1157 4.0919, 2.3626 -4.0046 4.1609, 2.3626 -4.0305 4.1545, 2.3626 -4.0553 4.144, 2.3626 -3.477 3.9325, 2.3626 -3.4872 4.0367, 2.3626 -3.5777 3.9325, 2.3626 -3.5641 4.0367, 2.3626 -3.5863 3.9338, 2.3626 -3.8672 4.5994, 2.3626 -3.8192 4.5068, 2.3626 -3.8298 4.6103, 2.3626 -4.1626 4.0641, 2.3626 -4.1916 3.9548, 2.3626 -4.1589 3.9417, 2.3626 -4.145 4.3607, 2.3626 -4.2059 4.4457, 2.3626 -4.169 4.3462, 2.3626 -4.2358 4.4263, 2.3626 -4.1902 4.3281, 2.3626 -3.8686 4.1241, 2.3626 -3.8909 4.1398, 2.3626 -3.9157 4.1518, 2.3626 -3.9425 4.1596, 2.3626 -3.3699 4.2083, 2.3626 -3.2794 4.2642, 2.3626 -3.3792 4.2312, 2.3626 -3.2948 4.2928, 2.3626 -3.3926 4.252, 2.3626 -3.3143 4.3195, 2.3626 -3.4095 4.2699, 2.3626 -3.3374 4.3435, 2.3626 -3.429 4.2841, 2.3626 -4.2039 4.1023, 2.3626 -4.2763 4.0179, 2.3626 -4.1847 4.0815, 2.3626 -4.2503 3.9929, 2.3626 -4.222 3.9719, 2.3626 -4.1065 4.4785, 2.3626 -4.0915 4.3769, 2.3626 -4.0713 4.4808, 2.3626 -4.0696 4.3783, 2.3626 -4.0517 4.4797, 2.3626 -4.043 4.3761, 2.3626 -4.017 4.3698, 2.3626 -4.0345 3.952, 2.3626 -4.0417 3.9661, 2.3626 -4.0453 3.9819, 2.3626 -3.4139 3.9468, 2.3626 -3.3844 3.9603, 2.3626 -3.4246 4.0577, 2.3626 -3.3568 3.9779, 2.3626 -3.4054 4.073, 2.3626 -3.3314 3.9993, 2.3626 -3.3976 4.0811, 2.3626 -3.3216 4.0094, 2.3626 -3.3833 4.1006, 2.3626 -3.9384 4.5649, 2.3626 -3.9569 4.5525, 2.3626 -3.9059 4.4603, 2.3626 -3.984 4.5307, 2.3626 -3.9295 4.4374, 2.3626 -4.0087 4.5056, 2.3626 -3.9498 4.4115, 2.3626 -3.9663 4.3833, 2.3626 -3.4424 4.4296, 2.3626 -3.4613 4.4622, 2.3626 -3.5578 4.4199, 2.3626 -3.4845 4.4934, 2.3626 -3.5795 4.445, 2.3626 -4.2376 4.1768, 2.3626 -4.3391 4.1348, 2.3626 -4.2302 4.1497, 2.3626 -4.3281 4.1013, 2.3626 -4.2185 4.1241, 2.3626 -4.3128 4.0692, 2.3626 -4.2935 4.0391, 2.3626 -3.9479 3.93, 2.3626 -3.8758 3.8535, 2.3626 -3.9348 3.9392, 2.3626 -3.8568 3.87, 2.3626 -3.8387 3.8913, 2.3626 -4.0285 3.8275, 2.3626 -4.001 3.8214, 2.3626 -3.9791 3.9223, 2.3626 -3.9774 3.8198, 2.3626 -3.9627 3.9243, 2.3626 -3.3665 4.1454, 2.3626 -3.2588 4.1567, 2.3626 -3.3643 4.1699, 2.3626 -3.2584 4.1716, 2.3626 -3.365 4.1839, 2.3626 -3.2611 4.2035, 2.3626 -3.2681 4.2343, 2.3626 -3.3012 4.0348, 2.3626 -3.2846 4.0625, 2.3626 -3.3729 4.1223, 2.3626 -3.2718 4.0924, 2.3626 -3.2631 4.124, 2.3626 -3.95 3.822, 2.3626 -3.9239 3.8285, 2.3626 -3.899 3.839, 2.3626 -3.5724 4.0383, 2.3626 -3.614 3.9508, 2.3626 -3.6089 3.9456, 2.3626 -3.7519 4.6191, 2.3626 -3.7502 4.5166, 2.3626 -3.74 4.6189, 2.3626 -3.7177 4.5144, 2.3626 -4.2212 4.2859, 2.3626 -4.3259 4.3125, 2.3626 -4.2318 4.261, 2.3626 -4.3376 4.2792, 2.3626 -4.2382 4.2349, 2.3626 -4.345 4.2445, 2.3626 -4.2404 4.2075, 2.3626 -4.3479 4.2113, 2.3626 -4.2403 4.2026, 2.3626 -4.348 4.2041, 2.3626 -4.3457 4.1691, 2.3626 -3.4975 4.3031, 2.3626 -3.4733 4.3009, 2.3626 -3.421 4.3932, 2.3626 -3.4504 4.2946, 2.3626 -3.3924 4.3812, 2.3626 -3.3636 4.3642, 2.3626 -3.6273 3.9855, 2.3626 -3.6257 3.9731, 2.3626 -3.6213 3.9615, 2.3626 -3.5673 4.0371, 2.3626 -3.5976 3.938, 2.3626 -3.7914 4.6169, 2.3626 -3.7866 4.514, 2.3626 -3.7552 4.5166, 2.3626 -3.5871 4.0369, 2.3626 -3.5988 4.0323, 2.3626 -3.627 3.9906, 2.3626 -3.6094 4.025, 2.3626 -3.6178 4.0156, 2.3626 -3.624 4.0037, 2.3626 -4.2617 4.4046, 2.3626 -4.2677 4.3988, 2.3626 -4.2067 4.309, 2.3626 -4.2908 4.3726, 2.3626 -4.3102 4.3438, 2.3626 -3.5743 4.0384, 2.3626 -3.5118 4.5228, 2.3626 -3.5197 4.5303, 2.3626 -3.6004 4.4639, 2.3626 -3.5522 4.5555, 2.3626 -3.6273 4.4825, 2.3626 -3.5869 4.5769, 2.3626 -3.6561 4.4973, 2.3626 -3.6236 4.5941, 2.3626 -3.6864 4.5079, 2.3626 -3.6617 4.6069, 2.3626 -3.7006 4.6152, 2.3622 -3.6204 4.2246, 2.3622 -3.5675 4.1341, 2.3622 -3.8493 4.105, 2.3622 -3.8066 4.0077, 2.3622 -3.899 3.839, 2.3622 -4.1379 4.0504, 2.3622 -3.9952 4.0535, 2.3622 -4.0101 4.0478, 2.3622 -4.0405 4.0148, 2.3622 -4.045 3.9986, 2.3622 -4.222 3.9719, 2.3622 -4.0453 3.9819, 2.3622 -4.1916 3.9548, 2.3622 -3.8066 3.9906, 2.3622 -3.808 3.9687, 2.3622 -3.8758 3.8535, 2.3622 -3.8568 3.87, 2.3622 -4.1847 4.0815, 2.3622 -4.1626 4.0641, 2.3622 -3.8503 4.4953, 2.3622 -3.8793 4.4797, 2.3622 -3.9384 4.5649, 2.3622 -4.0101 3.93, 2.3622 -4.0784 3.8523, 2.3622 -4.0237 3.9395, 2.3622 -4.097 3.8679, 2.3622 -4.0345 3.952, 2.3622 -3.9791 3.9223, 2.3622 -3.9627 3.9243, 2.3622 -3.95 3.822, 2.3622 -3.9239 3.9516, 2.3622 -3.9164 3.9666, 2.3622 -3.9127 3.9831, 2.3622 -3.9133 3.9996, 2.3622 -3.9663 4.3833, 2.3622 -3.9791 4.3527, 2.3622 -4.032 4.4773, 2.3622 -3.9914 4.3594, 2.3622 -4.145 4.3607, 2.3622 -4.1741 4.4609, 2.3622 -4.1189 4.371, 2.3622 -4.1408 4.4719, 2.3622 -4.0915 4.3769, 2.3622 -4.1065 4.4785, 2.3622 -4.0696 4.3783, 2.3622 -4.2503 3.9929, 2.3622 -4.2763 4.0179, 2.3622 -4.2039 4.1023, 2.3622 -4.2935 4.0391, 2.3622 -4.2185 4.1241, 2.3622 -4.3128 4.0692, 2.3622 -4.2302 4.1497, 2.3622 -4.0236 4.0384, 2.3622 -4.0321 4.0293, 2.3622 -3.5578 4.4199, 2.3622 -3.4613 4.4622, 2.3622 -3.5397 4.3919, 2.3622 -3.4424 4.4296, 2.3622 -3.5256 4.3618, 2.3622 -3.4274 4.3954, 2.3622 -3.5158 4.3301, 2.3622 -3.9569 4.5525, 2.3622 -3.9059 4.4603, 2.3622 -3.984 4.5307, 2.3622 -3.4504 4.2946, 2.3622 -3.4733 4.3009, 2.3622 -3.8139 3.9413, 2.3622 -3.8242 3.9153, 2.3622 -3.8387 3.8913, 2.3622 -4.017 4.3698, 2.3622 -4.043 4.3761, 2.3622 -4.0517 4.4797, 2.3622 -4.0713 4.4808, 2.3622 -4.0087 4.5056, 2.3622 -3.9295 4.4374, 2.3622 -3.9498 4.4115, 2.3622 -3.3729 4.1223, 2.3622 -3.2846 4.0625, 2.3622 -3.3833 4.1006, 2.3622 -3.3012 4.0348, 2.3622 -3.3976 4.0811, 2.3622 -3.3216 4.0094, 2.3622 -3.4054 4.073, 2.3622 -3.3314 3.9993, 2.3622 -3.4246 4.0577, 2.3622 -3.3792 4.2312, 2.3622 -3.2794 4.2642, 2.3622 -3.3699 4.2083, 2.3622 -3.2681 4.2343, 2.3622 -3.365 4.1839, 2.3622 -3.2611 4.2035, 2.3622 -3.3643 4.1699, 2.3622 -3.4975 4.3031, 2.3622 -3.5111 4.3031, 2.3622 -4.1149 3.8883, 2.3622 -4.1292 3.911, 2.3622 -4.0417 3.9661, 2.3622 -4.1396 3.936, 2.3622 -4.1589 3.9417, 2.3622 -3.9239 3.8285, 2.3622 -3.9479 3.93, 2.3622 -3.9348 3.9392, 2.3622 -3.9791 4.0555, 2.3622 -3.9685 4.1629, 2.3622 -3.9675 4.0545, 2.3622 -3.9425 4.1596, 2.3622 -3.9514 4.0495, 2.3622 -3.9774 3.8198, 2.3622 -4.001 3.8214, 2.3622 -3.9944 3.9241, 2.3622 -4.0285 3.8275, 2.3622 -4.0545 3.8379, 2.3622 -3.9157 4.1518, 2.3622 -3.8909 4.1398, 2.3622 -3.9373 4.0407, 2.3622 -3.8686 4.1241, 2.3622 -3.9258 4.0289, 2.3622 -3.9178 4.0151, 2.3622 -4.0553 4.144, 2.3622 -4.0305 4.1545, 2.3622 -4.2318 4.261, 2.3622 -4.3259 4.3125, 2.3622 -4.2212 4.2859, 2.3622 -4.3102 4.3438, 2.3622 -4.2067 4.309, 2.3622 -4.3281 4.1013, 2.3622 -4.3391 4.1348, 2.3622 -4.2376 4.1768, 2.3622 -4.3457 4.1691, 2.3622 -4.2403 4.2026, 2.3622 -4.348 4.2041, 2.3622 -4.2404 4.2075, 2.3622 -4.3479 4.2113, 2.3622 -4.2382 4.2349, 2.3622 -4.345 4.2445, 2.3622 -4.3376 4.2792, 2.3622 -3.6089 3.9456, 2.3622 -3.614 3.9508, 2.3622 -3.5724 4.0383, 2.3622 -3.6213 3.9615, 2.3622 -3.2584 4.1716, 2.3622 -3.2588 4.1567, 2.3622 -3.3665 4.1454, 2.3622 -3.2631 4.124, 2.3622 -3.2718 4.0924, 2.3622 -3.421 4.3932, 2.3622 -3.3924 4.3812, 2.3622 -3.429 4.2841, 2.3622 -3.3636 4.3642, 2.3622 -3.4095 4.2699, 2.3622 -3.3374 4.3435, 2.3622 -3.3926 4.252, 2.3622 -3.3143 4.3195, 2.3622 -3.2948 4.2928, 2.3622 -4.1157 4.0919, 2.3622 -4.0974 4.1132, 2.3622 -4.0762 4.1311, 2.3622 -4.0046 4.1609, 2.3622 -3.9774 4.1631, 2.3622 -4.2908 4.3726, 2.3622 -4.2677 4.3988, 2.3622 -4.1902 4.3281, 2.3622 -4.2617 4.4046, 2.3622 -4.169 4.3462, 2.3622 -4.2358 4.4263, 2.3622 -4.2059 4.4457, 2.3622 -3.3568 3.9779, 2.3622 -3.3844 3.9603, 2.3622 -3.4463 4.0463, 2.3622 -3.4139 3.9468, 2.3622 -3.47 4.0391, 2.3622 -3.4448 3.9375, 2.3622 -3.4872 4.0367, 2.3622 -3.477 3.9325, 2.3622 -3.5641 4.0367, 2.3622 -3.5777 3.9325, 2.3622 -3.5673 4.0371, 2.3622 -3.5863 3.9338, 2.3622 -3.5976 3.938, 2.3622 -3.6257 3.9731, 2.3622 -3.6273 3.9855, 2.3622 -3.627 3.9906, 2.3622 -4.1303 4.0679, 2.3622 -3.624 4.0037, 2.3622 -3.6178 4.0156, 2.3622 -3.6094 4.025, 2.3622 -3.5988 4.0323, 2.3622 -3.6004 4.4639, 2.3622 -3.5197 4.5303, 2.3622 -3.5795 4.445, 2.3622 -3.5118 4.5228, 2.3622 -3.4845 4.4934, 2.3622 -3.9035 4.5843, 2.3622 -3.8672 4.5994, 2.3622 -3.8192 4.5068, 2.3622 -3.8298 4.6103, 2.3622 -3.7866 4.514, 2.3622 -3.7914 4.6169, 2.3622 -3.7552 4.5166, 2.3622 -3.7519 4.6191, 2.3622 -3.7502 4.5166, 2.3622 -3.74 4.6189, 2.3622 -3.7177 4.5144, 2.3622 -3.7006 4.6152, 2.3622 -3.6864 4.5079, 2.3622 -3.6617 4.6069, 2.3622 -3.6561 4.4973, 2.3622 -3.6236 4.5941, 2.3622 -3.6273 4.4825, 2.3622 -3.5869 4.5769, 2.3622 -3.5522 4.5555, 2.3622 -3.5871 4.0369, 2.3622 -3.5743 4.0384
            ]
        }
        coordIndex [
            0,1,2,-1,2,1,3,-1,4,0,5,-1,5,0,2,-1,6,4,7,-1,7,4,5,-1,8,6,9,-1,9,6,7,-1,10,8,11,-1,11,8,9,-1,1,10,3,-1,3,10,11,-1,6,8,4,-1,4,8,10,-1,4,10,0,-1,0,10,1,-1,2,3,5,-1,5,3,11,-1,5,11,7,-1,7,11,9,-1,12,13,14,-1,12,14,15,-1,15,14,16,-1,15,16,17,-1,17,16,18,-1,17,18,19,-1,19,18,20,-1,19,20,21,-1,21,20,22,-1,21,22,23,-1,23,22,24,-1,23,24,25,-1,26,25,27,-1,27,25,24,-1,26,27,28,-1,26,28,29,-1,29,28,30,-1,29,30,31,-1,31,30,32,-1,31,32,33,-1,33,32,34,-1,33,34,35,-1,35,34,36,-1,35,36,37,-1,37,36,38,-1,37,38,39,-1,39,38,40,-1,39,40,41,-1,41,40,42,-1,41,42,43,-1,43,42,44,-1,43,44,45,-1,45,44,46,-1,45,46,47,-1,47,46,48,-1,47,48,49,-1,49,48,50,-1,49,50,51,-1,51,50,52,-1,51,52,53,-1,53,52,54,-1,53,54,55,-1,55,54,56,-1,55,56,57,-1,57,56,58,-1,57,58,59,-1,59,58,60,-1,59,60,61,-1,61,60,62,-1,61,62,63,-1,63,62,64,-1,63,64,65,-1,65,64,66,-1,65,66,67,-1,67,66,68,-1,67,68,69,-1,69,68,70,-1,69,70,71,-1,71,70,72,-1,71,72,73,-1,73,72,74,-1,73,74,75,-1,75,74,76,-1,75,76,77,-1,77,76,78,-1,77,78,79,-1,79,78,80,-1,79,80,81,-1,81,80,82,-1,81,82,83,-1,83,82,84,-1,83,84,85,-1,85,84,86,-1,85,86,87,-1,87,86,88,-1,87,88,89,-1,89,88,90,-1,89,90,91,-1,91,90,92,-1,91,92,93,-1,93,92,94,-1,93,94,95,-1,95,94,96,-1,95,96,97,-1,97,96,98,-1,97,98,99,-1,99,98,100,-1,99,100,101,-1,101,100,102,-1,101,102,103,-1,103,102,104,-1,103,104,105,-1,105,104,106,-1,105,106,107,-1,107,106,108,-1,107,108,109,-1,109,108,110,-1,109,110,111,-1,111,110,112,-1,111,112,113,-1,113,112,114,-1,113,114,115,-1,116,115,117,-1,117,115,114,-1,116,117,118,-1,116,118,119,-1,119,118,120,-1,119,120,121,-1,121,120,122,-1,121,122,123,-1,123,122,124,-1,123,124,125,-1,125,124,126,-1,125,126,127,-1,127,126,128,-1,127,128,129,-1,129,128,130,-1,129,130,131,-1,131,130,132,-1,131,132,133,-1,133,132,134,-1,133,134,135,-1,135,134,136,-1,135,136,137,-1,137,136,138,-1,137,138,139,-1,139,138,140,-1,139,140,141,-1,141,140,142,-1,141,142,143,-1,143,142,144,-1,143,144,145,-1,145,144,146,-1,145,146,147,-1,147,146,148,-1,147,148,149,-1,149,148,150,-1,149,150,151,-1,151,150,152,-1,151,152,153,-1,153,152,154,-1,153,154,155,-1,155,154,156,-1,155,156,157,-1,157,156,158,-1,157,158,159,-1,159,158,160,-1,159,160,161,-1,161,160,162,-1,161,162,163,-1,163,162,164,-1,163,164,165,-1,165,164,166,-1,165,166,167,-1,167,166,168,-1,167,168,169,-1,169,168,170,-1,169,170,171,-1,171,170,172,-1,171,172,173,-1,173,172,174,-1,173,174,175,-1,175,174,176,-1,175,176,177,-1,177,176,178,-1,177,178,179,-1,179,178,180,-1,179,180,181,-1,181,180,182,-1,181,182,183,-1,183,182,184,-1,183,184,185,-1,185,184,186,-1,185,186,187,-1,187,186,188,-1,187,188,189,-1,189,188,190,-1,189,190,191,-1,191,190,192,-1,191,192,193,-1,193,192,194,-1,193,194,195,-1,195,194,196,-1,195,196,197,-1,197,196,13,-1,197,13,12,-1,113,115,116,-1,57,177,179,-1,57,179,55,-1,55,179,181,-1,55,181,53,-1,53,181,183,-1,53,183,51,-1,51,183,185,-1,51,185,49,-1,49,185,187,-1,49,187,47,-1,33,21,31,-1,31,21,23,-1,31,23,29,-1,29,23,25,-1,29,25,26,-1,187,189,47,-1,47,189,191,-1,47,191,45,-1,45,191,193,-1,45,193,43,-1,43,193,195,-1,43,195,41,-1,41,195,197,-1,41,197,39,-1,39,197,12,-1,39,12,37,-1,37,12,15,-1,37,15,35,-1,35,15,17,-1,35,17,33,-1,33,17,19,-1,33,19,21,-1,89,143,87,-1,87,143,145,-1,87,145,85,-1,85,145,147,-1,85,147,83,-1,83,147,149,-1,83,149,81,-1,81,149,151,-1,81,151,79,-1,79,151,153,-1,79,153,77,-1,77,153,155,-1,77,155,75,-1,113,116,111,-1,111,116,119,-1,111,119,109,-1,109,119,121,-1,109,121,107,-1,107,121,123,-1,107,123,105,-1,105,123,125,-1,105,125,103,-1,103,125,127,-1,103,127,101,-1,101,127,129,-1,101,129,99,-1,99,129,131,-1,99,131,97,-1,97,131,133,-1,97,133,95,-1,95,133,135,-1,95,135,93,-1,93,135,137,-1,93,137,91,-1,91,137,139,-1,91,139,89,-1,89,139,141,-1,89,141,143,-1,177,57,175,-1,175,57,59,-1,175,59,173,-1,173,59,61,-1,173,61,171,-1,171,61,63,-1,171,63,169,-1,169,63,65,-1,169,65,167,-1,167,65,165,-1,165,65,67,-1,165,67,163,-1,155,157,75,-1,75,157,159,-1,75,159,73,-1,73,159,161,-1,73,161,71,-1,71,161,163,-1,71,163,69,-1,69,163,67,-1,28,27,24,-1,28,24,30,-1,44,190,46,-1,46,190,188,-1,46,188,48,-1,48,188,186,-1,48,186,50,-1,50,186,184,-1,50,184,52,-1,52,184,182,-1,52,182,54,-1,114,112,117,-1,117,112,110,-1,117,110,118,-1,118,110,108,-1,182,180,54,-1,54,180,178,-1,54,178,56,-1,56,178,176,-1,56,176,58,-1,58,176,174,-1,58,174,60,-1,60,174,172,-1,60,172,62,-1,24,22,30,-1,30,22,20,-1,30,20,32,-1,32,20,18,-1,32,18,34,-1,34,18,16,-1,34,16,36,-1,36,16,14,-1,36,14,38,-1,38,14,13,-1,38,13,40,-1,40,13,196,-1,40,196,42,-1,42,196,194,-1,42,194,44,-1,44,194,192,-1,44,192,190,-1,82,146,84,-1,84,146,144,-1,84,144,86,-1,86,144,142,-1,86,142,88,-1,88,142,140,-1,88,140,90,-1,90,140,138,-1,90,138,92,-1,92,138,136,-1,92,136,94,-1,94,136,134,-1,94,134,96,-1,96,134,132,-1,96,132,98,-1,98,132,130,-1,98,130,100,-1,100,130,128,-1,100,128,102,-1,102,128,126,-1,102,126,104,-1,104,126,124,-1,104,124,106,-1,106,124,122,-1,106,122,108,-1,108,122,120,-1,108,120,118,-1,162,160,72,-1,72,160,158,-1,72,158,74,-1,74,158,156,-1,74,156,76,-1,76,156,154,-1,76,154,78,-1,78,154,152,-1,78,152,80,-1,80,152,150,-1,80,150,82,-1,82,150,148,-1,82,148,146,-1,172,170,62,-1,62,170,168,-1,62,168,64,-1,64,168,166,-1,64,166,66,-1,66,166,164,-1,66,164,68,-1,68,164,162,-1,68,162,70,-1,70,162,72,-1,198,199,200,-1,200,199,201,-1,202,198,203,-1,203,198,200,-1,204,202,205,-1,205,202,203,-1,206,204,207,-1,207,204,205,-1,208,206,209,-1,209,206,207,-1,210,208,211,-1,211,208,209,-1,212,210,213,-1,213,210,211,-1,214,212,215,-1,215,212,213,-1,216,214,217,-1,217,214,215,-1,218,216,219,-1,219,216,217,-1,220,218,221,-1,221,218,219,-1,199,220,201,-1,201,220,221,-1,220,199,198,-1,198,202,220,-1,220,202,204,-1,220,204,218,-1,214,216,212,-1,212,216,218,-1,212,218,210,-1,210,218,204,-1,210,204,208,-1,208,204,206,-1,200,201,203,-1,203,201,221,-1,203,221,205,-1,217,215,219,-1,219,215,213,-1,219,213,211,-1,209,207,211,-1,211,207,205,-1,211,205,219,-1,219,205,221,-1,222,223,224,-1,224,223,225,-1,224,225,226,-1,226,225,227,-1,226,227,228,-1,228,227,229,-1,228,229,230,-1,230,229,231,-1,230,231,232,-1,232,231,233,-1,232,233,234,-1,234,233,235,-1,234,235,236,-1,236,235,237,-1,236,237,238,-1,239,240,241,-1,241,240,242,-1,241,242,243,-1,243,242,244,-1,243,244,245,-1,245,244,246,-1,245,246,247,-1,246,248,247,-1,247,248,249,-1,247,249,250,-1,250,249,251,-1,250,251,252,-1,252,251,253,-1,252,253,254,-1,254,253,255,-1,254,255,256,-1,256,255,257,-1,256,257,258,-1,258,257,259,-1,258,259,260,-1,260,259,261,-1,260,261,262,-1,262,261,263,-1,262,263,264,-1,264,263,265,-1,264,265,266,-1,266,265,267,-1,266,267,268,-1,268,267,269,-1,268,269,270,-1,270,269,271,-1,270,271,272,-1,272,271,273,-1,272,273,274,-1,274,273,275,-1,274,275,276,-1,276,275,277,-1,276,277,278,-1,278,277,279,-1,278,279,280,-1,280,279,281,-1,280,281,222,-1,222,281,282,-1,222,282,223,-1,237,283,238,-1,238,283,284,-1,238,284,285,-1,285,284,286,-1,285,286,287,-1,287,286,288,-1,287,288,289,-1,289,288,290,-1,289,290,291,-1,291,290,292,-1,291,292,293,-1,293,292,294,-1,293,294,239,-1,239,294,295,-1,239,295,240,-1,296,297,298,-1,298,297,299,-1,298,299,300,-1,300,299,301,-1,300,301,302,-1,302,301,303,-1,302,303,304,-1,304,303,305,-1,304,305,306,-1,306,305,307,-1,306,307,308,-1,309,310,311,-1,311,310,312,-1,311,312,313,-1,313,312,314,-1,313,314,315,-1,315,314,316,-1,315,316,317,-1,317,316,318,-1,317,318,319,-1,319,318,320,-1,319,320,321,-1,321,320,322,-1,321,322,323,-1,323,322,324,-1,323,324,325,-1,325,324,326,-1,325,326,327,-1,327,326,328,-1,327,328,329,-1,329,328,330,-1,329,330,331,-1,331,330,332,-1,331,332,333,-1,333,332,334,-1,333,334,335,-1,335,334,336,-1,335,336,337,-1,337,336,338,-1,337,338,296,-1,296,338,339,-1,296,339,297,-1,340,341,342,-1,342,341,343,-1,342,343,344,-1,344,343,345,-1,344,345,346,-1,346,345,347,-1,346,347,348,-1,348,347,349,-1,348,349,350,-1,350,349,351,-1,350,351,352,-1,352,351,353,-1,352,353,354,-1,354,353,355,-1,354,355,309,-1,309,355,356,-1,309,356,310,-1,307,357,308,-1,308,357,358,-1,308,358,359,-1,359,358,360,-1,359,360,361,-1,361,360,362,-1,361,362,363,-1,363,362,364,-1,363,364,365,-1,365,364,366,-1,365,366,367,-1,367,366,368,-1,367,368,340,-1,340,368,369,-1,340,369,341,-1,275,273,320,-1,320,273,322,-1,275,320,318,-1,275,318,277,-1,277,318,316,-1,277,316,279,-1,279,316,314,-1,279,314,281,-1,281,314,312,-1,281,312,282,-1,282,312,310,-1,282,310,223,-1,223,310,356,-1,223,356,225,-1,225,356,355,-1,225,355,227,-1,227,355,353,-1,227,353,229,-1,229,353,351,-1,229,351,231,-1,231,351,349,-1,231,349,233,-1,233,349,347,-1,233,347,235,-1,235,347,345,-1,235,345,237,-1,237,345,343,-1,237,343,283,-1,283,343,341,-1,283,341,284,-1,284,341,369,-1,284,369,286,-1,286,369,368,-1,286,368,288,-1,288,368,366,-1,288,366,290,-1,290,366,364,-1,290,364,292,-1,292,364,362,-1,292,362,294,-1,294,362,360,-1,294,360,295,-1,295,360,358,-1,295,358,240,-1,240,358,357,-1,240,357,242,-1,242,357,307,-1,242,307,244,-1,244,307,305,-1,244,305,246,-1,246,305,303,-1,246,303,248,-1,248,303,301,-1,248,301,249,-1,249,301,299,-1,249,299,251,-1,251,299,297,-1,251,297,253,-1,253,297,339,-1,253,339,255,-1,255,339,338,-1,255,338,257,-1,257,338,336,-1,257,336,259,-1,259,336,334,-1,259,334,261,-1,261,334,332,-1,261,332,263,-1,263,332,330,-1,263,330,265,-1,265,330,328,-1,265,328,267,-1,267,328,326,-1,267,326,269,-1,271,269,324,-1,324,269,326,-1,273,271,322,-1,322,271,324,-1,268,270,325,-1,325,270,323,-1,270,272,323,-1,323,272,321,-1,272,274,321,-1,321,274,319,-1,230,350,352,-1,230,352,228,-1,228,352,354,-1,228,354,226,-1,226,354,309,-1,226,309,224,-1,224,309,311,-1,224,311,222,-1,222,311,313,-1,222,313,280,-1,280,313,315,-1,280,315,278,-1,278,315,317,-1,278,317,276,-1,276,317,319,-1,276,319,274,-1,291,363,365,-1,291,365,289,-1,289,365,367,-1,289,367,287,-1,287,367,340,-1,287,340,285,-1,285,340,342,-1,285,342,238,-1,238,342,344,-1,238,344,236,-1,236,344,346,-1,236,346,234,-1,234,346,348,-1,234,348,232,-1,232,348,350,-1,232,350,230,-1,252,298,300,-1,252,300,250,-1,250,300,302,-1,250,302,247,-1,247,302,304,-1,247,304,245,-1,245,304,306,-1,245,306,243,-1,243,306,308,-1,243,308,241,-1,241,308,359,-1,241,359,239,-1,239,359,361,-1,239,361,293,-1,293,361,363,-1,293,363,291,-1,268,325,327,-1,268,327,266,-1,266,327,329,-1,266,329,264,-1,264,329,331,-1,264,331,262,-1,262,331,333,-1,262,333,260,-1,260,333,335,-1,260,335,258,-1,258,335,337,-1,258,337,256,-1,256,337,296,-1,256,296,254,-1,254,296,298,-1,254,298,252,-1,370,371,372,-1,372,371,373,-1,374,375,370,-1,370,375,376,-1,370,376,371,-1,371,376,377,-1,374,378,375,-1,375,378,379,-1,375,379,380,-1,380,379,381,-1,380,381,382,-1,382,383,380,-1,380,383,372,-1,380,372,384,-1,384,372,373,-1,384,373,385,-1,386,387,388,-1,387,389,388,-1,388,389,390,-1,388,390,391,-1,391,390,392,-1,391,392,393,-1,393,394,391,-1,391,394,395,-1,391,395,396,-1,397,398,399,-1,400,396,401,-1,401,396,395,-1,401,395,399,-1,399,395,386,-1,399,386,397,-1,397,386,388,-1,380,384,388,-1,388,384,397,-1,375,380,391,-1,391,380,388,-1,376,375,396,-1,396,375,391,-1,377,376,400,-1,400,376,396,-1,371,377,401,-1,401,377,400,-1,373,371,399,-1,399,371,401,-1,385,373,398,-1,398,373,399,-1,384,385,397,-1,397,385,398,-1,370,372,395,-1,395,372,386,-1,372,383,386,-1,386,383,387,-1,381,390,389,-1,381,389,382,-1,382,389,387,-1,382,387,383,-1,381,379,390,-1,390,379,392,-1,374,394,393,-1,374,393,378,-1,378,393,392,-1,378,392,379,-1,374,370,394,-1,394,370,395,-1,402,403,404,-1,404,403,405,-1,406,402,407,-1,407,402,404,-1,408,406,409,-1,409,406,407,-1,410,408,411,-1,411,408,409,-1,412,410,413,-1,413,410,411,-1,414,412,415,-1,415,412,413,-1,416,414,417,-1,417,414,415,-1,418,416,419,-1,419,416,417,-1,420,418,421,-1,421,418,419,-1,422,420,423,-1,423,420,421,-1,424,422,425,-1,425,422,423,-1,403,424,405,-1,405,424,425,-1,418,420,416,-1,416,420,422,-1,416,422,414,-1,403,402,424,-1,424,402,406,-1,424,406,408,-1,410,412,408,-1,408,412,414,-1,408,414,424,-1,424,414,422,-1,423,421,419,-1,419,417,423,-1,423,417,415,-1,423,415,425,-1,404,405,407,-1,407,405,425,-1,407,425,409,-1,409,425,415,-1,409,415,411,-1,411,415,413,-1,426,427,428,-1,428,427,429,-1,430,431,432,-1,433,434,435,-1,435,434,436,-1,432,431,437,-1,437,431,438,-1,437,438,439,-1,439,438,440,-1,439,440,441,-1,442,443,444,-1,434,445,436,-1,436,445,446,-1,436,446,447,-1,433,435,448,-1,448,435,449,-1,448,449,450,-1,450,449,451,-1,450,451,452,-1,441,440,453,-1,453,440,454,-1,453,454,455,-1,455,454,456,-1,455,456,457,-1,446,458,447,-1,447,458,459,-1,447,459,460,-1,460,459,461,-1,460,461,462,-1,428,463,464,-1,464,463,465,-1,464,465,466,-1,467,468,469,-1,469,468,470,-1,469,470,471,-1,471,470,472,-1,471,472,473,-1,474,475,429,-1,429,475,476,-1,429,476,428,-1,428,476,477,-1,428,477,463,-1,457,456,478,-1,478,456,479,-1,478,479,480,-1,480,479,481,-1,480,481,482,-1,483,484,485,-1,485,484,486,-1,485,486,487,-1,487,486,488,-1,487,488,489,-1,444,490,442,-1,442,490,491,-1,442,491,483,-1,483,491,492,-1,483,492,484,-1,493,494,495,-1,495,494,496,-1,495,496,443,-1,443,496,497,-1,443,497,444,-1,498,499,500,-1,500,499,452,-1,500,452,501,-1,501,452,451,-1,472,502,473,-1,473,502,503,-1,473,503,504,-1,504,503,505,-1,504,505,506,-1,506,505,466,-1,506,466,507,-1,507,466,465,-1,482,481,508,-1,508,481,509,-1,508,509,510,-1,510,499,508,-1,508,499,498,-1,508,498,429,-1,429,498,511,-1,429,511,474,-1,488,512,489,-1,489,512,513,-1,489,513,514,-1,514,513,515,-1,514,515,516,-1,516,515,517,-1,516,517,467,-1,467,517,518,-1,467,518,468,-1,461,519,462,-1,462,519,520,-1,462,520,521,-1,521,520,522,-1,521,522,523,-1,432,524,430,-1,430,524,525,-1,430,525,526,-1,526,525,527,-1,526,527,528,-1,528,527,529,-1,528,529,530,-1,530,529,531,-1,530,531,532,-1,532,531,533,-1,532,533,534,-1,534,533,535,-1,534,535,536,-1,536,535,537,-1,536,537,538,-1,538,537,539,-1,538,539,540,-1,540,539,541,-1,540,541,542,-1,542,541,543,-1,542,543,544,-1,522,545,523,-1,523,545,546,-1,523,546,493,-1,493,546,547,-1,493,547,494,-1,548,549,550,-1,551,552,553,-1,553,552,554,-1,553,554,555,-1,556,557,558,-1,559,560,561,-1,561,560,562,-1,561,562,563,-1,554,564,555,-1,555,564,565,-1,555,565,566,-1,566,565,567,-1,566,567,568,-1,569,570,571,-1,571,570,572,-1,571,572,573,-1,573,572,574,-1,573,574,551,-1,551,574,575,-1,551,575,552,-1,576,556,577,-1,577,556,558,-1,577,558,578,-1,578,558,579,-1,580,581,582,-1,582,581,583,-1,582,583,584,-1,584,583,585,-1,584,585,586,-1,586,585,587,-1,586,587,588,-1,588,587,589,-1,590,591,580,-1,580,591,592,-1,580,592,581,-1,593,594,559,-1,559,594,595,-1,559,595,560,-1,596,597,593,-1,593,597,598,-1,593,598,594,-1,599,600,601,-1,601,600,558,-1,601,558,602,-1,602,558,557,-1,603,604,590,-1,590,604,605,-1,590,605,591,-1,567,606,568,-1,568,606,607,-1,568,607,608,-1,608,607,609,-1,608,609,610,-1,610,609,600,-1,610,600,611,-1,562,612,563,-1,563,612,613,-1,563,613,614,-1,611,600,615,-1,615,600,599,-1,615,599,589,-1,589,599,616,-1,589,616,588,-1,548,550,617,-1,617,550,618,-1,617,618,619,-1,619,618,620,-1,619,620,621,-1,621,620,622,-1,621,622,623,-1,623,622,624,-1,623,624,625,-1,625,624,626,-1,625,626,627,-1,627,626,628,-1,627,628,629,-1,629,628,630,-1,629,630,569,-1,569,630,631,-1,569,631,570,-1,632,633,634,-1,634,633,635,-1,634,635,603,-1,603,635,636,-1,603,636,604,-1,613,637,614,-1,614,637,638,-1,614,638,639,-1,639,638,640,-1,639,640,632,-1,632,640,641,-1,632,641,633,-1,642,643,644,-1,644,643,645,-1,644,645,646,-1,646,645,647,-1,646,647,648,-1,648,647,649,-1,648,649,650,-1,651,652,653,-1,653,652,654,-1,653,654,655,-1,655,654,656,-1,655,656,596,-1,596,656,657,-1,596,657,597,-1,649,658,650,-1,650,658,659,-1,650,659,660,-1,660,659,661,-1,660,661,662,-1,662,661,663,-1,662,663,651,-1,651,663,664,-1,651,664,652,-1,644,665,642,-1,642,665,666,-1,642,666,667,-1,667,666,668,-1,667,668,577,-1,577,668,669,-1,577,669,576,-1,529,630,628,-1,529,628,531,-1,531,628,626,-1,531,626,533,-1,533,626,624,-1,533,624,535,-1,535,624,622,-1,535,622,537,-1,537,622,620,-1,537,620,539,-1,539,620,618,-1,539,618,541,-1,541,618,550,-1,541,550,543,-1,544,543,549,-1,549,543,550,-1,544,549,548,-1,544,548,542,-1,542,548,617,-1,542,617,540,-1,540,617,619,-1,540,619,538,-1,538,619,621,-1,538,621,536,-1,536,621,623,-1,536,623,534,-1,534,623,625,-1,534,625,532,-1,532,625,627,-1,532,627,530,-1,530,627,629,-1,530,629,528,-1,528,629,569,-1,528,569,526,-1,526,569,571,-1,526,571,430,-1,430,571,573,-1,430,573,431,-1,431,573,551,-1,431,551,438,-1,438,551,553,-1,438,553,440,-1,440,553,555,-1,440,555,454,-1,454,555,566,-1,454,566,456,-1,456,566,568,-1,456,568,479,-1,479,568,608,-1,479,608,481,-1,481,608,610,-1,481,610,509,-1,509,610,611,-1,509,611,510,-1,510,611,615,-1,510,615,499,-1,452,499,589,-1,589,499,615,-1,452,589,587,-1,452,587,450,-1,450,587,585,-1,450,585,448,-1,448,585,583,-1,448,583,433,-1,433,583,581,-1,433,581,434,-1,434,581,592,-1,434,592,445,-1,445,592,591,-1,445,591,446,-1,446,591,605,-1,446,605,458,-1,458,605,604,-1,458,604,459,-1,459,604,636,-1,459,636,461,-1,461,636,635,-1,461,635,519,-1,519,635,633,-1,519,633,520,-1,520,633,641,-1,520,641,522,-1,522,641,640,-1,522,640,545,-1,545,640,638,-1,545,638,546,-1,546,638,637,-1,546,637,547,-1,547,637,613,-1,547,613,494,-1,494,613,612,-1,494,612,496,-1,496,612,562,-1,496,562,497,-1,497,562,560,-1,497,560,444,-1,444,560,595,-1,444,595,490,-1,490,595,594,-1,490,594,491,-1,491,594,598,-1,491,598,492,-1,492,598,597,-1,492,597,484,-1,484,597,657,-1,484,657,486,-1,486,657,656,-1,486,656,488,-1,488,656,654,-1,488,654,512,-1,512,654,652,-1,512,652,513,-1,513,652,664,-1,513,664,515,-1,515,664,663,-1,515,663,517,-1,517,663,661,-1,517,661,518,-1,518,661,659,-1,518,659,468,-1,468,659,658,-1,468,658,470,-1,470,658,649,-1,470,649,472,-1,472,649,647,-1,472,647,502,-1,502,647,645,-1,502,645,503,-1,503,645,643,-1,503,643,505,-1,505,643,642,-1,505,642,466,-1,466,642,667,-1,466,667,464,-1,428,464,577,-1,577,464,667,-1,426,428,578,-1,578,428,577,-1,427,426,579,-1,579,426,578,-1,429,427,558,-1,558,427,579,-1,429,558,600,-1,429,600,508,-1,508,600,609,-1,508,609,482,-1,482,609,607,-1,482,607,480,-1,480,607,606,-1,480,606,478,-1,478,606,567,-1,478,567,457,-1,457,567,565,-1,457,565,455,-1,455,565,564,-1,455,564,453,-1,453,564,554,-1,453,554,441,-1,441,554,552,-1,441,552,439,-1,439,552,575,-1,439,575,437,-1,437,575,574,-1,437,574,432,-1,432,574,572,-1,432,572,524,-1,524,572,570,-1,524,570,525,-1,525,570,631,-1,525,631,527,-1,527,631,630,-1,527,630,529,-1,436,580,582,-1,436,582,435,-1,435,582,584,-1,435,584,449,-1,449,584,586,-1,449,586,451,-1,451,586,588,-1,451,588,501,-1,501,588,616,-1,501,616,500,-1,523,639,632,-1,523,632,521,-1,521,632,634,-1,521,634,462,-1,462,634,603,-1,462,603,460,-1,460,603,590,-1,460,590,447,-1,447,590,580,-1,447,580,436,-1,483,593,559,-1,483,559,442,-1,442,559,561,-1,442,561,443,-1,443,561,563,-1,443,563,495,-1,495,563,614,-1,495,614,493,-1,493,614,639,-1,493,639,523,-1,516,662,651,-1,516,651,514,-1,514,651,653,-1,514,653,489,-1,489,653,655,-1,489,655,487,-1,487,655,596,-1,487,596,485,-1,485,596,593,-1,485,593,483,-1,507,666,665,-1,507,665,506,-1,506,665,644,-1,506,644,504,-1,504,644,646,-1,504,646,473,-1,473,646,648,-1,473,648,471,-1,471,648,650,-1,471,650,469,-1,469,650,660,-1,469,660,467,-1,467,660,662,-1,467,662,516,-1,511,601,602,-1,511,602,474,-1,474,602,557,-1,474,557,475,-1,475,557,556,-1,475,556,476,-1,476,556,576,-1,476,576,477,-1,477,576,669,-1,477,669,463,-1,463,669,668,-1,463,668,465,-1,465,668,666,-1,465,666,507,-1,511,498,601,-1,601,498,599,-1,498,500,599,-1,599,500,616,-1,670,671,672,-1,670,672,673,-1,673,672,674,-1,673,674,675,-1,675,674,676,-1,675,676,677,-1,677,676,678,-1,677,678,679,-1,679,678,680,-1,679,680,681,-1,681,680,682,-1,681,682,683,-1,683,682,684,-1,683,684,685,-1,686,685,687,-1,687,685,684,-1,686,687,688,-1,686,688,689,-1,689,688,690,-1,689,690,691,-1,691,690,692,-1,691,692,693,-1,693,692,694,-1,693,694,695,-1,695,694,696,-1,695,696,697,-1,697,696,698,-1,697,698,699,-1,699,698,700,-1,699,700,701,-1,701,700,702,-1,701,702,703,-1,703,702,704,-1,703,704,705,-1,705,704,706,-1,705,706,707,-1,707,706,708,-1,707,708,709,-1,709,708,710,-1,709,710,711,-1,711,710,712,-1,711,712,713,-1,713,712,714,-1,713,714,715,-1,715,714,716,-1,715,716,717,-1,717,716,718,-1,717,718,719,-1,719,718,720,-1,719,720,721,-1,721,720,722,-1,721,722,723,-1,723,722,724,-1,723,724,725,-1,725,724,726,-1,725,726,727,-1,727,726,728,-1,727,728,729,-1,729,728,730,-1,729,730,731,-1,731,730,732,-1,731,732,733,-1,733,732,734,-1,733,734,735,-1,735,734,736,-1,735,736,737,-1,737,736,738,-1,737,738,739,-1,739,738,740,-1,739,740,741,-1,741,740,742,-1,741,742,743,-1,743,742,744,-1,743,744,745,-1,745,744,746,-1,745,746,747,-1,747,746,748,-1,747,748,749,-1,749,748,750,-1,749,750,751,-1,751,750,752,-1,751,752,753,-1,753,752,754,-1,753,754,755,-1,755,754,756,-1,755,756,757,-1,757,756,758,-1,757,758,759,-1,759,758,760,-1,759,760,761,-1,761,760,762,-1,761,762,763,-1,763,762,764,-1,763,764,765,-1,765,764,766,-1,765,766,767,-1,767,766,768,-1,767,768,769,-1,769,768,770,-1,769,770,771,-1,771,770,772,-1,771,772,773,-1,773,772,774,-1,773,774,775,-1,775,774,776,-1,775,776,777,-1,777,776,778,-1,777,778,779,-1,779,778,780,-1,779,780,781,-1,781,780,782,-1,781,782,783,-1,783,782,784,-1,783,784,785,-1,785,784,786,-1,785,786,787,-1,787,786,788,-1,787,788,789,-1,789,788,790,-1,789,790,791,-1,791,790,792,-1,791,792,793,-1,793,792,794,-1,793,794,795,-1,795,794,796,-1,795,796,797,-1,797,796,798,-1,797,798,799,-1,799,798,800,-1,799,800,801,-1,801,800,802,-1,801,802,803,-1,803,802,804,-1,803,804,805,-1,806,805,807,-1,807,805,804,-1,806,807,808,-1,806,808,809,-1,809,808,810,-1,809,810,811,-1,811,810,812,-1,811,812,813,-1,813,812,814,-1,813,814,815,-1,815,814,816,-1,815,816,817,-1,817,816,818,-1,817,818,819,-1,819,818,820,-1,819,820,821,-1,821,820,822,-1,821,822,823,-1,823,822,824,-1,823,824,825,-1,825,824,826,-1,825,826,827,-1,827,826,828,-1,827,828,829,-1,829,828,830,-1,829,830,831,-1,831,830,832,-1,831,832,833,-1,833,832,834,-1,833,834,835,-1,835,834,836,-1,835,836,837,-1,837,836,838,-1,837,838,839,-1,839,838,840,-1,839,840,841,-1,841,840,842,-1,841,842,843,-1,843,842,844,-1,843,844,845,-1,845,844,846,-1,845,846,847,-1,847,846,848,-1,847,848,849,-1,849,848,850,-1,849,850,851,-1,851,850,852,-1,851,852,853,-1,853,852,854,-1,853,854,855,-1,855,854,856,-1,855,856,857,-1,857,856,858,-1,857,858,859,-1,859,858,860,-1,859,860,861,-1,861,860,862,-1,861,862,863,-1,863,862,864,-1,863,864,865,-1,865,864,866,-1,865,866,867,-1,867,866,868,-1,867,868,869,-1,869,868,870,-1,869,870,871,-1,871,870,872,-1,871,872,873,-1,873,872,874,-1,873,874,875,-1,875,874,876,-1,875,876,877,-1,877,876,878,-1,877,878,879,-1,879,878,880,-1,879,880,881,-1,881,880,882,-1,881,882,883,-1,883,882,884,-1,883,884,885,-1,885,884,886,-1,885,886,887,-1,887,886,888,-1,887,888,889,-1,889,888,890,-1,889,890,891,-1,891,890,892,-1,891,892,893,-1,893,892,894,-1,893,894,895,-1,895,894,896,-1,895,896,897,-1,897,896,898,-1,897,898,899,-1,899,898,900,-1,899,900,901,-1,901,900,902,-1,901,902,903,-1,903,902,904,-1,903,904,905,-1,905,904,906,-1,905,906,907,-1,907,906,671,-1,907,671,670,-1,683,685,686,-1,803,805,806,-1,713,715,897,-1,897,715,895,-1,777,837,775,-1,775,837,839,-1,775,839,773,-1,715,717,895,-1,895,717,719,-1,895,719,893,-1,779,833,777,-1,777,833,835,-1,777,835,837,-1,713,897,711,-1,711,897,899,-1,711,899,709,-1,709,899,901,-1,709,901,707,-1,707,901,903,-1,707,903,705,-1,855,765,853,-1,853,765,767,-1,737,883,735,-1,735,883,885,-1,839,841,773,-1,773,841,843,-1,773,843,771,-1,843,845,771,-1,771,845,847,-1,771,847,769,-1,769,847,849,-1,769,849,767,-1,767,849,851,-1,767,851,853,-1,855,857,765,-1,765,857,859,-1,765,859,763,-1,763,859,861,-1,763,861,761,-1,761,861,863,-1,761,863,759,-1,759,863,865,-1,759,865,757,-1,889,729,887,-1,887,729,731,-1,887,731,885,-1,885,731,733,-1,885,733,735,-1,719,721,893,-1,893,721,723,-1,893,723,891,-1,891,723,725,-1,891,725,889,-1,889,725,727,-1,889,727,729,-1,737,739,883,-1,883,739,741,-1,883,741,881,-1,881,741,743,-1,881,743,879,-1,879,743,745,-1,879,745,877,-1,877,745,747,-1,877,747,875,-1,705,903,703,-1,703,903,905,-1,703,905,701,-1,701,905,907,-1,701,907,699,-1,699,907,670,-1,699,670,697,-1,697,670,673,-1,697,673,695,-1,695,673,675,-1,695,675,693,-1,693,675,677,-1,693,677,691,-1,691,677,679,-1,691,679,689,-1,689,679,686,-1,686,679,681,-1,686,681,683,-1,747,749,875,-1,875,749,751,-1,875,751,873,-1,873,751,753,-1,873,753,871,-1,871,753,755,-1,871,755,869,-1,869,755,757,-1,869,757,867,-1,867,757,865,-1,803,806,801,-1,801,806,809,-1,801,809,799,-1,799,809,811,-1,799,811,797,-1,797,811,813,-1,797,813,795,-1,795,813,815,-1,795,815,793,-1,793,815,817,-1,793,817,791,-1,791,817,819,-1,791,819,789,-1,789,819,821,-1,789,821,787,-1,787,821,823,-1,787,823,785,-1,785,823,825,-1,785,825,783,-1,783,825,827,-1,783,827,781,-1,781,827,829,-1,781,829,779,-1,779,829,831,-1,779,831,833,-1,894,714,896,-1,896,714,712,-1,896,712,898,-1,898,712,710,-1,898,710,900,-1,776,774,836,-1,856,764,858,-1,858,764,762,-1,892,718,894,-1,894,718,716,-1,894,716,714,-1,886,884,732,-1,732,884,734,-1,734,884,882,-1,734,882,736,-1,856,854,764,-1,764,854,852,-1,764,852,766,-1,766,852,850,-1,766,850,768,-1,880,740,882,-1,882,740,738,-1,882,738,736,-1,770,842,772,-1,772,842,840,-1,772,840,774,-1,774,840,838,-1,774,838,836,-1,890,722,892,-1,892,722,720,-1,892,720,718,-1,850,848,768,-1,768,848,846,-1,768,846,770,-1,770,846,844,-1,770,844,842,-1,710,708,900,-1,900,708,706,-1,900,706,902,-1,902,706,704,-1,902,704,904,-1,904,704,702,-1,904,702,906,-1,906,702,700,-1,906,700,671,-1,671,700,698,-1,671,698,672,-1,672,698,696,-1,672,696,674,-1,674,696,694,-1,674,694,676,-1,732,730,886,-1,886,730,728,-1,886,728,888,-1,888,728,726,-1,888,726,890,-1,890,726,724,-1,890,724,722,-1,694,692,676,-1,676,692,690,-1,676,690,678,-1,678,690,688,-1,678,688,680,-1,680,688,687,-1,680,687,682,-1,682,687,684,-1,872,870,754,-1,754,870,868,-1,754,868,756,-1,756,868,866,-1,756,866,758,-1,758,866,864,-1,758,864,760,-1,760,864,862,-1,760,862,762,-1,762,862,860,-1,762,860,858,-1,836,834,776,-1,776,834,832,-1,776,832,778,-1,778,832,830,-1,778,830,780,-1,780,830,828,-1,780,828,782,-1,782,828,826,-1,782,826,784,-1,784,826,824,-1,784,824,786,-1,786,824,822,-1,786,822,788,-1,788,822,820,-1,788,820,790,-1,790,820,818,-1,790,818,792,-1,792,818,816,-1,792,816,794,-1,794,816,814,-1,794,814,796,-1,796,814,812,-1,796,812,798,-1,798,812,810,-1,798,810,800,-1,800,810,808,-1,800,808,802,-1,802,808,807,-1,802,807,804,-1,754,752,872,-1,872,752,750,-1,872,750,874,-1,874,750,748,-1,874,748,876,-1,876,748,746,-1,876,746,878,-1,878,746,744,-1,878,744,880,-1,880,744,742,-1,880,742,740,-1,908,909,910,-1,910,909,911,-1,912,908,913,-1,913,908,910,-1,912,913,914,-1,912,914,915,-1,915,914,916,-1,915,916,917,-1,918,917,919,-1,919,917,916,-1,920,918,921,-1,921,918,919,-1,922,920,923,-1,923,920,921,-1,924,922,925,-1,925,922,923,-1,926,924,927,-1,927,924,925,-1,928,926,929,-1,929,926,927,-1,928,929,930,-1,928,930,931,-1,931,930,932,-1,931,932,933,-1,933,932,934,-1,933,934,935,-1,935,934,936,-1,935,936,937,-1,937,936,938,-1,937,938,939,-1,939,938,940,-1,939,940,941,-1,941,940,942,-1,941,942,943,-1,943,942,944,-1,943,944,945,-1,945,944,946,-1,945,946,947,-1,947,946,948,-1,947,948,949,-1,950,949,951,-1,951,949,948,-1,950,951,952,-1,950,952,953,-1,953,952,954,-1,953,954,955,-1,955,954,956,-1,955,956,957,-1,957,956,958,-1,957,958,959,-1,959,958,960,-1,959,960,961,-1,961,960,962,-1,961,962,963,-1,963,962,964,-1,963,964,965,-1,965,964,966,-1,965,966,967,-1,967,966,968,-1,967,968,969,-1,969,968,970,-1,969,970,971,-1,971,970,972,-1,971,972,973,-1,973,972,974,-1,973,974,975,-1,975,974,976,-1,975,976,977,-1,977,976,978,-1,977,978,979,-1,909,979,911,-1,911,979,978,-1,915,917,979,-1,909,908,979,-1,979,908,912,-1,979,912,915,-1,922,924,920,-1,920,924,926,-1,920,926,918,-1,933,935,967,-1,967,935,965,-1,965,935,937,-1,965,937,963,-1,963,937,939,-1,963,939,961,-1,961,939,959,-1,959,939,941,-1,959,941,957,-1,957,941,943,-1,957,943,955,-1,967,969,933,-1,933,969,971,-1,933,971,931,-1,931,971,973,-1,931,973,928,-1,955,943,953,-1,953,943,945,-1,953,945,950,-1,950,945,947,-1,950,947,949,-1,973,975,928,-1,928,975,977,-1,928,977,926,-1,926,977,979,-1,926,979,918,-1,918,979,917,-1,940,938,960,-1,927,925,923,-1,910,911,913,-1,913,911,978,-1,960,938,962,-1,962,938,936,-1,962,936,964,-1,960,958,940,-1,940,958,956,-1,940,956,942,-1,942,956,954,-1,942,954,944,-1,944,954,952,-1,944,952,946,-1,946,952,951,-1,946,951,948,-1,964,936,966,-1,966,936,934,-1,966,934,968,-1,968,934,932,-1,968,932,970,-1,970,932,930,-1,970,930,972,-1,972,930,974,-1,974,930,929,-1,974,929,976,-1,919,916,978,-1,978,916,914,-1,978,914,913,-1,923,921,927,-1,927,921,919,-1,927,919,929,-1,929,919,978,-1,929,978,976,-1,980,981,982,-1,982,981,983,-1,984,980,985,-1,985,980,982,-1,986,984,987,-1,987,984,985,-1,988,986,989,-1,989,986,987,-1,990,988,991,-1,991,988,989,-1,992,990,993,-1,993,990,991,-1,994,992,995,-1,995,992,993,-1,996,994,997,-1,997,994,995,-1,998,996,999,-1,999,996,997,-1,1000,998,1001,-1,1001,998,999,-1,1002,1000,1003,-1,1003,1000,1001,-1,981,1002,983,-1,983,1002,1003,-1,1002,981,980,-1,980,984,1002,-1,1002,984,986,-1,1002,986,1000,-1,996,998,994,-1,994,998,1000,-1,994,1000,992,-1,992,1000,986,-1,992,986,990,-1,990,986,988,-1,999,997,1001,-1,1001,997,995,-1,991,989,993,-1,993,989,987,-1,982,983,985,-1,985,983,1003,-1,985,1003,987,-1,987,1003,1001,-1,987,1001,993,-1,993,1001,995,-1,1004,1005,1006,-1,1006,1005,1007,-1,1006,1007,1008,-1,1008,1007,1009,-1,1008,1009,1010,-1,1010,1009,1011,-1,1010,1011,1012,-1,1012,1011,1013,-1,1012,1013,1014,-1,1014,1013,1015,-1,1014,1015,1016,-1,1016,1015,1017,-1,1016,1017,1018,-1,1018,1017,1019,-1,1018,1019,1020,-1,1021,1022,1023,-1,1023,1022,1024,-1,1023,1024,1025,-1,1025,1024,1026,-1,1025,1026,1027,-1,1027,1026,1028,-1,1027,1028,1029,-1,1028,1030,1029,-1,1029,1030,1031,-1,1029,1031,1032,-1,1032,1031,1033,-1,1032,1033,1034,-1,1034,1033,1035,-1,1034,1035,1036,-1,1036,1035,1037,-1,1036,1037,1038,-1,1038,1037,1039,-1,1038,1039,1040,-1,1040,1039,1041,-1,1040,1041,1042,-1,1042,1041,1043,-1,1042,1043,1044,-1,1044,1043,1045,-1,1044,1045,1046,-1,1046,1045,1047,-1,1046,1047,1048,-1,1048,1047,1049,-1,1048,1049,1050,-1,1050,1049,1051,-1,1050,1051,1052,-1,1052,1051,1053,-1,1052,1053,1054,-1,1054,1053,1055,-1,1054,1055,1056,-1,1056,1055,1057,-1,1056,1057,1058,-1,1058,1057,1059,-1,1058,1059,1060,-1,1060,1059,1061,-1,1060,1061,1062,-1,1062,1061,1063,-1,1062,1063,1004,-1,1004,1063,1064,-1,1004,1064,1005,-1,1019,1065,1020,-1,1020,1065,1066,-1,1020,1066,1067,-1,1067,1066,1068,-1,1067,1068,1069,-1,1069,1068,1070,-1,1069,1070,1071,-1,1071,1070,1072,-1,1071,1072,1073,-1,1073,1072,1074,-1,1073,1074,1075,-1,1075,1074,1076,-1,1075,1076,1021,-1,1021,1076,1077,-1,1021,1077,1022,-1,1078,1079,1080,-1,1080,1079,1081,-1,1080,1081,1082,-1,1082,1081,1083,-1,1082,1083,1084,-1,1084,1083,1085,-1,1084,1085,1086,-1,1086,1085,1087,-1,1086,1087,1088,-1,1088,1087,1089,-1,1088,1089,1090,-1,1091,1092,1093,-1,1093,1092,1094,-1,1093,1094,1095,-1,1095,1094,1096,-1,1095,1096,1097,-1,1097,1096,1098,-1,1097,1098,1099,-1,1099,1098,1100,-1,1099,1100,1101,-1,1101,1100,1102,-1,1101,1102,1103,-1,1103,1102,1104,-1,1103,1104,1105,-1,1105,1104,1106,-1,1105,1106,1107,-1,1107,1106,1108,-1,1107,1108,1109,-1,1109,1108,1110,-1,1109,1110,1111,-1,1111,1110,1112,-1,1111,1112,1113,-1,1113,1112,1114,-1,1113,1114,1115,-1,1115,1114,1116,-1,1115,1116,1117,-1,1117,1116,1118,-1,1117,1118,1119,-1,1119,1118,1120,-1,1119,1120,1078,-1,1078,1120,1121,-1,1078,1121,1079,-1,1122,1123,1124,-1,1124,1123,1125,-1,1124,1125,1126,-1,1126,1125,1127,-1,1126,1127,1128,-1,1128,1127,1129,-1,1128,1129,1130,-1,1130,1129,1131,-1,1130,1131,1132,-1,1132,1131,1133,-1,1132,1133,1134,-1,1134,1133,1135,-1,1134,1135,1136,-1,1136,1135,1137,-1,1136,1137,1091,-1,1091,1137,1138,-1,1091,1138,1092,-1,1089,1139,1090,-1,1090,1139,1140,-1,1090,1140,1141,-1,1141,1140,1142,-1,1141,1142,1143,-1,1143,1142,1144,-1,1143,1144,1145,-1,1145,1144,1146,-1,1145,1146,1147,-1,1147,1146,1148,-1,1147,1148,1149,-1,1149,1148,1150,-1,1149,1150,1122,-1,1122,1150,1151,-1,1122,1151,1123,-1,1057,1055,1102,-1,1102,1055,1104,-1,1057,1102,1100,-1,1057,1100,1059,-1,1059,1100,1098,-1,1059,1098,1061,-1,1061,1098,1096,-1,1061,1096,1063,-1,1063,1096,1094,-1,1063,1094,1064,-1,1064,1094,1092,-1,1064,1092,1005,-1,1005,1092,1138,-1,1005,1138,1007,-1,1007,1138,1137,-1,1007,1137,1009,-1,1009,1137,1135,-1,1009,1135,1011,-1,1011,1135,1133,-1,1011,1133,1013,-1,1013,1133,1131,-1,1013,1131,1015,-1,1015,1131,1129,-1,1015,1129,1017,-1,1017,1129,1127,-1,1017,1127,1019,-1,1019,1127,1125,-1,1019,1125,1065,-1,1065,1125,1123,-1,1065,1123,1066,-1,1066,1123,1151,-1,1066,1151,1068,-1,1068,1151,1150,-1,1068,1150,1070,-1,1070,1150,1148,-1,1070,1148,1072,-1,1072,1148,1146,-1,1072,1146,1074,-1,1074,1146,1144,-1,1074,1144,1076,-1,1076,1144,1142,-1,1076,1142,1077,-1,1077,1142,1140,-1,1077,1140,1022,-1,1022,1140,1139,-1,1022,1139,1024,-1,1024,1139,1089,-1,1024,1089,1026,-1,1026,1089,1087,-1,1026,1087,1028,-1,1028,1087,1085,-1,1028,1085,1030,-1,1030,1085,1083,-1,1030,1083,1031,-1,1031,1083,1081,-1,1031,1081,1033,-1,1033,1081,1079,-1,1033,1079,1035,-1,1035,1079,1121,-1,1035,1121,1037,-1,1037,1121,1120,-1,1037,1120,1039,-1,1039,1120,1118,-1,1039,1118,1041,-1,1041,1118,1116,-1,1041,1116,1043,-1,1043,1116,1114,-1,1043,1114,1045,-1,1045,1114,1112,-1,1045,1112,1047,-1,1047,1112,1110,-1,1047,1110,1049,-1,1049,1110,1108,-1,1049,1108,1051,-1,1053,1051,1106,-1,1106,1051,1108,-1,1055,1053,1104,-1,1104,1053,1106,-1,1050,1052,1107,-1,1107,1052,1105,-1,1052,1054,1105,-1,1105,1054,1103,-1,1054,1056,1103,-1,1103,1056,1101,-1,1012,1132,1134,-1,1012,1134,1010,-1,1010,1134,1136,-1,1010,1136,1008,-1,1008,1136,1091,-1,1008,1091,1006,-1,1006,1091,1093,-1,1006,1093,1004,-1,1004,1093,1095,-1,1004,1095,1062,-1,1062,1095,1097,-1,1062,1097,1060,-1,1060,1097,1099,-1,1060,1099,1058,-1,1058,1099,1101,-1,1058,1101,1056,-1,1073,1145,1147,-1,1073,1147,1071,-1,1071,1147,1149,-1,1071,1149,1069,-1,1069,1149,1122,-1,1069,1122,1067,-1,1067,1122,1124,-1,1067,1124,1020,-1,1020,1124,1126,-1,1020,1126,1018,-1,1018,1126,1128,-1,1018,1128,1016,-1,1016,1128,1130,-1,1016,1130,1014,-1,1014,1130,1132,-1,1014,1132,1012,-1,1034,1080,1082,-1,1034,1082,1032,-1,1032,1082,1084,-1,1032,1084,1029,-1,1029,1084,1086,-1,1029,1086,1027,-1,1027,1086,1088,-1,1027,1088,1025,-1,1025,1088,1090,-1,1025,1090,1023,-1,1023,1090,1141,-1,1023,1141,1021,-1,1021,1141,1143,-1,1021,1143,1075,-1,1075,1143,1145,-1,1075,1145,1073,-1,1050,1107,1109,-1,1050,1109,1048,-1,1048,1109,1111,-1,1048,1111,1046,-1,1046,1111,1113,-1,1046,1113,1044,-1,1044,1113,1115,-1,1044,1115,1042,-1,1042,1115,1117,-1,1042,1117,1040,-1,1040,1117,1119,-1,1040,1119,1038,-1,1038,1119,1078,-1,1038,1078,1036,-1,1036,1078,1080,-1,1036,1080,1034,-1,1152,1153,1154,-1,1154,1153,1155,-1,1156,1157,1152,-1,1152,1157,1158,-1,1152,1158,1153,-1,1153,1158,1159,-1,1156,1160,1157,-1,1157,1160,1161,-1,1157,1161,1162,-1,1162,1161,1163,-1,1162,1163,1164,-1,1164,1165,1162,-1,1162,1165,1154,-1,1162,1154,1166,-1,1166,1154,1155,-1,1166,1155,1167,-1,1168,1169,1170,-1,1169,1171,1170,-1,1170,1171,1172,-1,1170,1172,1173,-1,1173,1172,1174,-1,1173,1174,1175,-1,1175,1176,1173,-1,1173,1176,1177,-1,1173,1177,1178,-1,1179,1180,1181,-1,1182,1178,1183,-1,1183,1178,1177,-1,1183,1177,1181,-1,1181,1177,1168,-1,1181,1168,1179,-1,1179,1168,1170,-1,1162,1166,1170,-1,1170,1166,1179,-1,1157,1162,1173,-1,1173,1162,1170,-1,1158,1157,1178,-1,1178,1157,1173,-1,1159,1158,1182,-1,1182,1158,1178,-1,1153,1159,1183,-1,1183,1159,1182,-1,1155,1153,1181,-1,1181,1153,1183,-1,1167,1155,1180,-1,1180,1155,1181,-1,1166,1167,1179,-1,1179,1167,1180,-1,1152,1154,1177,-1,1177,1154,1168,-1,1154,1165,1168,-1,1168,1165,1169,-1,1163,1172,1171,-1,1163,1171,1164,-1,1164,1171,1169,-1,1164,1169,1165,-1,1163,1161,1172,-1,1172,1161,1174,-1,1156,1176,1175,-1,1156,1175,1160,-1,1160,1175,1174,-1,1160,1174,1161,-1,1156,1152,1176,-1,1176,1152,1177,-1,1184,1185,1186,-1,1187,1188,1189,-1,1190,1191,1192,-1,1193,1194,1195,-1,1195,1194,1196,-1,1197,1198,1199,-1,1200,1201,1202,-1,1202,1201,1203,-1,1202,1203,1204,-1,1205,1206,1207,-1,1207,1206,1186,-1,1207,1186,1208,-1,1209,1210,1211,-1,1212,1213,1186,-1,1186,1213,1214,-1,1186,1214,1184,-1,1215,1216,1193,-1,1193,1216,1217,-1,1193,1217,1194,-1,1218,1219,1220,-1,1220,1219,1190,-1,1221,1222,1223,-1,1224,1225,1226,-1,1190,1192,1220,-1,1220,1192,1227,-1,1220,1227,1193,-1,1193,1227,1228,-1,1193,1228,1215,-1,1229,1230,1196,-1,1196,1230,1231,-1,1196,1231,1195,-1,1232,1185,1233,-1,1233,1185,1234,-1,1233,1234,1235,-1,1236,1237,1238,-1,1238,1237,1239,-1,1238,1239,1205,-1,1205,1239,1240,-1,1205,1240,1206,-1,1223,1241,1221,-1,1221,1241,1242,-1,1221,1242,1236,-1,1236,1242,1243,-1,1236,1243,1237,-1,1211,1210,1244,-1,1244,1210,1245,-1,1244,1245,1246,-1,1246,1245,1247,-1,1246,1247,1248,-1,1199,1198,1249,-1,1249,1198,1250,-1,1249,1250,1251,-1,1252,1253,1186,-1,1186,1253,1254,-1,1186,1254,1212,-1,1224,1226,1255,-1,1255,1226,1256,-1,1255,1256,1257,-1,1257,1256,1258,-1,1257,1258,1259,-1,1191,1190,1221,-1,1221,1190,1260,-1,1221,1260,1261,-1,1261,1262,1221,-1,1221,1262,1263,-1,1221,1263,1222,-1,1264,1265,1266,-1,1266,1265,1267,-1,1266,1267,1268,-1,1268,1267,1269,-1,1268,1269,1270,-1,1270,1269,1271,-1,1270,1271,1272,-1,1273,1274,1275,-1,1275,1274,1276,-1,1275,1276,1252,-1,1252,1276,1277,-1,1252,1277,1253,-1,1225,1224,1278,-1,1278,1224,1279,-1,1278,1279,1280,-1,1280,1279,1281,-1,1280,1281,1282,-1,1282,1281,1283,-1,1282,1283,1189,-1,1189,1283,1284,-1,1189,1284,1187,-1,1232,1285,1185,-1,1185,1285,1286,-1,1185,1286,1186,-1,1186,1286,1287,-1,1186,1287,1208,-1,1211,1288,1209,-1,1209,1288,1289,-1,1209,1289,1290,-1,1290,1289,1291,-1,1290,1291,1292,-1,1292,1291,1293,-1,1292,1293,1294,-1,1294,1293,1295,-1,1294,1295,1296,-1,1199,1297,1197,-1,1197,1297,1298,-1,1197,1298,1299,-1,1299,1298,1300,-1,1299,1300,1301,-1,1301,1300,1302,-1,1301,1302,1303,-1,1303,1302,1189,-1,1303,1189,1304,-1,1304,1189,1188,-1,1202,1305,1200,-1,1200,1305,1306,-1,1200,1306,1307,-1,1307,1306,1308,-1,1307,1308,1309,-1,1310,1311,1312,-1,1312,1311,1313,-1,1312,1313,1314,-1,1314,1313,1315,-1,1314,1315,1273,-1,1273,1315,1316,-1,1273,1316,1274,-1,1317,1318,1319,-1,1319,1318,1320,-1,1319,1320,1229,-1,1229,1320,1321,-1,1229,1321,1230,-1,1234,1322,1235,-1,1235,1322,1323,-1,1235,1323,1324,-1,1324,1323,1325,-1,1324,1325,1326,-1,1327,1328,1329,-1,1329,1328,1330,-1,1329,1330,1331,-1,1331,1330,1332,-1,1331,1332,1264,-1,1264,1332,1333,-1,1264,1333,1265,-1,1295,1334,1296,-1,1296,1334,1335,-1,1296,1335,1336,-1,1336,1335,1337,-1,1336,1337,1327,-1,1327,1337,1338,-1,1327,1338,1328,-1,1325,1339,1326,-1,1326,1339,1340,-1,1326,1340,1317,-1,1317,1340,1341,-1,1317,1341,1318,-1,1342,1343,1344,-1,1345,1346,1347,-1,1347,1346,1348,-1,1349,1350,1351,-1,1351,1350,1352,-1,1351,1352,1353,-1,1353,1352,1354,-1,1353,1354,1355,-1,1355,1354,1356,-1,1355,1356,1357,-1,1357,1356,1358,-1,1357,1358,1310,-1,1310,1358,1359,-1,1310,1359,1311,-1,1204,1360,1202,-1,1202,1360,1361,-1,1202,1361,1362,-1,1362,1361,1363,-1,1362,1363,1364,-1,1364,1363,1272,-1,1364,1272,1365,-1,1365,1272,1271,-1,1366,1367,1342,-1,1342,1367,1368,-1,1342,1368,1343,-1,1247,1369,1248,-1,1248,1369,1342,-1,1248,1342,1370,-1,1370,1342,1344,-1,1251,1250,1371,-1,1371,1250,1372,-1,1371,1372,1345,-1,1345,1372,1373,-1,1345,1373,1346,-1,1374,1375,1376,-1,1375,1377,1376,-1,1376,1377,1378,-1,1376,1378,1379,-1,1258,1380,1259,-1,1259,1380,1381,-1,1259,1381,1382,-1,1382,1381,1383,-1,1382,1383,1349,-1,1349,1383,1384,-1,1349,1384,1350,-1,1366,1342,1376,-1,1376,1342,1385,-1,1376,1385,1374,-1,1308,1386,1309,-1,1309,1386,1387,-1,1309,1387,1388,-1,1388,1387,1389,-1,1388,1389,1390,-1,1390,1389,1391,-1,1390,1391,1392,-1,1392,1391,1393,-1,1392,1393,1394,-1,1394,1393,1395,-1,1394,1395,1348,-1,1348,1395,1396,-1,1348,1396,1347,-1,1397,1398,1399,-1,1399,1398,1400,-1,1399,1400,1401,-1,1402,1403,1404,-1,1405,1406,1407,-1,1407,1406,1408,-1,1407,1408,1409,-1,1400,1410,1401,-1,1401,1410,1411,-1,1401,1411,1412,-1,1412,1411,1413,-1,1414,1415,1407,-1,1407,1415,1402,-1,1407,1402,1405,-1,1416,1417,1418,-1,1419,1420,1421,-1,1421,1420,1422,-1,1421,1422,1423,-1,1424,1425,1426,-1,1427,1428,1401,-1,1401,1428,1429,-1,1401,1429,1399,-1,1399,1429,1430,-1,1431,1432,1433,-1,1433,1432,1434,-1,1435,1436,1437,-1,1437,1436,1438,-1,1437,1438,1439,-1,1439,1438,1440,-1,1439,1440,1441,-1,1407,1442,1414,-1,1414,1442,1443,-1,1414,1443,1444,-1,1444,1443,1445,-1,1444,1445,1446,-1,1446,1445,1447,-1,1446,1447,1448,-1,1404,1449,1402,-1,1402,1449,1450,-1,1402,1450,1405,-1,1451,1452,1453,-1,1453,1452,1454,-1,1453,1454,1455,-1,1455,1454,1456,-1,1455,1456,1457,-1,1418,1417,1458,-1,1458,1417,1459,-1,1458,1459,1460,-1,1461,1462,1456,-1,1463,1464,1411,-1,1411,1464,1465,-1,1411,1465,1413,-1,1434,1466,1433,-1,1433,1466,1467,-1,1433,1467,1468,-1,1468,1467,1441,-1,1468,1441,1469,-1,1469,1441,1440,-1,1460,1459,1470,-1,1470,1459,1471,-1,1470,1471,1433,-1,1433,1471,1472,-1,1433,1472,1431,-1,1473,1474,1475,-1,1475,1474,1476,-1,1475,1476,1477,-1,1477,1476,1478,-1,1477,1478,1479,-1,1479,1478,1480,-1,1479,1480,1481,-1,1482,1483,1484,-1,1484,1483,1485,-1,1484,1485,1486,-1,1486,1485,1487,-1,1486,1487,1488,-1,1462,1489,1456,-1,1456,1489,1490,-1,1456,1490,1457,-1,1422,1491,1423,-1,1423,1491,1492,-1,1423,1492,1493,-1,1493,1492,1494,-1,1493,1494,1408,-1,1408,1494,1495,-1,1408,1495,1409,-1,1426,1425,1496,-1,1496,1425,1497,-1,1496,1497,1401,-1,1401,1497,1498,-1,1401,1498,1427,-1,1499,1500,1501,-1,1501,1500,1502,-1,1501,1502,1503,-1,1426,1504,1424,-1,1424,1504,1505,-1,1424,1505,1506,-1,1506,1505,1507,-1,1506,1507,1419,-1,1419,1507,1508,-1,1419,1508,1420,-1,1502,1509,1503,-1,1503,1509,1510,-1,1503,1510,1511,-1,1511,1510,1512,-1,1511,1512,1513,-1,1513,1512,1399,-1,1513,1399,1514,-1,1514,1399,1430,-1,1499,1515,1516,-1,1517,1518,1519,-1,1519,1518,1520,-1,1519,1520,1521,-1,1447,1522,1448,-1,1448,1522,1523,-1,1448,1523,1524,-1,1524,1523,1525,-1,1524,1525,1526,-1,1526,1525,1527,-1,1526,1527,1528,-1,1528,1527,1529,-1,1528,1529,1530,-1,1530,1529,1531,-1,1530,1531,1517,-1,1517,1531,1532,-1,1517,1532,1518,-1,1533,1534,1535,-1,1535,1534,1536,-1,1487,1537,1488,-1,1488,1537,1538,-1,1488,1538,1539,-1,1539,1538,1540,-1,1539,1540,1473,-1,1473,1540,1541,-1,1473,1541,1474,-1,1456,1542,1461,-1,1461,1542,1543,-1,1461,1543,1544,-1,1544,1543,1545,-1,1544,1545,1546,-1,1546,1545,1547,-1,1546,1547,1548,-1,1548,1547,1549,-1,1548,1549,1482,-1,1482,1549,1550,-1,1482,1550,1483,-1,1551,1552,1499,-1,1499,1552,1553,-1,1499,1553,1515,-1,1516,1554,1499,-1,1499,1554,1555,-1,1499,1555,1500,-1,1520,1556,1521,-1,1521,1556,1557,-1,1521,1557,1558,-1,1558,1557,1559,-1,1558,1559,1560,-1,1560,1559,1561,-1,1560,1561,1435,-1,1435,1561,1562,-1,1435,1562,1436,-1,1480,1563,1481,-1,1481,1563,1564,-1,1481,1564,1565,-1,1565,1564,1566,-1,1565,1566,1567,-1,1567,1566,1568,-1,1567,1568,1569,-1,1569,1568,1570,-1,1569,1570,1571,-1,1571,1570,1572,-1,1571,1572,1573,-1,1573,1572,1574,-1,1573,1574,1535,-1,1535,1574,1575,-1,1535,1575,1533,-1,1536,1576,1535,-1,1535,1576,1577,-1,1535,1577,1578,-1,1403,1402,1499,-1,1499,1402,1579,-1,1499,1579,1551,-1,1580,1581,1578,-1,1578,1581,1582,-1,1578,1582,1583,-1,1584,1585,1586,-1,1586,1585,1587,-1,1586,1587,1451,-1,1451,1587,1588,-1,1451,1588,1452,-1,1418,1589,1416,-1,1416,1589,1590,-1,1416,1590,1591,-1,1591,1590,1592,-1,1591,1592,1593,-1,1593,1592,1594,-1,1593,1594,1595,-1,1595,1594,1596,-1,1595,1596,1597,-1,1597,1596,1598,-1,1597,1598,1599,-1,1599,1598,1600,-1,1599,1600,1601,-1,1601,1600,1602,-1,1601,1602,1603,-1,1603,1602,1604,-1,1603,1604,1605,-1,1605,1604,1606,-1,1605,1606,1584,-1,1584,1606,1607,-1,1584,1607,1585,-1,1583,1608,1578,-1,1578,1608,1609,-1,1578,1609,1535,-1,1330,1537,1487,-1,1330,1487,1332,-1,1332,1487,1485,-1,1332,1485,1333,-1,1333,1485,1483,-1,1333,1483,1265,-1,1265,1483,1550,-1,1265,1550,1267,-1,1267,1550,1549,-1,1267,1549,1269,-1,1269,1549,1547,-1,1269,1547,1271,-1,1271,1547,1545,-1,1271,1545,1365,-1,1365,1545,1543,-1,1365,1543,1364,-1,1364,1543,1542,-1,1364,1542,1362,-1,1362,1542,1456,-1,1362,1456,1202,-1,1202,1456,1454,-1,1202,1454,1305,-1,1305,1454,1452,-1,1305,1452,1306,-1,1306,1452,1588,-1,1306,1588,1308,-1,1308,1588,1587,-1,1308,1587,1386,-1,1386,1587,1585,-1,1386,1585,1387,-1,1387,1585,1607,-1,1387,1607,1389,-1,1389,1607,1606,-1,1389,1606,1391,-1,1391,1606,1604,-1,1391,1604,1393,-1,1393,1604,1602,-1,1393,1602,1395,-1,1395,1602,1600,-1,1395,1600,1396,-1,1396,1600,1598,-1,1396,1598,1347,-1,1347,1598,1596,-1,1347,1596,1345,-1,1345,1596,1594,-1,1345,1594,1371,-1,1371,1594,1592,-1,1371,1592,1251,-1,1251,1592,1590,-1,1251,1590,1249,-1,1249,1590,1589,-1,1249,1589,1199,-1,1199,1589,1418,-1,1199,1418,1297,-1,1297,1418,1458,-1,1297,1458,1298,-1,1298,1458,1460,-1,1298,1460,1300,-1,1300,1460,1470,-1,1300,1470,1302,-1,1302,1470,1433,-1,1302,1433,1189,-1,1189,1433,1468,-1,1189,1468,1282,-1,1282,1468,1469,-1,1282,1469,1280,-1,1280,1469,1440,-1,1280,1440,1278,-1,1278,1440,1438,-1,1278,1438,1225,-1,1225,1438,1436,-1,1225,1436,1226,-1,1226,1436,1562,-1,1226,1562,1256,-1,1256,1562,1561,-1,1256,1561,1258,-1,1258,1561,1559,-1,1258,1559,1380,-1,1380,1559,1557,-1,1380,1557,1381,-1,1381,1557,1556,-1,1381,1556,1383,-1,1383,1556,1520,-1,1383,1520,1384,-1,1384,1520,1518,-1,1384,1518,1350,-1,1350,1518,1532,-1,1350,1532,1352,-1,1352,1532,1531,-1,1352,1531,1354,-1,1354,1531,1529,-1,1354,1529,1356,-1,1356,1529,1527,-1,1356,1527,1358,-1,1358,1527,1525,-1,1358,1525,1359,-1,1359,1525,1523,-1,1359,1523,1311,-1,1311,1523,1522,-1,1311,1522,1313,-1,1313,1522,1447,-1,1313,1447,1315,-1,1315,1447,1445,-1,1315,1445,1316,-1,1316,1445,1443,-1,1316,1443,1274,-1,1274,1443,1442,-1,1274,1442,1276,-1,1276,1442,1407,-1,1276,1407,1277,-1,1277,1407,1409,-1,1277,1409,1253,-1,1253,1409,1495,-1,1253,1495,1254,-1,1254,1495,1494,-1,1254,1494,1212,-1,1212,1494,1492,-1,1212,1492,1213,-1,1213,1492,1491,-1,1213,1491,1214,-1,1214,1491,1422,-1,1214,1422,1184,-1,1184,1422,1420,-1,1184,1420,1185,-1,1185,1420,1508,-1,1185,1508,1234,-1,1234,1508,1507,-1,1234,1507,1322,-1,1322,1507,1505,-1,1322,1505,1323,-1,1323,1505,1504,-1,1323,1504,1325,-1,1325,1504,1426,-1,1325,1426,1339,-1,1339,1426,1496,-1,1339,1496,1340,-1,1340,1496,1401,-1,1340,1401,1341,-1,1341,1401,1412,-1,1341,1412,1318,-1,1318,1412,1413,-1,1318,1413,1320,-1,1320,1413,1465,-1,1320,1465,1321,-1,1321,1465,1464,-1,1321,1464,1230,-1,1230,1464,1463,-1,1230,1463,1231,-1,1231,1463,1411,-1,1231,1411,1195,-1,1195,1411,1410,-1,1195,1410,1193,-1,1220,1193,1400,-1,1400,1193,1410,-1,1218,1220,1398,-1,1398,1220,1400,-1,1219,1218,1397,-1,1397,1218,1398,-1,1190,1219,1399,-1,1399,1219,1397,-1,1190,1399,1512,-1,1190,1512,1260,-1,1260,1512,1510,-1,1260,1510,1261,-1,1261,1510,1509,-1,1261,1509,1262,-1,1262,1509,1502,-1,1262,1502,1263,-1,1263,1502,1500,-1,1263,1500,1222,-1,1222,1500,1555,-1,1222,1555,1223,-1,1223,1555,1554,-1,1223,1554,1241,-1,1241,1554,1516,-1,1241,1516,1242,-1,1242,1516,1515,-1,1242,1515,1243,-1,1243,1515,1553,-1,1243,1553,1237,-1,1237,1553,1552,-1,1237,1552,1239,-1,1239,1552,1551,-1,1239,1551,1240,-1,1240,1551,1579,-1,1240,1579,1206,-1,1206,1579,1402,-1,1206,1402,1186,-1,1186,1402,1415,-1,1186,1415,1252,-1,1252,1415,1414,-1,1252,1414,1275,-1,1275,1414,1444,-1,1275,1444,1273,-1,1273,1444,1446,-1,1273,1446,1314,-1,1314,1446,1448,-1,1314,1448,1312,-1,1312,1448,1524,-1,1312,1524,1310,-1,1310,1524,1526,-1,1310,1526,1357,-1,1357,1526,1528,-1,1357,1528,1355,-1,1355,1528,1530,-1,1355,1530,1353,-1,1353,1530,1517,-1,1353,1517,1351,-1,1351,1517,1519,-1,1351,1519,1349,-1,1349,1519,1521,-1,1349,1521,1382,-1,1382,1521,1558,-1,1382,1558,1259,-1,1259,1558,1560,-1,1259,1560,1257,-1,1257,1560,1435,-1,1257,1435,1255,-1,1255,1435,1437,-1,1255,1437,1224,-1,1224,1437,1439,-1,1224,1439,1279,-1,1279,1439,1441,-1,1279,1441,1281,-1,1281,1441,1467,-1,1281,1467,1283,-1,1283,1467,1466,-1,1283,1466,1284,-1,1284,1466,1434,-1,1284,1434,1187,-1,1187,1434,1432,-1,1187,1432,1188,-1,1188,1432,1431,-1,1188,1431,1304,-1,1304,1431,1472,-1,1304,1472,1303,-1,1303,1472,1471,-1,1303,1471,1301,-1,1301,1471,1459,-1,1301,1459,1299,-1,1299,1459,1417,-1,1299,1417,1197,-1,1197,1417,1416,-1,1197,1416,1198,-1,1198,1416,1591,-1,1198,1591,1250,-1,1250,1591,1593,-1,1250,1593,1372,-1,1372,1593,1595,-1,1372,1595,1373,-1,1373,1595,1597,-1,1373,1597,1346,-1,1346,1597,1599,-1,1346,1599,1348,-1,1348,1599,1601,-1,1348,1601,1394,-1,1394,1601,1603,-1,1394,1603,1392,-1,1392,1603,1605,-1,1392,1605,1390,-1,1390,1605,1584,-1,1390,1584,1388,-1,1388,1584,1586,-1,1388,1586,1309,-1,1309,1586,1451,-1,1309,1451,1307,-1,1307,1451,1453,-1,1307,1453,1200,-1,1200,1453,1455,-1,1200,1455,1201,-1,1201,1455,1457,-1,1201,1457,1203,-1,1203,1457,1490,-1,1203,1490,1204,-1,1360,1204,1489,-1,1489,1204,1490,-1,1360,1489,1462,-1,1360,1462,1361,-1,1361,1462,1461,-1,1361,1461,1363,-1,1363,1461,1544,-1,1363,1544,1272,-1,1272,1544,1546,-1,1272,1546,1270,-1,1270,1546,1548,-1,1270,1548,1268,-1,1268,1548,1482,-1,1268,1482,1266,-1,1266,1482,1484,-1,1266,1484,1264,-1,1264,1484,1486,-1,1264,1486,1331,-1,1331,1486,1488,-1,1331,1488,1329,-1,1329,1488,1539,-1,1329,1539,1327,-1,1327,1539,1473,-1,1327,1473,1336,-1,1336,1473,1475,-1,1336,1475,1296,-1,1296,1475,1477,-1,1296,1477,1294,-1,1294,1477,1479,-1,1294,1479,1292,-1,1292,1479,1481,-1,1292,1481,1290,-1,1290,1481,1565,-1,1290,1565,1209,-1,1209,1565,1567,-1,1209,1567,1210,-1,1210,1567,1569,-1,1210,1569,1245,-1,1247,1245,1571,-1,1571,1245,1569,-1,1247,1571,1573,-1,1247,1573,1369,-1,1369,1573,1535,-1,1369,1535,1342,-1,1342,1535,1609,-1,1342,1609,1385,-1,1385,1609,1608,-1,1385,1608,1374,-1,1374,1608,1583,-1,1374,1583,1375,-1,1375,1583,1582,-1,1375,1582,1377,-1,1377,1582,1581,-1,1377,1581,1378,-1,1378,1581,1580,-1,1378,1580,1379,-1,1379,1580,1578,-1,1379,1578,1376,-1,1376,1578,1577,-1,1376,1577,1366,-1,1366,1577,1576,-1,1366,1576,1367,-1,1367,1576,1536,-1,1367,1536,1368,-1,1368,1536,1534,-1,1368,1534,1343,-1,1343,1534,1533,-1,1343,1533,1344,-1,1344,1533,1575,-1,1344,1575,1370,-1,1370,1575,1574,-1,1370,1574,1248,-1,1248,1574,1572,-1,1248,1572,1246,-1,1244,1246,1570,-1,1570,1246,1572,-1,1244,1570,1568,-1,1244,1568,1211,-1,1211,1568,1566,-1,1211,1566,1288,-1,1288,1566,1564,-1,1288,1564,1289,-1,1289,1564,1563,-1,1289,1563,1291,-1,1291,1563,1480,-1,1291,1480,1293,-1,1293,1480,1478,-1,1293,1478,1295,-1,1295,1478,1476,-1,1295,1476,1334,-1,1334,1476,1474,-1,1334,1474,1335,-1,1335,1474,1541,-1,1335,1541,1337,-1,1337,1541,1540,-1,1337,1540,1338,-1,1338,1540,1538,-1,1338,1538,1328,-1,1328,1538,1537,-1,1328,1537,1330,-1,1191,1499,1501,-1,1191,1501,1192,-1,1192,1501,1503,-1,1192,1503,1227,-1,1227,1503,1511,-1,1227,1511,1228,-1,1228,1511,1513,-1,1228,1513,1215,-1,1215,1513,1514,-1,1215,1514,1216,-1,1216,1514,1430,-1,1216,1430,1217,-1,1217,1430,1429,-1,1217,1429,1194,-1,1194,1429,1428,-1,1194,1428,1196,-1,1196,1428,1427,-1,1196,1427,1229,-1,1229,1427,1498,-1,1229,1498,1319,-1,1319,1498,1497,-1,1319,1497,1317,-1,1317,1497,1425,-1,1317,1425,1326,-1,1326,1425,1424,-1,1326,1424,1324,-1,1324,1424,1506,-1,1324,1506,1235,-1,1235,1506,1419,-1,1235,1419,1233,-1,1233,1419,1421,-1,1233,1421,1232,-1,1232,1421,1423,-1,1232,1423,1285,-1,1285,1423,1493,-1,1285,1493,1286,-1,1286,1493,1408,-1,1286,1408,1287,-1,1287,1408,1406,-1,1287,1406,1208,-1,1208,1406,1405,-1,1208,1405,1207,-1,1207,1405,1450,-1,1207,1450,1205,-1,1205,1450,1449,-1,1205,1449,1238,-1,1238,1449,1404,-1,1238,1404,1236,-1,1236,1404,1403,-1,1236,1403,1221,-1,1221,1403,1499,-1,1221,1499,1191,-1,
        ]
    }
}